periodo,metrica_id,dimension,agregacion,valor,unidad,var_pct_interanual,fuente_doc,pagina,extraido_el
2025-01,aprovisionamiento_gn,Argelia,acumulado_anual,10119.0,GWh,,boletin,9,2026-08-07
2025-01,aprovisionamiento_gn,Argelia,mes,10119.0,GWh,,boletin,9,2026-08-07
2025-01,aprovisionamiento_gn,Argelia,tam,107028.0,GWh,,boletin,9,2026-08-07
2025-01,aprovisionamiento_gn,Biometano nacional,acumulado_anual,27.0,GWh,,boletin,9,2026-08-07
2025-01,aprovisionamiento_gn,Biometano nacional,mes,27.0,GWh,,boletin,9,2026-08-07
2025-01,aprovisionamiento_gn,Biometano nacional,tam,173.0,GWh,,boletin,9,2026-08-07
2025-01,aprovisionamiento_gn,Francia,acumulado_anual,711.0,GWh,,boletin,9,2026-08-07
2025-01,aprovisionamiento_gn,Francia,mes,711.0,GWh,,boletin,9,2026-08-07
2025-01,aprovisionamiento_gn,Francia,tam,15196.0,GWh,,boletin,9,2026-08-07
2025-01,aprovisionamiento_gn,Portugal,acumulado_anual,691.0,GWh,,boletin,9,2026-08-07
2025-01,aprovisionamiento_gn,Portugal,mes,691.0,GWh,,boletin,9,2026-08-07
2025-01,aprovisionamiento_gn,Portugal,tam,12420.0,GWh,,boletin,9,2026-08-07
2025-01,aprovisionamiento_gn,Yacimientos nacionales,acumulado_anual,113.0,GWh,,boletin,9,2026-08-07
2025-01,aprovisionamiento_gn,Yacimientos nacionales,mes,113.0,GWh,,boletin,9,2026-08-07
2025-01,aprovisionamiento_gn,Yacimientos nacionales,tam,333.0,GWh,,boletin,9,2026-08-07
2025-01,aprovisionamiento_gnl,Angola,acumulado_anual,1025.0,GWh,,boletin,9,2026-08-07
2025-01,aprovisionamiento_gnl,Angola,mes,1025.0,GWh,,boletin,9,2026-08-07
2025-01,aprovisionamiento_gnl,Angola,tam,3079.0,GWh,,boletin,9,2026-08-07
2025-01,aprovisionamiento_gnl,Argelia,acumulado_anual,,GWh,,boletin,9,2026-08-07
2025-01,aprovisionamiento_gnl,Argelia,mes,,GWh,,boletin,9,2026-08-07
2025-01,aprovisionamiento_gnl,Argelia,tam,24324.0,GWh,,boletin,9,2026-08-07
2025-01,aprovisionamiento_gnl,Bélgica,acumulado_anual,0.0,GWh,,boletin,9,2026-08-07
2025-01,aprovisionamiento_gnl,Bélgica,mes,0.0,GWh,,boletin,9,2026-08-07
2025-01,aprovisionamiento_gnl,Bélgica,tam,2128.0,GWh,,boletin,9,2026-08-07
2025-01,aprovisionamiento_gnl,Camerún,acumulado_anual,979.0,GWh,,boletin,9,2026-08-07
2025-01,aprovisionamiento_gnl,Camerún,mes,979.0,GWh,,boletin,9,2026-08-07
2025-01,aprovisionamiento_gnl,Camerún,tam,979.0,GWh,,boletin,9,2026-08-07
2025-01,aprovisionamiento_gnl,Congo,acumulado_anual,0.0,GWh,,boletin,9,2026-08-07
2025-01,aprovisionamiento_gnl,Congo,mes,0.0,GWh,,boletin,9,2026-08-07
2025-01,aprovisionamiento_gnl,Congo,tam,3365.0,GWh,,boletin,9,2026-08-07
2025-01,aprovisionamiento_gnl,Estados Unidos,acumulado_anual,10454.0,GWh,,boletin,9,2026-08-07
2025-01,aprovisionamiento_gnl,Estados Unidos,mes,10454.0,GWh,,boletin,9,2026-08-07
2025-01,aprovisionamiento_gnl,Estados Unidos,tam,57442.0,GWh,,boletin,9,2026-08-07
2025-01,aprovisionamiento_gnl,Francia,acumulado_anual,0.0,GWh,,boletin,9,2026-08-07
2025-01,aprovisionamiento_gnl,Francia,mes,0.0,GWh,,boletin,9,2026-08-07
2025-01,aprovisionamiento_gnl,Francia,tam,1093.0,GWh,,boletin,9,2026-08-07
2025-01,aprovisionamiento_gnl,Nigeria,acumulado_anual,3179.0,GWh,,boletin,9,2026-08-07
2025-01,aprovisionamiento_gnl,Nigeria,mes,3179.0,GWh,,boletin,9,2026-08-07
2025-01,aprovisionamiento_gnl,Nigeria,tam,26394.0,GWh,,boletin,9,2026-08-07
2025-01,aprovisionamiento_gnl,Noruega,acumulado_anual,0.0,GWh,,boletin,9,2026-08-07
2025-01,aprovisionamiento_gnl,Noruega,mes,0.0,GWh,,boletin,9,2026-08-07
2025-01,aprovisionamiento_gnl,Noruega,tam,2777.0,GWh,,boletin,9,2026-08-07
2025-01,aprovisionamiento_gnl,Perú,acumulado_anual,1039.0,GWh,,boletin,9,2026-08-07
2025-01,aprovisionamiento_gnl,Perú,mes,1039.0,GWh,,boletin,9,2026-08-07
2025-01,aprovisionamiento_gnl,Perú,tam,2178.0,GWh,,boletin,9,2026-08-07
2025-01,aprovisionamiento_gnl,Qatar,acumulado_anual,826.0,GWh,,boletin,9,2026-08-07
2025-01,aprovisionamiento_gnl,Qatar,mes,826.0,GWh,,boletin,9,2026-08-07
2025-01,aprovisionamiento_gnl,Qatar,tam,11231.0,GWh,,boletin,9,2026-08-07
2025-01,aprovisionamiento_gnl,Rusia,acumulado_anual,6464.0,GWh,,boletin,9,2026-08-07
2025-01,aprovisionamiento_gnl,Rusia,mes,6464.0,GWh,,boletin,9,2026-08-07
2025-01,aprovisionamiento_gnl,Rusia,tam,70137.0,GWh,,boletin,9,2026-08-07
2025-01,aprovisionamiento_gnl,TVB (*),acumulado_anual,0.0,GWh,,boletin,9,2026-08-07
2025-01,aprovisionamiento_gnl,TVB (*),mes,0.0,GWh,,boletin,9,2026-08-07
2025-01,aprovisionamiento_gnl,TVB (*),tam,740.0,GWh,,boletin,9,2026-08-07
2025-01,aprovisionamiento_gnl,Trinidad y Tobago,acumulado_anual,0.0,GWh,,boletin,9,2026-08-07
2025-01,aprovisionamiento_gnl,Trinidad y Tobago,mes,0.0,GWh,,boletin,9,2026-08-07
2025-01,aprovisionamiento_gnl,Trinidad y Tobago,tam,2628.0,GWh,,boletin,9,2026-08-07
2025-01,biometano_distribucion,,acumulado_anual,12.5,GWh,22.4,boletin,13,2026-08-07
2025-01,biometano_distribucion,,mes,12.5,GWh,22.4,boletin,13,2026-08-07
2025-01,biometano_distribucion,,tam,140.0,GWh,1.7,boletin,13,2026-08-07
2025-01,biometano_transporte,,acumulado_anual,14.8,GWh,-8.1,boletin,13,2026-08-07
2025-01,biometano_transporte,,mes,14.8,GWh,-8.1,boletin,13,2026-08-07
2025-01,biometano_transporte,,tam,176.7,GWh,-0.7,boletin,13,2026-08-07
2025-01,cargas_buques,,acumulado_anual,450.0,GWh,-51.3,boletin,3,2026-08-07
2025-01,cargas_buques,,mes,450.0,GWh,-51.3,boletin,3,2026-08-07
2025-01,cargas_buques,,tam,11565.0,GWh,-3.9,boletin,3,2026-08-07
2025-01,conexion_internacional_saldo,Almería,acumulado_anual,10119.0,GWh,12.7,boletin,11,2026-08-07
2025-01,conexion_internacional_saldo,Almería,mes,10119.0,GWh,12.7,boletin,11,2026-08-07
2025-01,conexion_internacional_saldo,Almería,tam,105842.0,GWh,1.1,boletin,11,2026-08-07
2025-01,conexion_internacional_saldo,Biometano,acumulado_anual,27.0,GWh,3.7,boletin,11,2026-08-07
2025-01,conexion_internacional_saldo,Biometano,mes,27.0,GWh,3.7,boletin,11,2026-08-07
2025-01,conexion_internacional_saldo,Biometano,tam,317.0,GWh,0.3,boletin,11,2026-08-07
2025-01,conexion_internacional_saldo,Tarifa,acumulado_anual,-672.0,GWh,-22.6,boletin,11,2026-08-07
2025-01,conexion_internacional_saldo,Tarifa,mes,-672.0,GWh,-22.6,boletin,11,2026-08-07
2025-01,conexion_internacional_saldo,Tarifa,tam,-9507.0,GWh,-2.0,boletin,11,2026-08-07
2025-01,conexion_internacional_saldo,VIP Ibérico,acumulado_anual,271.0,GWh,,boletin,11,2026-08-07
2025-01,conexion_internacional_saldo,VIP Ibérico,mes,271.0,GWh,2308.6,boletin,11,2026-08-07
2025-01,conexion_internacional_saldo,VIP Ibérico,tam,8508.0,GWh,,boletin,11,2026-08-07
2025-01,conexion_internacional_saldo,VIP Pirineos,acumulado_anual,-706.0,GWh,,boletin,11,2026-08-07
2025-01,conexion_internacional_saldo,VIP Pirineos,mes,-706.0,GWh,,boletin,11,2026-08-07
2025-01,conexion_internacional_saldo,VIP Pirineos,tam,5509.0,GWh,,boletin,11,2026-08-07
2025-01,conexion_internacional_saldo,Yacimiento Nacionales,acumulado_anual,113.0,GWh,2059.0,boletin,11,2026-08-07
2025-01,conexion_internacional_saldo,Yacimiento Nacionales,mes,113.0,GWh,2059.0,boletin,11,2026-08-07
2025-01,conexion_internacional_saldo,Yacimiento Nacionales,tam,333.0,GWh,48.0,boletin,11,2026-08-07
2025-01,correccion_laboralidad,,acumulado_anual,-2.0,%,,boletin,5,2026-08-07
2025-01,correccion_laboralidad,,mes,-2.0,%,,boletin,5,2026-08-07
2025-01,correccion_laboralidad,,tam,-0.2,%,,boletin,5,2026-08-07
2025-01,correccion_temperatura,,acumulado_anual,2.1,%,,boletin,5,2026-08-07
2025-01,correccion_temperatura,,mes,2.1,%,,boletin,5,2026-08-07
2025-01,correccion_temperatura,,tam,0.2,%,,boletin,5,2026-08-07
2025-01,delta_temperatura,,mes,-0.2,ºC,,boletin,5,2026-08-07
2025-01,demanda_ccaa_cisternas,Andalucía,mes,190.0,GWh,-20.7,boletin,7,2026-08-07
2025-01,demanda_ccaa_cisternas,Aragón,mes,52.0,GWh,3.6,boletin,7,2026-08-07
2025-01,demanda_ccaa_cisternas,Asturias,mes,32.0,GWh,5.5,boletin,7,2026-08-07
2025-01,demanda_ccaa_cisternas,Baleares,mes,4.0,GWh,-2.4,boletin,7,2026-08-07
2025-01,demanda_ccaa_cisternas,Cantabria,mes,27.0,GWh,-38.7,boletin,7,2026-08-07
2025-01,demanda_ccaa_cisternas,Castilla y León,mes,67.0,GWh,-11.5,boletin,7,2026-08-07
2025-01,demanda_ccaa_cisternas,Castilla-La Mancha,mes,78.0,GWh,0.5,boletin,7,2026-08-07
2025-01,demanda_ccaa_cisternas,Cataluña,mes,126.0,GWh,-6.5,boletin,7,2026-08-07
2025-01,demanda_ccaa_cisternas,Comunidad Valenciana,mes,81.0,GWh,-27.7,boletin,7,2026-08-07
2025-01,demanda_ccaa_cisternas,Extremadura,mes,44.0,GWh,-10.8,boletin,7,2026-08-07
2025-01,demanda_ccaa_cisternas,Galicia,mes,66.0,GWh,3.2,boletin,7,2026-08-07
2025-01,demanda_ccaa_cisternas,La Rioja,mes,7.0,GWh,-22.4,boletin,7,2026-08-07
2025-01,demanda_ccaa_cisternas,Madrid,mes,223.0,GWh,64.6,boletin,7,2026-08-07
2025-01,demanda_ccaa_cisternas,Murcia,mes,52.0,GWh,-19.7,boletin,7,2026-08-07
2025-01,demanda_ccaa_cisternas,Navarra,mes,20.0,GWh,29.7,boletin,7,2026-08-07
2025-01,demanda_ccaa_cisternas,País Vasco,mes,37.0,GWh,81.1,boletin,7,2026-08-07
2025-01,demanda_ccaa_convencional,Andalucía,mes,2445.0,GWh,-13.3,boletin,7,2026-08-07
2025-01,demanda_ccaa_convencional,Aragón,mes,1465.0,GWh,-5.2,boletin,7,2026-08-07
2025-01,demanda_ccaa_convencional,Asturias,mes,632.0,GWh,-2.5,boletin,7,2026-08-07
2025-01,demanda_ccaa_convencional,Baleares,mes,110.0,GWh,8.2,boletin,7,2026-08-07
2025-01,demanda_ccaa_convencional,Cantabria,mes,311.0,GWh,-22.2,boletin,7,2026-08-07
2025-01,demanda_ccaa_convencional,Castilla y León,mes,2236.0,GWh,3.5,boletin,7,2026-08-07
2025-01,demanda_ccaa_convencional,Castilla-La Mancha,mes,1212.0,GWh,-5.3,boletin,7,2026-08-07
2025-01,demanda_ccaa_convencional,Cataluña,mes,4822.0,GWh,-5.9,boletin,7,2026-08-07
2025-01,demanda_ccaa_convencional,Comunidad Valenciana,mes,2127.0,GWh,1.5,boletin,7,2026-08-07
2025-01,demanda_ccaa_convencional,Extremadura,mes,214.0,GWh,7.0,boletin,7,2026-08-07
2025-01,demanda_ccaa_convencional,Galicia,mes,970.0,GWh,-7.7,boletin,7,2026-08-07
2025-01,demanda_ccaa_convencional,La Rioja,mes,324.0,GWh,2.5,boletin,7,2026-08-07
2025-01,demanda_ccaa_convencional,Madrid,mes,3876.0,GWh,6.5,boletin,7,2026-08-07
2025-01,demanda_ccaa_convencional,Murcia,mes,1279.0,GWh,-7.5,boletin,7,2026-08-07
2025-01,demanda_ccaa_convencional,Navarra,mes,673.0,GWh,-7.6,boletin,7,2026-08-07
2025-01,demanda_ccaa_convencional,País Vasco,mes,1995.0,GWh,-4.4,boletin,7,2026-08-07
2025-01,demanda_ccaa_sector_electrico,Andalucía,mes,1416.0,GWh,-3.3,boletin,7,2026-08-07
2025-01,demanda_ccaa_sector_electrico,Aragón,mes,346.0,GWh,30.0,boletin,7,2026-08-07
2025-01,demanda_ccaa_sector_electrico,Asturias,mes,352.0,GWh,31.8,boletin,7,2026-08-07
2025-01,demanda_ccaa_sector_electrico,Baleares,mes,724.0,GWh,10.3,boletin,7,2026-08-07
2025-01,demanda_ccaa_sector_electrico,Cantabria,mes,0.0,GWh,,boletin,7,2026-08-07
2025-01,demanda_ccaa_sector_electrico,Castilla y León,mes,0.0,GWh,,boletin,7,2026-08-07
2025-01,demanda_ccaa_sector_electrico,Castilla-La Mancha,mes,336.0,GWh,5.3,boletin,7,2026-08-07
2025-01,demanda_ccaa_sector_electrico,Cataluña,mes,889.0,GWh,1.8,boletin,7,2026-08-07
2025-01,demanda_ccaa_sector_electrico,Comunidad Valenciana,mes,544.0,GWh,-2.6,boletin,7,2026-08-07
2025-01,demanda_ccaa_sector_electrico,Extremadura,mes,0.0,GWh,,boletin,7,2026-08-07
2025-01,demanda_ccaa_sector_electrico,Galicia,mes,412.0,GWh,-12.7,boletin,7,2026-08-07
2025-01,demanda_ccaa_sector_electrico,La Rioja,mes,263.0,GWh,-9.6,boletin,7,2026-08-07
2025-01,demanda_ccaa_sector_electrico,Madrid,mes,0.0,GWh,,boletin,7,2026-08-07
2025-01,demanda_ccaa_sector_electrico,Murcia,mes,600.0,GWh,-9.1,boletin,7,2026-08-07
2025-01,demanda_ccaa_sector_electrico,Navarra,mes,393.0,GWh,-24.4,boletin,7,2026-08-07
2025-01,demanda_ccaa_sector_electrico,País Vasco,mes,681.0,GWh,27.7,boletin,7,2026-08-07
2025-01,demanda_cisternas,,acumulado_anual,1100.0,GWh,-2.2,progreso,3,2026-08-07
2025-01,demanda_cisternas,,mes,1100.0,GWh,-2.2,progreso,3,2026-08-07
2025-01,demanda_cisternas,,tam,12400.0,GWh,-0.2,progreso,3,2026-08-07
2025-01,demanda_convencional,,acumulado_anual,25846.0,GWh,-3.4,boletin,3,2026-08-07
2025-01,demanda_convencional,,mes,25846.0,GWh,-3.4,boletin,3,2026-08-07
2025-01,demanda_convencional,,tam,236220.0,GWh,-0.4,boletin,3,2026-08-07
2025-01,demanda_convencional_corregida,,acumulado_anual,-3.4,%,,boletin,5,2026-08-07
2025-01,demanda_convencional_corregida,,mes,-3.4,%,,boletin,5,2026-08-07
2025-01,demanda_convencional_corregida,,tam,-0.4,%,,boletin,5,2026-08-07
2025-01,demanda_dc_pymes,,acumulado_anual,9400.0,GWh,6.3,progreso,3,2026-08-07
2025-01,demanda_dc_pymes,,mes,9400.0,GWh,6.3,progreso,3,2026-08-07
2025-01,demanda_dc_pymes,,tam,48500.0,GWh,1.2,progreso,3,2026-08-07
2025-01,demanda_industrial,,acumulado_anual,15300.0,GWh,-8.5,progreso,3,2026-08-07
2025-01,demanda_industrial,,mes,15300.0,GWh,-8.5,progreso,3,2026-08-07
2025-01,demanda_industrial,,tam,175300.0,GWh,-0.8,progreso,3,2026-08-07
2025-01,demanda_internacional,,acumulado_anual,2959.0,GWh,0.0,boletin,3,2026-08-07
2025-01,demanda_internacional,,mes,2959.0,GWh,0.0,boletin,3,2026-08-07
2025-01,demanda_internacional,,tam,34505.0,GWh,0.0,boletin,3,2026-08-07
2025-01,demanda_nacional,,acumulado_anual,32802.0,GWh,-2.4,boletin,3,2026-08-07
2025-01,demanda_nacional,,mes,32802.0,GWh,-2.4,boletin,3,2026-08-07
2025-01,demanda_nacional,,tam,311032.0,GWh,-0.3,boletin,3,2026-08-07
2025-01,demanda_sector_electrico,,acumulado_anual,6956.0,GWh,1.1,boletin,3,2026-08-07
2025-01,demanda_sector_electrico,,mes,6956.0,GWh,1.1,boletin,3,2026-08-07
2025-01,demanda_sector_electrico,,tam,74812.0,GWh,0.1,boletin,3,2026-08-07
2025-01,destino_cargas_pct,Bunkering,mes,51.5,%,,boletin,18,2026-08-07
2025-01,destino_cargas_pct,EU,mes,39.2,%,,boletin,18,2026-08-07
2025-01,destino_cargas_pct,non EU,mes,9.3,%,,boletin,18,2026-08-07
2025-01,generacion_electrica,Carbón,mes,300.0,GWh,7.4,boletin,6,2026-08-07
2025-01,generacion_electrica,Cogeneración,mes,1600.0,GWh,-14.3,boletin,6,2026-08-07
2025-01,generacion_electrica,Eólica,mes,7500.0,GWh,31.2,boletin,6,2026-08-07
2025-01,generacion_electrica,Gas natural,mes,2700.0,GWh,1.6,boletin,6,2026-08-07
2025-01,generacion_electrica,Hidráulica,mes,3600.0,GWh,-20.1,boletin,6,2026-08-07
2025-01,generacion_electrica,Nuclear,mes,5200.0,GWh,0.9,boletin,6,2026-08-07
2025-01,generacion_electrica,Resto renovables,mes,300.0,GWh,19.1,boletin,6,2026-08-07
2025-01,generacion_electrica,Solar,mes,2500.0,GWh,19.3,boletin,6,2026-08-07
2025-01,pct_total_gn,,mes,32.7,%,,boletin,9,2026-08-07
2025-01,pct_total_gnl,,mes,67.3,%,,boletin,9,2026-08-07
2025-01,planta_carga_cisternas,BARCELONA,mes,215.0,GWh,-6.1,boletin,17,2026-08-07
2025-01,planta_carga_cisternas,BILBAO,mes,126.0,GWh,5.8,boletin,17,2026-08-07
2025-01,planta_carga_cisternas,CARTAGENA,mes,225.0,GWh,0.1,boletin,17,2026-08-07
2025-01,planta_carga_cisternas,HUELVA,mes,216.0,GWh,-7.8,boletin,17,2026-08-07
2025-01,planta_carga_cisternas,MUGARDOS,mes,86.0,GWh,-10.1,boletin,17,2026-08-07
2025-01,planta_carga_cisternas,MUSEL,mes,72.0,GWh,34.4,boletin,17,2026-08-07
2025-01,planta_carga_cisternas,SAGUNTO,mes,203.0,GWh,-0.8,boletin,17,2026-08-07
2025-01,planta_cargas_buques,BARCELONA,mes,74.0,GWh,-71.8,boletin,17,2026-08-07
2025-01,planta_cargas_buques,BILBAO,mes,0.0,GWh,,boletin,17,2026-08-07
2025-01,planta_cargas_buques,CARTAGENA,mes,150.0,GWh,,boletin,17,2026-08-07
2025-01,planta_cargas_buques,HUELVA,mes,226.0,GWh,-65.8,boletin,17,2026-08-07
2025-01,planta_cargas_buques,MUGARDOS,mes,0.0,GWh,,boletin,17,2026-08-07
2025-01,planta_cargas_buques,MUSEL,mes,0.0,GWh,,boletin,17,2026-08-07
2025-01,planta_cargas_buques,SAGUNTO,mes,0.0,GWh,,boletin,17,2026-08-07
2025-01,planta_descargas_buques,BARCELONA,mes,2794.0,GWh,,boletin,17,2026-08-07
2025-01,planta_descargas_buques,BILBAO,mes,5244.0,GWh,-18.5,boletin,17,2026-08-07
2025-01,planta_descargas_buques,CARTAGENA,mes,3825.0,GWh,,boletin,17,2026-08-07
2025-01,planta_descargas_buques,HUELVA,mes,5757.0,GWh,7.0,boletin,17,2026-08-07
2025-01,planta_descargas_buques,MUGARDOS,mes,2197.0,GWh,0.2,boletin,17,2026-08-07
2025-01,planta_descargas_buques,MUSEL,mes,0.0,GWh,,boletin,17,2026-08-07
2025-01,planta_descargas_buques,SAGUNTO,mes,3201.0,GWh,-10.5,boletin,17,2026-08-07
2025-01,planta_n_buques_descargados,BARCELONA,mes,3.0,nº,50.0,boletin,17,2026-08-07
2025-01,planta_n_buques_descargados,BILBAO,mes,5.0,nº,-16.7,boletin,17,2026-08-07
2025-01,planta_n_buques_descargados,CARTAGENA,mes,4.0,nº,,boletin,17,2026-08-07
2025-01,planta_n_buques_descargados,HUELVA,mes,6.0,nº,0.0,boletin,17,2026-08-07
2025-01,planta_n_buques_descargados,MUGARDOS,mes,2.0,nº,0.0,boletin,17,2026-08-07
2025-01,planta_n_buques_descargados,MUSEL,mes,0.0,nº,,boletin,17,2026-08-07
2025-01,planta_n_buques_descargados,SAGUNTO,mes,4.0,nº,0.0,boletin,17,2026-08-07
2025-01,salidas_conexiones_internacionales,,acumulado_anual,2509.0,GWh,23.2,boletin,3,2026-08-07
2025-01,salidas_conexiones_internacionales,,mes,2509.0,GWh,23.2,boletin,3,2026-08-07
2025-01,salidas_conexiones_internacionales,,tam,22940.0,GWh,2.1,boletin,3,2026-08-07
2025-01,total_salidas,,acumulado_anual,35761.0,GWh,-2.3,boletin,3,2026-08-07
2025-01,total_salidas,,mes,35761.0,GWh,-2.3,boletin,3,2026-08-07
2025-01,total_salidas,,tam,345537.0,GWh,-0.2,boletin,3,2026-08-07
2025-01,tvb_capacidad_regasificacion_contratada,,mes,20562.0,GWh/mes,,boletin,15,2026-08-07
2025-01,tvb_capacidad_regasificacion_disponible,,mes,39733.0,GWh/mes,,boletin,15,2026-08-07
2025-01,tvb_capacidad_regasificacion_total,,mes,60295.0,GWh/mes,,boletin,15,2026-08-07
2025-01,tvb_regasificacion_comercial,,mes,19436.0,GWh,,boletin,15,2026-08-07
2025-02,aprovisionamiento_gn,Argelia,acumulado_anual,19307.0,GWh,,boletin,9,2026-08-07
2025-02,aprovisionamiento_gn,Argelia,mes,9188.0,GWh,,boletin,9,2026-08-07
2025-02,aprovisionamiento_gn,Argelia,tam,108108.0,GWh,,boletin,9,2026-08-07
2025-02,aprovisionamiento_gn,Biometano nacional,acumulado_anual,55.0,GWh,,boletin,9,2026-08-07
2025-02,aprovisionamiento_gn,Biometano nacional,mes,28.0,GWh,,boletin,9,2026-08-07
2025-02,aprovisionamiento_gn,Biometano nacional,tam,314.0,GWh,,boletin,9,2026-08-07
2025-02,aprovisionamiento_gn,Francia,acumulado_anual,944.0,GWh,,boletin,9,2026-08-07
2025-02,aprovisionamiento_gn,Francia,mes,234.0,GWh,,boletin,9,2026-08-07
2025-02,aprovisionamiento_gn,Francia,tam,14466.0,GWh,,boletin,9,2026-08-07
2025-02,aprovisionamiento_gn,Portugal,acumulado_anual,1200.0,GWh,,boletin,9,2026-08-07
2025-02,aprovisionamiento_gn,Portugal,mes,509.0,GWh,,boletin,9,2026-08-07
2025-02,aprovisionamiento_gn,Portugal,tam,11911.0,GWh,,boletin,9,2026-08-07
2025-02,aprovisionamiento_gn,Yacimientos nacionales,acumulado_anual,185.0,GWh,,boletin,9,2026-08-07
2025-02,aprovisionamiento_gn,Yacimientos nacionales,mes,71.0,GWh,,boletin,9,2026-08-07
2025-02,aprovisionamiento_gn,Yacimientos nacionales,tam,376.0,GWh,,boletin,9,2026-08-07
2025-02,aprovisionamiento_gnl,Angola,acumulado_anual,2048.0,GWh,,boletin,9,2026-08-07
2025-02,aprovisionamiento_gnl,Angola,mes,1022.0,GWh,,boletin,9,2026-08-07
2025-02,aprovisionamiento_gnl,Angola,tam,4101.0,GWh,,boletin,9,2026-08-07
2025-02,aprovisionamiento_gnl,Argelia,acumulado_anual,0.0,GWh,,boletin,9,2026-08-07
2025-02,aprovisionamiento_gnl,Argelia,mes,0.0,GWh,,boletin,9,2026-08-07
2025-02,aprovisionamiento_gnl,Argelia,tam,23831.0,GWh,,boletin,9,2026-08-07
2025-02,aprovisionamiento_gnl,Bélgica,acumulado_anual,0.0,GWh,,boletin,9,2026-08-07
2025-02,aprovisionamiento_gnl,Bélgica,mes,0.0,GWh,,boletin,9,2026-08-07
2025-02,aprovisionamiento_gnl,Bélgica,tam,2128.0,GWh,,boletin,9,2026-08-07
2025-02,aprovisionamiento_gnl,Camerún,acumulado_anual,979.0,GWh,,boletin,9,2026-08-07
2025-02,aprovisionamiento_gnl,Camerún,mes,0.0,GWh,,boletin,9,2026-08-07
2025-02,aprovisionamiento_gnl,Camerún,tam,979.0,GWh,,boletin,9,2026-08-07
2025-02,aprovisionamiento_gnl,Congo,acumulado_anual,887.0,GWh,,boletin,9,2026-08-07
2025-02,aprovisionamiento_gnl,Congo,mes,887.0,GWh,,boletin,9,2026-08-07
2025-02,aprovisionamiento_gnl,Congo,tam,4252.0,GWh,,boletin,9,2026-08-07
2025-02,aprovisionamiento_gnl,Estados Unidos,acumulado_anual,19711.0,GWh,,boletin,9,2026-08-07
2025-02,aprovisionamiento_gnl,Estados Unidos,mes,9258.0,GWh,,boletin,9,2026-08-07
2025-02,aprovisionamiento_gnl,Estados Unidos,tam,58691.0,GWh,,boletin,9,2026-08-07
2025-02,aprovisionamiento_gnl,Francia,acumulado_anual,0.0,GWh,,boletin,9,2026-08-07
2025-02,aprovisionamiento_gnl,Francia,mes,0.0,GWh,,boletin,9,2026-08-07
2025-02,aprovisionamiento_gnl,Francia,tam,1093.0,GWh,,boletin,9,2026-08-07
2025-02,aprovisionamiento_gnl,Nigeria,acumulado_anual,5285.0,GWh,,boletin,9,2026-08-07
2025-02,aprovisionamiento_gnl,Nigeria,mes,2107.0,GWh,,boletin,9,2026-08-07
2025-02,aprovisionamiento_gnl,Nigeria,tam,23496.0,GWh,,boletin,9,2026-08-07
2025-02,aprovisionamiento_gnl,Noruega,acumulado_anual,0.0,GWh,,boletin,9,2026-08-07
2025-02,aprovisionamiento_gnl,Noruega,mes,0.0,GWh,,boletin,9,2026-08-07
2025-02,aprovisionamiento_gnl,Noruega,tam,1851.0,GWh,,boletin,9,2026-08-07
2025-02,aprovisionamiento_gnl,Perú,acumulado_anual,1039.0,GWh,,boletin,9,2026-08-07
2025-02,aprovisionamiento_gnl,Perú,mes,0.0,GWh,,boletin,9,2026-08-07
2025-02,aprovisionamiento_gnl,Perú,tam,2178.0,GWh,,boletin,9,2026-08-07
2025-02,aprovisionamiento_gnl,Qatar,acumulado_anual,1651.0,GWh,,boletin,9,2026-08-07
2025-02,aprovisionamiento_gnl,Qatar,mes,824.0,GWh,,boletin,9,2026-08-07
2025-02,aprovisionamiento_gnl,Qatar,tam,11183.0,GWh,,boletin,9,2026-08-07
2025-02,aprovisionamiento_gnl,Rusia,acumulado_anual,8654.0,GWh,,boletin,9,2026-08-07
2025-02,aprovisionamiento_gnl,Rusia,mes,2190.0,GWh,,boletin,9,2026-08-07
2025-02,aprovisionamiento_gnl,Rusia,tam,66990.0,GWh,,boletin,9,2026-08-07
2025-02,aprovisionamiento_gnl,TVB (*),acumulado_anual,0.0,GWh,,boletin,9,2026-08-07
2025-02,aprovisionamiento_gnl,TVB (*),mes,0.0,GWh,,boletin,9,2026-08-07
2025-02,aprovisionamiento_gnl,TVB (*),tam,0.0,GWh,,boletin,9,2026-08-07
2025-02,aprovisionamiento_gnl,Trinidad y Tobago,acumulado_anual,0.0,GWh,,boletin,9,2026-08-07
2025-02,aprovisionamiento_gnl,Trinidad y Tobago,mes,0.0,GWh,,boletin,9,2026-08-07
2025-02,aprovisionamiento_gnl,Trinidad y Tobago,tam,2628.0,GWh,,boletin,9,2026-08-07
2025-02,biometano_distribucion,,acumulado_anual,24.6,GWh,15.2,boletin,13,2026-08-07
2025-02,biometano_distribucion,,mes,12.1,GWh,3.1,boletin,13,2026-08-07
2025-02,biometano_distribucion,,tam,140.4,GWh,1.9,boletin,13,2026-08-07
2025-02,biometano_transporte,,acumulado_anual,30.6,GWh,-2.2,boletin,13,2026-08-07
2025-02,biometano_transporte,,mes,15.8,GWh,0.8,boletin,13,2026-08-07
2025-02,biometano_transporte,,tam,176.8,GWh,-0.7,boletin,13,2026-08-07
2025-02,cargas_buques,,acumulado_anual,1204.0,GWh,-39.8,boletin,3,2026-08-07
2025-02,cargas_buques,,mes,651.0,GWh,-39.4,boletin,3,2026-08-07
2025-02,cargas_buques,,tam,11244.0,GWh,-6.6,boletin,3,2026-08-07
2025-02,conexion_internacional_saldo,Almería,acumulado_anual,19307.0,GWh,14.7,boletin,11,2026-08-07
2025-02,conexion_internacional_saldo,Almería,mes,9188.0,GWh,13.3,boletin,11,2026-08-07
2025-02,conexion_internacional_saldo,Almería,tam,106922.0,GWh,2.1,boletin,11,2026-08-07
2025-02,conexion_internacional_saldo,Biometano,acumulado_anual,55.0,GWh,4.9,boletin,11,2026-08-07
2025-02,conexion_internacional_saldo,Biometano,mes,28.0,GWh,1.8,boletin,11,2026-08-07
2025-02,conexion_internacional_saldo,Biometano,tam,317.0,GWh,0.5,boletin,11,2026-08-07
2025-02,conexion_internacional_saldo,Tarifa,acumulado_anual,-1372.0,GWh,4.3,boletin,11,2026-08-07
2025-02,conexion_internacional_saldo,Tarifa,mes,-700.0,GWh,50.9,boletin,11,2026-08-07
2025-02,conexion_internacional_saldo,Tarifa,tam,-9743.0,GWh,0.4,boletin,11,2026-08-07
2025-02,conexion_internacional_saldo,VIP Ibérico,acumulado_anual,448.0,GWh,,boletin,11,2026-08-07
2025-02,conexion_internacional_saldo,VIP Ibérico,mes,178.0,GWh,-70.6,boletin,11,2026-08-07
2025-02,conexion_internacional_saldo,VIP Ibérico,tam,8081.0,GWh,,boletin,11,2026-08-07
2025-02,conexion_internacional_saldo,VIP Pirineos,acumulado_anual,-2926.0,GWh,,boletin,11,2026-08-07
2025-02,conexion_internacional_saldo,VIP Pirineos,mes,-2220.0,GWh,,boletin,11,2026-08-07
2025-02,conexion_internacional_saldo,VIP Pirineos,tam,3038.0,GWh,,boletin,11,2026-08-07
2025-02,conexion_internacional_saldo,Yacimiento Nacionales,acumulado_anual,185.0,GWh,478.1,boletin,11,2026-08-07
2025-02,conexion_internacional_saldo,Yacimiento Nacionales,mes,71.0,GWh,153.5,boletin,11,2026-08-07
2025-02,conexion_internacional_saldo,Yacimiento Nacionales,tam,376.0,GWh,67.2,boletin,11,2026-08-07
2025-02,correccion_laboralidad,,acumulado_anual,-2.1,%,,boletin,5,2026-08-07
2025-02,correccion_laboralidad,,mes,-2.2,%,,boletin,5,2026-08-07
2025-02,correccion_laboralidad,,tam,-0.4,%,,boletin,5,2026-08-07
2025-02,correccion_temperatura,,acumulado_anual,2.0,%,,boletin,5,2026-08-07
2025-02,correccion_temperatura,,mes,1.9,%,,boletin,5,2026-08-07
2025-02,correccion_temperatura,,tam,0.4,%,,boletin,5,2026-08-07
2025-02,delta_temperatura,,mes,-1.0,ºC,,boletin,5,2026-08-07
2025-02,demanda_ccaa_cisternas,Andalucía,mes,162.0,GWh,-25.4,boletin,7,2026-08-07
2025-02,demanda_ccaa_cisternas,Aragón,mes,44.0,GWh,-2.5,boletin,7,2026-08-07
2025-02,demanda_ccaa_cisternas,Asturias,mes,28.0,GWh,-10.8,boletin,7,2026-08-07
2025-02,demanda_ccaa_cisternas,Baleares,mes,6.0,GWh,47.2,boletin,7,2026-08-07
2025-02,demanda_ccaa_cisternas,Cantabria,mes,26.0,GWh,-41.2,boletin,7,2026-08-07
2025-02,demanda_ccaa_cisternas,Castilla y León,mes,60.0,GWh,-15.1,boletin,7,2026-08-07
2025-02,demanda_ccaa_cisternas,Castilla-La Mancha,mes,63.0,GWh,-13.1,boletin,7,2026-08-07
2025-02,demanda_ccaa_cisternas,Cataluña,mes,113.0,GWh,-1.4,boletin,7,2026-08-07
2025-02,demanda_ccaa_cisternas,Comunidad Valenciana,mes,81.0,GWh,-30.8,boletin,7,2026-08-07
2025-02,demanda_ccaa_cisternas,Extremadura,mes,31.0,GWh,-21.3,boletin,7,2026-08-07
2025-02,demanda_ccaa_cisternas,Galicia,mes,63.0,GWh,18.4,boletin,7,2026-08-07
2025-02,demanda_ccaa_cisternas,La Rioja,mes,3.0,GWh,-76.6,boletin,7,2026-08-07
2025-02,demanda_ccaa_cisternas,Madrid,mes,225.0,GWh,77.2,boletin,7,2026-08-07
2025-02,demanda_ccaa_cisternas,Murcia,mes,49.0,GWh,-26.0,boletin,7,2026-08-07
2025-02,demanda_ccaa_cisternas,Navarra,mes,21.0,GWh,22.7,boletin,7,2026-08-07
2025-02,demanda_ccaa_cisternas,País Vasco,mes,33.0,GWh,71.4,boletin,7,2026-08-07
2025-02,demanda_ccaa_convencional,Andalucía,mes,2244.0,GWh,-16.3,boletin,7,2026-08-07
2025-02,demanda_ccaa_convencional,Aragón,mes,1273.0,GWh,5.5,boletin,7,2026-08-07
2025-02,demanda_ccaa_convencional,Asturias,mes,514.0,GWh,-9.3,boletin,7,2026-08-07
2025-02,demanda_ccaa_convencional,Baleares,mes,114.0,GWh,7.1,boletin,7,2026-08-07
2025-02,demanda_ccaa_convencional,Cantabria,mes,228.0,GWh,-38.9,boletin,7,2026-08-07
2025-02,demanda_ccaa_convencional,Castilla y León,mes,1921.0,GWh,3.5,boletin,7,2026-08-07
2025-02,demanda_ccaa_convencional,Castilla-La Mancha,mes,946.0,GWh,-17.0,boletin,7,2026-08-07
2025-02,demanda_ccaa_convencional,Cataluña,mes,4182.0,GWh,2.7,boletin,7,2026-08-07
2025-02,demanda_ccaa_convencional,Comunidad Valenciana,mes,2216.0,GWh,4.5,boletin,7,2026-08-07
2025-02,demanda_ccaa_convencional,Extremadura,mes,194.0,GWh,1.6,boletin,7,2026-08-07
2025-02,demanda_ccaa_convencional,Galicia,mes,859.0,GWh,-10.3,boletin,7,2026-08-07
2025-02,demanda_ccaa_convencional,La Rioja,mes,268.0,GWh,4.2,boletin,7,2026-08-07
2025-02,demanda_ccaa_convencional,Madrid,mes,2952.0,GWh,-0.6,boletin,7,2026-08-07
2025-02,demanda_ccaa_convencional,Murcia,mes,877.0,GWh,-30.7,boletin,7,2026-08-07
2025-02,demanda_ccaa_convencional,Navarra,mes,559.0,GWh,-6.9,boletin,7,2026-08-07
2025-02,demanda_ccaa_convencional,País Vasco,mes,1677.0,GWh,-13.2,boletin,7,2026-08-07
2025-02,demanda_ccaa_sector_electrico,Andalucía,mes,1269.0,GWh,30.9,boletin,7,2026-08-07
2025-02,demanda_ccaa_sector_electrico,Aragón,mes,433.0,GWh,1673.7,boletin,7,2026-08-07
2025-02,demanda_ccaa_sector_electrico,Asturias,mes,429.0,GWh,223.5,boletin,7,2026-08-07
2025-02,demanda_ccaa_sector_electrico,Baleares,mes,494.0,GWh,-17.6,boletin,7,2026-08-07
2025-02,demanda_ccaa_sector_electrico,Cantabria,mes,0.0,GWh,,boletin,7,2026-08-07
2025-02,demanda_ccaa_sector_electrico,Castilla y León,mes,0.0,GWh,,boletin,7,2026-08-07
2025-02,demanda_ccaa_sector_electrico,Castilla-La Mancha,mes,320.0,GWh,54.3,boletin,7,2026-08-07
2025-02,demanda_ccaa_sector_electrico,Cataluña,mes,909.0,GWh,3.9,boletin,7,2026-08-07
2025-02,demanda_ccaa_sector_electrico,Comunidad Valenciana,mes,626.0,GWh,79.6,boletin,7,2026-08-07
2025-02,demanda_ccaa_sector_electrico,Extremadura,mes,0.0,GWh,,boletin,7,2026-08-07
2025-02,demanda_ccaa_sector_electrico,Galicia,mes,268.0,GWh,-9.2,boletin,7,2026-08-07
2025-02,demanda_ccaa_sector_electrico,La Rioja,mes,317.0,GWh,101.5,boletin,7,2026-08-07
2025-02,demanda_ccaa_sector_electrico,Madrid,mes,0.0,GWh,,boletin,7,2026-08-07
2025-02,demanda_ccaa_sector_electrico,Murcia,mes,635.0,GWh,7.9,boletin,7,2026-08-07
2025-02,demanda_ccaa_sector_electrico,Navarra,mes,247.0,GWh,164.3,boletin,7,2026-08-07
2025-02,demanda_ccaa_sector_electrico,País Vasco,mes,598.0,GWh,103.5,boletin,7,2026-08-07
2025-02,demanda_cisternas,,acumulado_anual,2200.0,GWh,-3.2,progreso,3,2026-08-07
2025-02,demanda_cisternas,,mes,1000.0,GWh,-4.3,progreso,3,2026-08-07
2025-02,demanda_cisternas,,tam,12400.0,GWh,-0.6,progreso,3,2026-08-07
2025-02,demanda_convencional,,acumulado_anual,47934.0,GWh,-4.4,boletin,3,2026-08-07
2025-02,demanda_convencional,,mes,22088.0,GWh,-5.5,boletin,3,2026-08-07
2025-02,demanda_convencional,,tam,234927.0,GWh,-0.9,boletin,3,2026-08-07
2025-02,demanda_convencional_corregida,,acumulado_anual,-4.3,%,,boletin,5,2026-08-07
2025-02,demanda_convencional_corregida,,mes,-5.2,%,,boletin,5,2026-08-07
2025-02,demanda_convencional_corregida,,tam,-0.9,%,,boletin,5,2026-08-07
2025-02,demanda_dc_pymes,,acumulado_anual,16400.0,GWh,6.5,progreso,3,2026-08-07
2025-02,demanda_dc_pymes,,mes,7100.0,GWh,6.9,progreso,3,2026-08-07
2025-02,demanda_dc_pymes,,tam,48900.0,GWh,2.1,progreso,3,2026-08-07
2025-02,demanda_industrial,,acumulado_anual,29300.0,GWh,-9.6,progreso,3,2026-08-07
2025-02,demanda_industrial,,mes,14000.0,GWh,-10.8,progreso,3,2026-08-07
2025-02,demanda_industrial,,tam,173600.0,GWh,-1.8,progreso,3,2026-08-07
2025-02,demanda_internacional,,acumulado_anual,7198.0,GWh,28.0,boletin,3,2026-08-07
2025-02,demanda_internacional,,mes,4137.0,GWh,55.3,boletin,3,2026-08-07
2025-02,demanda_internacional,,tam,36080.0,GWh,4.6,boletin,3,2026-08-07
2025-02,demanda_nacional,,acumulado_anual,61434.0,GWh,0.0,boletin,3,2026-08-07
2025-02,demanda_nacional,,mes,28632.0,GWh,2.9,boletin,3,2026-08-07
2025-02,demanda_nacional,,tam,311827.0,GWh,0.0,boletin,3,2026-08-07
2025-02,demanda_sector_electrico,,acumulado_anual,13500.0,GWh,19.1,boletin,3,2026-08-07
2025-02,demanda_sector_electrico,,mes,6544.0,GWh,46.9,boletin,3,2026-08-07
2025-02,demanda_sector_electrico,,tam,76900.0,GWh,2.9,boletin,3,2026-08-07
2025-02,destino_cargas_pct,Bunkering,acumulado_anual,65.0,%,,boletin,18,2026-08-07
2025-02,destino_cargas_pct,Bunkering,mes,100.0,%,,boletin,18,2026-08-07
2025-02,destino_cargas_pct,EU,acumulado_anual,6.7,%,,boletin,18,2026-08-07
2025-02,destino_cargas_pct,Puesta en frío,acumulado_anual,28.3,%,,boletin,18,2026-08-07
2025-02,generacion_electrica,Carbón,mes,300.0,GWh,31.3,boletin,6,2026-08-07
2025-02,generacion_electrica,Cogeneración,mes,1500.0,GWh,0.2,boletin,6,2026-08-07
2025-02,generacion_electrica,Eólica,mes,3800.0,GWh,-45.8,boletin,6,2026-08-07
2025-02,generacion_electrica,Gas natural,mes,2500.0,GWh,66.6,boletin,6,2026-08-07
2025-02,generacion_electrica,Hidráulica,mes,4600.0,GWh,25.8,boletin,6,2026-08-07
2025-02,generacion_electrica,Nuclear,mes,4700.0,GWh,4.7,boletin,6,2026-08-07
2025-02,generacion_electrica,Resto renovables,mes,300.0,GWh,29.5,boletin,6,2026-08-07
2025-02,generacion_electrica,Solar,mes,3400.0,GWh,25.7,boletin,6,2026-08-07
2025-02,pct_total_gn,,mes,61.9,%,,boletin,9,2026-08-07
2025-02,pct_total_gnl,,mes,38.1,%,,boletin,9,2026-08-07
2025-02,planta_carga_cisternas,BARCELONA,mes,196.0,GWh,-6.5,boletin,17,2026-08-07
2025-02,planta_carga_cisternas,BILBAO,mes,110.0,GWh,-5.8,boletin,17,2026-08-07
2025-02,planta_carga_cisternas,CARTAGENA,mes,203.0,GWh,-3.7,boletin,17,2026-08-07
2025-02,planta_carga_cisternas,HUELVA,mes,188.0,GWh,-12.3,boletin,17,2026-08-07
2025-02,planta_carga_cisternas,MUGARDOS,mes,81.0,GWh,-0.4,boletin,17,2026-08-07
2025-02,planta_carga_cisternas,MUSEL,mes,68.0,GWh,17.3,boletin,17,2026-08-07
2025-02,planta_carga_cisternas,SAGUNTO,mes,185.0,GWh,-0.7,boletin,17,2026-08-07
2025-02,planta_cargas_buques,BARCELONA,mes,226.0,GWh,-0.4,boletin,17,2026-08-07
2025-02,planta_cargas_buques,BILBAO,mes,0.0,GWh,,boletin,17,2026-08-07
2025-02,planta_cargas_buques,CARTAGENA,mes,103.0,GWh,,boletin,17,2026-08-07
2025-02,planta_cargas_buques,HUELVA,mes,216.0,GWh,,boletin,17,2026-08-07
2025-02,planta_cargas_buques,MUGARDOS,mes,55.0,GWh,,boletin,17,2026-08-07
2025-02,planta_cargas_buques,MUSEL,mes,0.0,GWh,,boletin,17,2026-08-07
2025-02,planta_cargas_buques,SAGUNTO,mes,51.0,GWh,,boletin,17,2026-08-07
2025-02,planta_descargas_buques,BARCELONA,mes,1490.0,GWh,-54.5,boletin,17,2026-08-07
2025-02,planta_descargas_buques,BILBAO,mes,5809.0,GWh,11.3,boletin,17,2026-08-07
2025-02,planta_descargas_buques,CARTAGENA,mes,2040.0,GWh,-59.7,boletin,17,2026-08-07
2025-02,planta_descargas_buques,HUELVA,mes,3233.0,GWh,8.7,boletin,17,2026-08-07
2025-02,planta_descargas_buques,MUGARDOS,mes,1135.0,GWh,4.6,boletin,17,2026-08-07
2025-02,planta_descargas_buques,MUSEL,mes,0.0,GWh,,boletin,17,2026-08-07
2025-02,planta_descargas_buques,SAGUNTO,mes,1554.0,GWh,-43.8,boletin,17,2026-08-07
2025-02,planta_n_buques_descargados,BARCELONA,mes,4.0,nº,0.0,boletin,17,2026-08-07
2025-02,planta_n_buques_descargados,BILBAO,mes,6.0,nº,20.0,boletin,17,2026-08-07
2025-02,planta_n_buques_descargados,CARTAGENA,mes,2.0,nº,-66.7,boletin,17,2026-08-07
2025-02,planta_n_buques_descargados,HUELVA,mes,3.0,nº,0.0,boletin,17,2026-08-07
2025-02,planta_n_buques_descargados,MUGARDOS,mes,1.0,nº,0.0,boletin,17,2026-08-07
2025-02,planta_n_buques_descargados,MUSEL,mes,0.0,nº,,boletin,17,2026-08-07
2025-02,planta_n_buques_descargados,SAGUNTO,mes,3.0,nº,0.0,boletin,17,2026-08-07
2025-02,salidas_conexiones_internacionales,,acumulado_anual,5994.0,GWh,65.3,boletin,3,2026-08-07
2025-02,salidas_conexiones_internacionales,,mes,3485.0,GWh,,boletin,3,2026-08-07
2025-02,salidas_conexiones_internacionales,,tam,24836.0,GWh,10.5,boletin,3,2026-08-07
2025-02,total_salidas,,acumulado_anual,68632.0,GWh,2.3,boletin,3,2026-08-07
2025-02,total_salidas,,mes,32769.0,GWh,7.4,boletin,3,2026-08-07
2025-02,total_salidas,,tam,347907.0,GWh,0.4,boletin,3,2026-08-07
2025-02,tvb_capacidad_regasificacion_contratada,,mes,19238.0,GWh/mes,,boletin,15,2026-08-07
2025-02,tvb_capacidad_regasificacion_disponible,,mes,35222.0,GWh/mes,,boletin,15,2026-08-07
2025-02,tvb_capacidad_regasificacion_total,,mes,54460.0,GWh/mes,,boletin,15,2026-08-07
2025-02,tvb_regasificacion_comercial,,mes,18893.0,GWh,,boletin,15,2026-08-07
2025-03,aprovisionamiento_gn,Argelia,acumulado_anual,28817.0,GWh,,boletin,9,2026-08-07
2025-03,aprovisionamiento_gn,Argelia,mes,9509.0,GWh,,boletin,9,2026-08-07
2025-03,aprovisionamiento_gn,Argelia,tam,108909.0,GWh,,boletin,9,2026-08-07
2025-03,aprovisionamiento_gn,Biometano nacional,acumulado_anual,86.0,GWh,,boletin,9,2026-08-07
2025-03,aprovisionamiento_gn,Biometano nacional,mes,31.0,GWh,,boletin,9,2026-08-07
2025-03,aprovisionamiento_gn,Biometano nacional,tam,320.0,GWh,,boletin,9,2026-08-07
2025-03,aprovisionamiento_gn,Francia,acumulado_anual,1316.0,GWh,,boletin,9,2026-08-07
2025-03,aprovisionamiento_gn,Francia,mes,371.0,GWh,,boletin,9,2026-08-07
2025-03,aprovisionamiento_gn,Francia,tam,14086.0,GWh,,boletin,9,2026-08-07
2025-03,aprovisionamiento_gn,Portugal,acumulado_anual,1529.0,GWh,,boletin,9,2026-08-07
2025-03,aprovisionamiento_gn,Portugal,mes,329.0,GWh,,boletin,9,2026-08-07
2025-03,aprovisionamiento_gn,Portugal,tam,11692.0,GWh,,boletin,9,2026-08-07
2025-03,aprovisionamiento_gn,Yacimientos nacionales,acumulado_anual,239.0,GWh,,boletin,9,2026-08-07
2025-03,aprovisionamiento_gn,Yacimientos nacionales,mes,54.0,GWh,,boletin,9,2026-08-07
2025-03,aprovisionamiento_gn,Yacimientos nacionales,tam,413.0,GWh,,boletin,9,2026-08-07
2025-03,aprovisionamiento_gnl,Angola,acumulado_anual,5117.0,GWh,,boletin,9,2026-08-07
2025-03,aprovisionamiento_gnl,Angola,mes,3069.0,GWh,,boletin,9,2026-08-07
2025-03,aprovisionamiento_gnl,Angola,tam,7170.0,GWh,,boletin,9,2026-08-07
2025-03,aprovisionamiento_gnl,Argelia,acumulado_anual,2702.0,GWh,,boletin,9,2026-08-07
2025-03,aprovisionamiento_gnl,Argelia,mes,2702.0,GWh,,boletin,9,2026-08-07
2025-03,aprovisionamiento_gnl,Argelia,tam,23011.0,GWh,,boletin,9,2026-08-07
2025-03,aprovisionamiento_gnl,Bélgica,acumulado_anual,0.0,GWh,,boletin,9,2026-08-07
2025-03,aprovisionamiento_gnl,Bélgica,mes,0.0,GWh,,boletin,9,2026-08-07
2025-03,aprovisionamiento_gnl,Bélgica,tam,1106.0,GWh,,boletin,9,2026-08-07
2025-03,aprovisionamiento_gnl,Camerún,acumulado_anual,979.0,GWh,,boletin,9,2026-08-07
2025-03,aprovisionamiento_gnl,Camerún,mes,0.0,GWh,,boletin,9,2026-08-07
2025-03,aprovisionamiento_gnl,Camerún,tam,979.0,GWh,,boletin,9,2026-08-07
2025-03,aprovisionamiento_gnl,Congo,acumulado_anual,887.0,GWh,,boletin,9,2026-08-07
2025-03,aprovisionamiento_gnl,Congo,mes,0.0,GWh,,boletin,9,2026-08-07
2025-03,aprovisionamiento_gnl,Congo,tam,4252.0,GWh,,boletin,9,2026-08-07
2025-03,aprovisionamiento_gnl,Estados Unidos,acumulado_anual,31469.0,GWh,,boletin,9,2026-08-07
2025-03,aprovisionamiento_gnl,Estados Unidos,mes,11758.0,GWh,,boletin,9,2026-08-07
2025-03,aprovisionamiento_gnl,Estados Unidos,tam,65167.0,GWh,,boletin,9,2026-08-07
2025-03,aprovisionamiento_gnl,Francia,acumulado_anual,0.0,GWh,,boletin,9,2026-08-07
2025-03,aprovisionamiento_gnl,Francia,mes,0.0,GWh,,boletin,9,2026-08-07
2025-03,aprovisionamiento_gnl,Francia,tam,1093.0,GWh,,boletin,9,2026-08-07
2025-03,aprovisionamiento_gnl,Nigeria,acumulado_anual,7288.0,GWh,,boletin,9,2026-08-07
2025-03,aprovisionamiento_gnl,Nigeria,mes,2003.0,GWh,,boletin,9,2026-08-07
2025-03,aprovisionamiento_gnl,Nigeria,tam,24616.0,GWh,,boletin,9,2026-08-07
2025-03,aprovisionamiento_gnl,Noruega,acumulado_anual,659.0,GWh,,boletin,9,2026-08-07
2025-03,aprovisionamiento_gnl,Noruega,mes,659.0,GWh,,boletin,9,2026-08-07
2025-03,aprovisionamiento_gnl,Noruega,tam,2509.0,GWh,,boletin,9,2026-08-07
2025-03,aprovisionamiento_gnl,Perú,acumulado_anual,1039.0,GWh,,boletin,9,2026-08-07
2025-03,aprovisionamiento_gnl,Perú,mes,0.0,GWh,,boletin,9,2026-08-07
2025-03,aprovisionamiento_gnl,Perú,tam,2178.0,GWh,,boletin,9,2026-08-07
2025-03,aprovisionamiento_gnl,Qatar,acumulado_anual,3302.0,GWh,,boletin,9,2026-08-07
2025-03,aprovisionamiento_gnl,Qatar,mes,1652.0,GWh,,boletin,9,2026-08-07
2025-03,aprovisionamiento_gnl,Qatar,tam,11961.0,GWh,,boletin,9,2026-08-07
2025-03,aprovisionamiento_gnl,Rusia,acumulado_anual,13047.0,GWh,,boletin,9,2026-08-07
2025-03,aprovisionamiento_gnl,Rusia,mes,4393.0,GWh,,boletin,9,2026-08-07
2025-03,aprovisionamiento_gnl,Rusia,tam,63896.0,GWh,,boletin,9,2026-08-07
2025-03,aprovisionamiento_gnl,Trinidad y Tobago,acumulado_anual,0.0,GWh,,boletin,9,2026-08-07
2025-03,aprovisionamiento_gnl,Trinidad y Tobago,mes,0.0,GWh,,boletin,9,2026-08-07
2025-03,aprovisionamiento_gnl,Trinidad y Tobago,tam,2628.0,GWh,,boletin,9,2026-08-07
2025-03,biometano_distribucion,,acumulado_anual,38.8,GWh,20.3,boletin,13,2026-08-07
2025-03,biometano_distribucion,,mes,14.2,GWh,34.0,boletin,13,2026-08-07
2025-03,biometano_distribucion,,tam,144.0,GWh,4.6,boletin,13,2026-08-07
2025-03,biometano_transporte,,acumulado_anual,47.1,GWh,-4.3,boletin,13,2026-08-07
2025-03,biometano_transporte,,mes,16.5,GWh,-8.2,boletin,13,2026-08-07
2025-03,biometano_transporte,,tam,175.3,GWh,-1.5,boletin,13,2026-08-07
2025-03,cargas_buques,,acumulado_anual,1641.0,GWh,-36.0,boletin,3,2026-08-07
2025-03,cargas_buques,,mes,540.0,GWh,-4.6,boletin,3,2026-08-07
2025-03,cargas_buques,,tam,11115.0,GWh,-7.7,boletin,3,2026-08-07
2025-03,conexion_internacional_saldo,Almería,acumulado_anual,28817.0,GWh,12.9,boletin,11,2026-08-07
2025-03,conexion_internacional_saldo,Almería,mes,9509.0,GWh,9.2,boletin,11,2026-08-07
2025-03,conexion_internacional_saldo,Almería,tam,107722.0,GWh,2.9,boletin,11,2026-08-07
2025-03,conexion_internacional_saldo,Biometano,acumulado_anual,86.0,GWh,5.4,boletin,11,2026-08-07
2025-03,conexion_internacional_saldo,Biometano,mes,31.0,GWh,7.5,boletin,11,2026-08-07
2025-03,conexion_internacional_saldo,Biometano,tam,319.0,GWh,1.1,boletin,11,2026-08-07
2025-03,conexion_internacional_saldo,Tarifa,acumulado_anual,-2328.0,GWh,15.5,boletin,11,2026-08-07
2025-03,conexion_internacional_saldo,Tarifa,mes,-956.0,GWh,34.3,boletin,11,2026-08-07
2025-03,conexion_internacional_saldo,Tarifa,tam,-9987.0,GWh,2.9,boletin,11,2026-08-07
2025-03,conexion_internacional_saldo,VIP Ibérico,acumulado_anual,-161.0,GWh,,boletin,11,2026-08-07
2025-03,conexion_internacional_saldo,VIP Ibérico,mes,-610.0,GWh,,boletin,11,2026-08-07
2025-03,conexion_internacional_saldo,VIP Ibérico,tam,7563.0,GWh,-8.3,boletin,11,2026-08-07
2025-03,conexion_internacional_saldo,VIP Pirineos,acumulado_anual,-3449.0,GWh,,boletin,11,2026-08-07
2025-03,conexion_internacional_saldo,VIP Pirineos,mes,-523.0,GWh,6.0,boletin,11,2026-08-07
2025-03,conexion_internacional_saldo,VIP Pirineos,tam,3008.0,GWh,-58.2,boletin,11,2026-08-07
2025-03,conexion_internacional_saldo,Yacimiento Nacionales,acumulado_anual,239.0,GWh,,boletin,11,2026-08-07
2025-03,conexion_internacional_saldo,Yacimiento Nacionales,mes,54.0,GWh,,boletin,11,2026-08-07
2025-03,conexion_internacional_saldo,Yacimiento Nacionales,tam,413.0,GWh,83.6,boletin,11,2026-08-07
2025-03,correccion_laboralidad,,acumulado_anual,0.0,%,,boletin,5,2026-08-07
2025-03,correccion_laboralidad,,mes,4.5,%,,boletin,5,2026-08-07
2025-03,correccion_laboralidad,,tam,0.0,%,,boletin,5,2026-08-07
2025-03,correccion_temperatura,,acumulado_anual,3.6,%,,boletin,5,2026-08-07
2025-03,correccion_temperatura,,mes,7.1,%,,boletin,5,2026-08-07
2025-03,correccion_temperatura,,tam,1.1,%,,boletin,5,2026-08-07
2025-03,delta_temperatura,,mes,-1.2,ºC,,boletin,5,2026-08-07
2025-03,demanda_ccaa_cisternas,Andalucía,mes,176.0,GWh,-16.7,boletin,7,2026-08-07
2025-03,demanda_ccaa_cisternas,Aragón,mes,40.0,GWh,-20.7,boletin,7,2026-08-07
2025-03,demanda_ccaa_cisternas,Asturias,mes,33.0,GWh,21.1,boletin,7,2026-08-07
2025-03,demanda_ccaa_cisternas,Baleares,mes,6.0,GWh,-0.1,boletin,7,2026-08-07
2025-03,demanda_ccaa_cisternas,Cantabria,mes,25.0,GWh,-15.7,boletin,7,2026-08-07
2025-03,demanda_ccaa_cisternas,Castilla y León,mes,60.0,GWh,-4.5,boletin,7,2026-08-07
2025-03,demanda_ccaa_cisternas,Castilla-La Mancha,mes,65.0,GWh,-4.1,boletin,7,2026-08-07
2025-03,demanda_ccaa_cisternas,Cataluña,mes,105.0,GWh,-8.9,boletin,7,2026-08-07
2025-03,demanda_ccaa_cisternas,Comunidad Valenciana,mes,74.0,GWh,-34.2,boletin,7,2026-08-07
2025-03,demanda_ccaa_cisternas,Extremadura,mes,31.0,GWh,11.8,boletin,7,2026-08-07
2025-03,demanda_ccaa_cisternas,Galicia,mes,61.0,GWh,0.8,boletin,7,2026-08-07
2025-03,demanda_ccaa_cisternas,La Rioja,mes,5.0,GWh,18.4,boletin,7,2026-08-07
2025-03,demanda_ccaa_cisternas,Madrid,mes,280.0,GWh,117.0,boletin,7,2026-08-07
2025-03,demanda_ccaa_cisternas,Murcia,mes,56.0,GWh,-11.5,boletin,7,2026-08-07
2025-03,demanda_ccaa_cisternas,Navarra,mes,14.0,GWh,-42.3,boletin,7,2026-08-07
2025-03,demanda_ccaa_cisternas,País Vasco,mes,38.0,GWh,32.8,boletin,7,2026-08-07
2025-03,demanda_ccaa_convencional,Andalucía,mes,2548.0,GWh,-3.1,boletin,7,2026-08-07
2025-03,demanda_ccaa_convencional,Aragón,mes,1201.0,GWh,20.5,boletin,7,2026-08-07
2025-03,demanda_ccaa_convencional,Asturias,mes,553.0,GWh,-3.3,boletin,7,2026-08-07
2025-03,demanda_ccaa_convencional,Baleares,mes,142.0,GWh,27.7,boletin,7,2026-08-07
2025-03,demanda_ccaa_convencional,Cantabria,mes,282.0,GWh,0.9,boletin,7,2026-08-07
2025-03,demanda_ccaa_convencional,Castilla y León,mes,1845.0,GWh,5.2,boletin,7,2026-08-07
2025-03,demanda_ccaa_convencional,Castilla-La Mancha,mes,1036.0,GWh,-0.2,boletin,7,2026-08-07
2025-03,demanda_ccaa_convencional,Cataluña,mes,4108.0,GWh,7.2,boletin,7,2026-08-07
2025-03,demanda_ccaa_convencional,Comunidad Valenciana,mes,2347.0,GWh,7.5,boletin,7,2026-08-07
2025-03,demanda_ccaa_convencional,Extremadura,mes,201.0,GWh,14.3,boletin,7,2026-08-07
2025-03,demanda_ccaa_convencional,Galicia,mes,893.0,GWh,-11.6,boletin,7,2026-08-07
2025-03,demanda_ccaa_convencional,La Rioja,mes,277.0,GWh,24.0,boletin,7,2026-08-07
2025-03,demanda_ccaa_convencional,Madrid,mes,3358.0,GWh,25.3,boletin,7,2026-08-07
2025-03,demanda_ccaa_convencional,Murcia,mes,875.0,GWh,-31.5,boletin,7,2026-08-07
2025-03,demanda_ccaa_convencional,Navarra,mes,581.0,GWh,13.2,boletin,7,2026-08-07
2025-03,demanda_ccaa_convencional,País Vasco,mes,1704.0,GWh,-0.5,boletin,7,2026-08-07
2025-03,demanda_ccaa_sector_electrico,Andalucía,mes,1117.0,GWh,37.7,boletin,7,2026-08-07
2025-03,demanda_ccaa_sector_electrico,Aragón,mes,245.0,GWh,175.0,boletin,7,2026-08-07
2025-03,demanda_ccaa_sector_electrico,Asturias,mes,241.0,GWh,83.2,boletin,7,2026-08-07
2025-03,demanda_ccaa_sector_electrico,Baleares,mes,574.0,GWh,-2.5,boletin,7,2026-08-07
2025-03,demanda_ccaa_sector_electrico,Cantabria,mes,0.0,GWh,,boletin,7,2026-08-07
2025-03,demanda_ccaa_sector_electrico,Castilla y León,mes,0.0,GWh,,boletin,7,2026-08-07
2025-03,demanda_ccaa_sector_electrico,Castilla-La Mancha,mes,282.0,GWh,5.7,boletin,7,2026-08-07
2025-03,demanda_ccaa_sector_electrico,Cataluña,mes,910.0,GWh,-3.1,boletin,7,2026-08-07
2025-03,demanda_ccaa_sector_electrico,Comunidad Valenciana,mes,428.0,GWh,-3.5,boletin,7,2026-08-07
2025-03,demanda_ccaa_sector_electrico,Extremadura,mes,0.0,GWh,,boletin,7,2026-08-07
2025-03,demanda_ccaa_sector_electrico,Galicia,mes,457.0,GWh,45.6,boletin,7,2026-08-07
2025-03,demanda_ccaa_sector_electrico,La Rioja,mes,216.0,GWh,126.2,boletin,7,2026-08-07
2025-03,demanda_ccaa_sector_electrico,Madrid,mes,0.0,GWh,,boletin,7,2026-08-07
2025-03,demanda_ccaa_sector_electrico,Murcia,mes,401.0,GWh,-31.2,boletin,7,2026-08-07
2025-03,demanda_ccaa_sector_electrico,Navarra,mes,79.0,GWh,-33.8,boletin,7,2026-08-07
2025-03,demanda_ccaa_sector_electrico,País Vasco,mes,398.0,GWh,3.8,boletin,7,2026-08-07
2025-03,demanda_cisternas,,acumulado_anual,3300.0,GWh,-0.8,progreso,3,2026-08-07
2025-03,demanda_cisternas,,mes,1100.0,GWh,4.4,progreso,3,2026-08-07
2025-03,demanda_cisternas,,tam,12400.0,GWh,-0.2,progreso,3,2026-08-07
2025-03,demanda_convencional,,acumulado_anual,70988.0,GWh,-1.6,boletin,3,2026-08-07
2025-03,demanda_convencional,,mes,23054.0,GWh,4.6,boletin,3,2026-08-07
2025-03,demanda_convencional,,tam,235941.0,GWh,-0.5,boletin,3,2026-08-07
2025-03,demanda_convencional_corregida,,acumulado_anual,-5.2,%,,boletin,5,2026-08-07
2025-03,demanda_convencional_corregida,,mes,-7.0,%,,boletin,5,2026-08-07
2025-03,demanda_convencional_corregida,,tam,-1.6,%,,boletin,5,2026-08-07
2025-03,demanda_dc_pymes,,acumulado_anual,23800.0,GWh,12.2,progreso,3,2026-08-07
2025-03,demanda_dc_pymes,,mes,7400.0,GWh,26.8,progreso,3,2026-08-07
2025-03,demanda_dc_pymes,,tam,50400.0,GWh,5.4,progreso,3,2026-08-07
2025-03,demanda_industrial,,acumulado_anual,43900.0,GWh,-7.8,progreso,3,2026-08-07
2025-03,demanda_industrial,,mes,14500.0,GWh,-4.0,progreso,3,2026-08-07
2025-03,demanda_industrial,,tam,173200.0,GWh,-2.1,progreso,3,2026-08-07
2025-03,demanda_internacional,,acumulado_anual,10493.0,GWh,19.4,boletin,3,2026-08-07
2025-03,demanda_internacional,,mes,3398.0,GWh,7.4,boletin,3,2026-08-07
2025-03,demanda_internacional,,tam,36212.0,GWh,4.9,boletin,3,2026-08-07
2025-03,demanda_nacional,,acumulado_anual,89836.0,GWh,1.8,boletin,3,2026-08-07
2025-03,demanda_nacional,,mes,28402.0,GWh,6.0,boletin,3,2026-08-07
2025-03,demanda_nacional,,tam,313425.0,GWh,0.5,boletin,3,2026-08-07
2025-03,demanda_sector_electrico,,acumulado_anual,18848.0,GWh,17.1,boletin,3,2026-08-07
2025-03,demanda_sector_electrico,,mes,5348.0,GWh,12.2,boletin,3,2026-08-07
2025-03,demanda_sector_electrico,,tam,77484.0,GWh,3.7,boletin,3,2026-08-07
2025-03,destino_cargas_pct,Bunkering,acumulado_anual,58.9,%,,boletin,18,2026-08-07
2025-03,destino_cargas_pct,Bunkering,mes,51.8,%,,boletin,18,2026-08-07
2025-03,destino_cargas_pct,EU,acumulado_anual,7.1,%,,boletin,18,2026-08-07
2025-03,destino_cargas_pct,EU,mes,7.6,%,,boletin,18,2026-08-07
2025-03,destino_cargas_pct,non EU,acumulado_anual,34.0,%,,boletin,18,2026-08-07
2025-03,destino_cargas_pct,non EU,mes,40.5,%,,boletin,18,2026-08-07
2025-03,generacion_electrica,Carbón,mes,200.0,GWh,-11.7,boletin,6,2026-08-07
2025-03,generacion_electrica,Cogeneración,mes,1300.0,GWh,-0.4,boletin,6,2026-08-07
2025-03,generacion_electrica,Eólica,mes,6800.0,GWh,10.2,boletin,6,2026-08-07
2025-03,generacion_electrica,Gas natural,mes,1800.0,GWh,20.6,boletin,6,2026-08-07
2025-03,generacion_electrica,Hidráulica,mes,4500.0,GWh,-15.2,boletin,6,2026-08-07
2025-03,generacion_electrica,Nuclear,mes,4800.0,GWh,38.2,boletin,6,2026-08-07
2025-03,generacion_electrica,Resto renovables,mes,300.0,GWh,-6.4,boletin,6,2026-08-07
2025-03,generacion_electrica,Solar,mes,3300.0,GWh,0.6,boletin,6,2026-08-07
2025-03,pct_total_gn,,mes,28.2,%,,boletin,9,2026-08-07
2025-03,pct_total_gnl,,mes,71.8,%,,boletin,9,2026-08-07
2025-03,planta_carga_cisternas,BARCELONA,mes,210.0,GWh,-2.3,boletin,17,2026-08-07
2025-03,planta_carga_cisternas,BILBAO,mes,122.0,GWh,10.5,boletin,17,2026-08-07
2025-03,planta_carga_cisternas,CARTAGENA,mes,198.0,GWh,-3.0,boletin,17,2026-08-07
2025-03,planta_carga_cisternas,HUELVA,mes,211.0,GWh,10.8,boletin,17,2026-08-07
2025-03,planta_carga_cisternas,MUGARDOS,mes,80.0,GWh,-13.3,boletin,17,2026-08-07
2025-03,planta_carga_cisternas,MUSEL,mes,74.0,GWh,55.7,boletin,17,2026-08-07
2025-03,planta_carga_cisternas,SAGUNTO,mes,200.0,GWh,5.6,boletin,17,2026-08-07
2025-03,planta_cargas_buques,BARCELONA,mes,65.0,GWh,-69.7,boletin,17,2026-08-07
2025-03,planta_cargas_buques,BILBAO,mes,0.0,GWh,,boletin,17,2026-08-07
2025-03,planta_cargas_buques,CARTAGENA,mes,191.0,GWh,,boletin,17,2026-08-07
2025-03,planta_cargas_buques,HUELVA,mes,216.0,GWh,37.7,boletin,17,2026-08-07
2025-03,planta_cargas_buques,MUGARDOS,mes,68.0,GWh,,boletin,17,2026-08-07
2025-03,planta_cargas_buques,MUSEL,mes,0.0,GWh,,boletin,17,2026-08-07
2025-03,planta_cargas_buques,SAGUNTO,mes,0.0,GWh,-100.0,boletin,17,2026-08-07
2025-03,planta_descargas_buques,BARCELONA,mes,4617.0,GWh,,boletin,17,2026-08-07
2025-03,planta_descargas_buques,BILBAO,mes,6253.0,GWh,15.5,boletin,17,2026-08-07
2025-03,planta_descargas_buques,CARTAGENA,mes,5177.0,GWh,27.7,boletin,17,2026-08-07
2025-03,planta_descargas_buques,HUELVA,mes,1140.0,GWh,-44.5,boletin,17,2026-08-07
2025-03,planta_descargas_buques,MUGARDOS,mes,3163.0,GWh,44.8,boletin,17,2026-08-07
2025-03,planta_descargas_buques,MUSEL,mes,0.0,GWh,,boletin,17,2026-08-07
2025-03,planta_descargas_buques,SAGUNTO,mes,4874.0,GWh,,boletin,17,2026-08-07
2025-03,planta_n_buques_descargados,BARCELONA,mes,5.0,nº,,boletin,17,2026-08-07
2025-03,planta_n_buques_descargados,BILBAO,mes,6.0,nº,20.0,boletin,17,2026-08-07
2025-03,planta_n_buques_descargados,CARTAGENA,mes,5.0,nº,25.0,boletin,17,2026-08-07
2025-03,planta_n_buques_descargados,HUELVA,mes,1.0,nº,-50.0,boletin,17,2026-08-07
2025-03,planta_n_buques_descargados,MUGARDOS,mes,3.0,nº,50.0,boletin,17,2026-08-07
2025-03,planta_n_buques_descargados,MUSEL,mes,0.0,nº,,boletin,17,2026-08-07
2025-03,planta_n_buques_descargados,SAGUNTO,mes,7.0,nº,,boletin,17,2026-08-07
2025-03,salidas_conexiones_internacionales,,acumulado_anual,8852.0,GWh,42.3,boletin,3,2026-08-07
2025-03,salidas_conexiones_internacionales,,mes,2858.0,GWh,10.1,boletin,3,2026-08-07
2025-03,salidas_conexiones_internacionales,,tam,25097.0,GWh,11.7,boletin,3,2026-08-07
2025-03,total_salidas,,acumulado_anual,100329.0,GWh,3.4,boletin,3,2026-08-07
2025-03,total_salidas,,mes,31800.0,GWh,6.1,boletin,3,2026-08-07
2025-03,total_salidas,,tam,349637.0,GWh,0.9,boletin,3,2026-08-07
2025-03,tvb_capacidad_regasificacion_contratada,,mes,19809.0,GWh/mes,,boletin,15,2026-08-07
2025-03,tvb_capacidad_regasificacion_disponible,,mes,40486.0,GWh/mes,,boletin,15,2026-08-07
2025-03,tvb_capacidad_regasificacion_total,,mes,60295.0,GWh/mes,,boletin,15,2026-08-07
2025-03,tvb_regasificacion_comercial,,mes,19458.0,GWh,,boletin,15,2026-08-07
2025-04,aprovisionamiento_gn,Argelia,acumulado_anual,36634.0,GWh,,boletin,9,2026-08-07
2025-04,aprovisionamiento_gn,Argelia,mes,7817.0,GWh,,boletin,9,2026-08-07
2025-04,aprovisionamiento_gn,Argelia,tam,108308.0,GWh,,boletin,9,2026-08-07
2025-04,aprovisionamiento_gn,Biometano nacional,acumulado_anual,117.0,GWh,,boletin,9,2026-08-07
2025-04,aprovisionamiento_gn,Biometano nacional,mes,31.0,GWh,,boletin,9,2026-08-07
2025-04,aprovisionamiento_gn,Biometano nacional,tam,325.0,GWh,,boletin,9,2026-08-07
2025-04,aprovisionamiento_gn,Francia,acumulado_anual,1419.0,GWh,,boletin,9,2026-08-07
2025-04,aprovisionamiento_gn,Francia,mes,103.0,GWh,,boletin,9,2026-08-07
2025-04,aprovisionamiento_gn,Francia,tam,13024.0,GWh,,boletin,9,2026-08-07
2025-04,aprovisionamiento_gn,Portugal,acumulado_anual,2941.0,GWh,,boletin,9,2026-08-07
2025-04,aprovisionamiento_gn,Portugal,mes,1411.0,GWh,,boletin,9,2026-08-07
2025-04,aprovisionamiento_gn,Portugal,tam,12057.0,GWh,,boletin,9,2026-08-07
2025-04,aprovisionamiento_gn,Yacimientos nacionales,acumulado_anual,243.0,GWh,,boletin,9,2026-08-07
2025-04,aprovisionamiento_gn,Yacimientos nacionales,mes,4.0,GWh,,boletin,9,2026-08-07
2025-04,aprovisionamiento_gn,Yacimientos nacionales,tam,396.0,GWh,,boletin,9,2026-08-07
2025-04,aprovisionamiento_gnl,Angola,acumulado_anual,5117.0,GWh,,boletin,9,2026-08-07
2025-04,aprovisionamiento_gnl,Angola,mes,0.0,GWh,,boletin,9,2026-08-07
2025-04,aprovisionamiento_gnl,Angola,tam,7170.0,GWh,,boletin,9,2026-08-07
2025-04,aprovisionamiento_gnl,Argelia,acumulado_anual,4753.0,GWh,,boletin,9,2026-08-07
2025-04,aprovisionamiento_gnl,Argelia,mes,2051.0,GWh,,boletin,9,2026-08-07
2025-04,aprovisionamiento_gnl,Argelia,tam,21129.0,GWh,,boletin,9,2026-08-07
2025-04,aprovisionamiento_gnl,Bélgica,acumulado_anual,0.0,GWh,,boletin,9,2026-08-07
2025-04,aprovisionamiento_gnl,Bélgica,mes,0.0,GWh,,boletin,9,2026-08-07
2025-04,aprovisionamiento_gnl,Bélgica,tam,0.0,GWh,,boletin,9,2026-08-07
2025-04,aprovisionamiento_gnl,Camerún,acumulado_anual,979.0,GWh,,boletin,9,2026-08-07
2025-04,aprovisionamiento_gnl,Camerún,mes,0.0,GWh,,boletin,9,2026-08-07
2025-04,aprovisionamiento_gnl,Camerún,tam,979.0,GWh,,boletin,9,2026-08-07
2025-04,aprovisionamiento_gnl,Congo,acumulado_anual,1804.0,GWh,,boletin,9,2026-08-07
2025-04,aprovisionamiento_gnl,Congo,mes,918.0,GWh,,boletin,9,2026-08-07
2025-04,aprovisionamiento_gnl,Congo,tam,5170.0,GWh,,boletin,9,2026-08-07
2025-04,aprovisionamiento_gnl,Estados Unidos,acumulado_anual,45932.0,GWh,,boletin,9,2026-08-07
2025-04,aprovisionamiento_gnl,Estados Unidos,mes,14463.0,GWh,,boletin,9,2026-08-07
2025-04,aprovisionamiento_gnl,Estados Unidos,tam,77487.0,GWh,,boletin,9,2026-08-07
2025-04,aprovisionamiento_gnl,Francia,acumulado_anual,0.0,GWh,,boletin,9,2026-08-07
2025-04,aprovisionamiento_gnl,Francia,mes,0.0,GWh,,boletin,9,2026-08-07
2025-04,aprovisionamiento_gnl,Francia,tam,1093.0,GWh,,boletin,9,2026-08-07
2025-04,aprovisionamiento_gnl,Nigeria,acumulado_anual,2682.0,GWh,,boletin,9,2026-08-07
2025-04,aprovisionamiento_gnl,Nigeria,mes,0.0,GWh,,boletin,9,2026-08-07
2025-04,aprovisionamiento_gnl,Nigeria,tam,21934.0,GWh,,boletin,9,2026-08-07
2025-04,aprovisionamiento_gnl,Noruega,acumulado_anual,1271.0,GWh,,boletin,9,2026-08-07
2025-04,aprovisionamiento_gnl,Noruega,mes,613.0,GWh,,boletin,9,2026-08-07
2025-04,aprovisionamiento_gnl,Noruega,tam,2201.0,GWh,,boletin,9,2026-08-07
2025-04,aprovisionamiento_gnl,Perú,acumulado_anual,2143.0,GWh,,boletin,9,2026-08-07
2025-04,aprovisionamiento_gnl,Perú,mes,1104.0,GWh,,boletin,9,2026-08-07
2025-04,aprovisionamiento_gnl,Perú,tam,3282.0,GWh,,boletin,9,2026-08-07
2025-04,aprovisionamiento_gnl,Qatar,acumulado_anual,3302.0,GWh,,boletin,9,2026-08-07
2025-04,aprovisionamiento_gnl,Qatar,mes,0.0,GWh,,boletin,9,2026-08-07
2025-04,aprovisionamiento_gnl,Qatar,tam,11961.0,GWh,,boletin,9,2026-08-07
2025-04,aprovisionamiento_gnl,Rusia,acumulado_anual,17435.0,GWh,,boletin,9,2026-08-07
2025-04,aprovisionamiento_gnl,Rusia,mes,4388.0,GWh,,boletin,9,2026-08-07
2025-04,aprovisionamiento_gnl,Rusia,tam,62942.0,GWh,,boletin,9,2026-08-07
2025-04,aprovisionamiento_gnl,Trinidad y Tobago,acumulado_anual,0.0,GWh,,boletin,9,2026-08-07
2025-04,aprovisionamiento_gnl,Trinidad y Tobago,mes,0.0,GWh,,boletin,9,2026-08-07
2025-04,aprovisionamiento_gnl,Trinidad y Tobago,tam,2628.0,GWh,,boletin,9,2026-08-07
2025-04,biometano_distribucion,,acumulado_anual,54.6,GWh,23.2,boletin,13,2026-08-07
2025-04,biometano_distribucion,,mes,15.8,GWh,34.1,boletin,13,2026-08-07
2025-04,biometano_distribucion,,tam,148.0,GWh,7.5,boletin,13,2026-08-07
2025-04,biometano_transporte,,acumulado_anual,62.5,GWh,-2.8,boletin,13,2026-08-07
2025-04,biometano_transporte,,mes,15.4,GWh,6.0,boletin,13,2026-08-07
2025-04,biometano_transporte,,tam,176.2,GWh,-1.0,boletin,13,2026-08-07
2025-04,cargas_buques,,acumulado_anual,2649.0,GWh,-12.2,boletin,3,2026-08-07
2025-04,cargas_buques,,mes,1008.0,GWh,,boletin,3,2026-08-07
2025-04,cargas_buques,,tam,11670.0,GWh,-3.1,boletin,3,2026-08-07
2025-04,conexion_internacional_saldo,Almería,acumulado_anual,36634.0,GWh,7.1,boletin,11,2026-08-07
2025-04,conexion_internacional_saldo,Almería,mes,7817.0,GWh,-7.1,boletin,11,2026-08-07
2025-04,conexion_internacional_saldo,Almería,tam,107122.0,GWh,2.3,boletin,11,2026-08-07
2025-04,conexion_internacional_saldo,Biometano,acumulado_anual,117.0,GWh,7.8,boletin,11,2026-08-07
2025-04,conexion_internacional_saldo,Biometano,mes,31.0,GWh,18.6,boletin,11,2026-08-07
2025-04,conexion_internacional_saldo,Biometano,tam,324.0,GWh,2.7,boletin,11,2026-08-07
2025-04,conexion_internacional_saldo,Tarifa,acumulado_anual,-3066.0,GWh,8.6,boletin,11,2026-08-07
2025-04,conexion_internacional_saldo,Tarifa,mes,-738.0,GWh,-5.4,boletin,11,2026-08-07
2025-04,conexion_internacional_saldo,Tarifa,tam,-9945.0,GWh,2.5,boletin,11,2026-08-07
2025-04,conexion_internacional_saldo,VIP Ibérico,acumulado_anual,1039.0,GWh,-16.8,boletin,11,2026-08-07
2025-04,conexion_internacional_saldo,VIP Ibérico,mes,1200.0,GWh,65.7,boletin,11,2026-08-07
2025-04,conexion_internacional_saldo,VIP Ibérico,tam,8039.0,GWh,-2.5,boletin,11,2026-08-07
2025-04,conexion_internacional_saldo,VIP Pirineos,acumulado_anual,-7783.0,GWh,,boletin,11,2026-08-07
2025-04,conexion_internacional_saldo,VIP Pirineos,mes,-4334.0,GWh,,boletin,11,2026-08-07
2025-04,conexion_internacional_saldo,VIP Pirineos,tam,-1513.0,GWh,,boletin,11,2026-08-07
2025-04,conexion_internacional_saldo,Yacimiento Nacionales,acumulado_anual,243.0,GWh,,boletin,11,2026-08-07
2025-04,conexion_internacional_saldo,Yacimiento Nacionales,mes,4.0,GWh,-81.6,boletin,11,2026-08-07
2025-04,conexion_internacional_saldo,Yacimiento Nacionales,tam,396.0,GWh,75.7,boletin,11,2026-08-07
2025-04,correccion_laboralidad,,acumulado_anual,-1.1,%,,boletin,5,2026-08-07
2025-04,correccion_laboralidad,,mes,-5.1,%,,boletin,5,2026-08-07
2025-04,correccion_laboralidad,,tam,-0.4,%,,boletin,5,2026-08-07
2025-04,correccion_temperatura,,acumulado_anual,2.8,%,,boletin,5,2026-08-07
2025-04,correccion_temperatura,,mes,-0.3,%,,boletin,5,2026-08-07
2025-04,correccion_temperatura,,tam,1.1,%,,boletin,5,2026-08-07
2025-04,delta_temperatura,,mes,0.4,ºC,,boletin,5,2026-08-07
2025-04,demanda_ccaa_cisternas,Andalucía,mes,145.0,GWh,-25.8,boletin,7,2026-08-07
2025-04,demanda_ccaa_cisternas,Aragón,mes,38.0,GWh,-23.7,boletin,7,2026-08-07
2025-04,demanda_ccaa_cisternas,Asturias,mes,28.0,GWh,-14.2,boletin,7,2026-08-07
2025-04,demanda_ccaa_cisternas,Baleares,mes,7.0,GWh,-21.1,boletin,7,2026-08-07
2025-04,demanda_ccaa_cisternas,Cantabria,mes,23.0,GWh,-17.9,boletin,7,2026-08-07
2025-04,demanda_ccaa_cisternas,Castilla y León,mes,42.0,GWh,-28.3,boletin,7,2026-08-07
2025-04,demanda_ccaa_cisternas,Castilla-La Mancha,mes,44.0,GWh,-24.1,boletin,7,2026-08-07
2025-04,demanda_ccaa_cisternas,Cataluña,mes,84.0,GWh,-25.9,boletin,7,2026-08-07
2025-04,demanda_ccaa_cisternas,Comunidad Valenciana,mes,77.0,GWh,-35.6,boletin,7,2026-08-07
2025-04,demanda_ccaa_cisternas,Extremadura,mes,20.0,GWh,-24.7,boletin,7,2026-08-07
2025-04,demanda_ccaa_cisternas,Galicia,mes,55.0,GWh,3.2,boletin,7,2026-08-07
2025-04,demanda_ccaa_cisternas,La Rioja,mes,6.0,GWh,-7.8,boletin,7,2026-08-07
2025-04,demanda_ccaa_cisternas,Madrid,mes,256.0,GWh,91.0,boletin,7,2026-08-07
2025-04,demanda_ccaa_cisternas,Murcia,mes,44.0,GWh,-17.6,boletin,7,2026-08-07
2025-04,demanda_ccaa_cisternas,Navarra,mes,5.0,GWh,-61.2,boletin,7,2026-08-07
2025-04,demanda_ccaa_cisternas,País Vasco,mes,37.0,GWh,12.5,boletin,7,2026-08-07
2025-04,demanda_ccaa_convencional,Andalucía,mes,2261.0,GWh,16.7,boletin,7,2026-08-07
2025-04,demanda_ccaa_convencional,Aragón,mes,863.0,GWh,2.1,boletin,7,2026-08-07
2025-04,demanda_ccaa_convencional,Asturias,mes,480.0,GWh,-4.3,boletin,7,2026-08-07
2025-04,demanda_ccaa_convencional,Baleares,mes,126.0,GWh,26.3,boletin,7,2026-08-07
2025-04,demanda_ccaa_convencional,Cantabria,mes,221.0,GWh,4.2,boletin,7,2026-08-07
2025-04,demanda_ccaa_convencional,Castilla y León,mes,1303.0,GWh,-4.8,boletin,7,2026-08-07
2025-04,demanda_ccaa_convencional,Castilla-La Mancha,mes,869.0,GWh,5.7,boletin,7,2026-08-07
2025-04,demanda_ccaa_convencional,Cataluña,mes,2901.0,GWh,-13.1,boletin,7,2026-08-07
2025-04,demanda_ccaa_convencional,Comunidad Valenciana,mes,2010.0,GWh,-1.8,boletin,7,2026-08-07
2025-04,demanda_ccaa_convencional,Extremadura,mes,146.0,GWh,-5.3,boletin,7,2026-08-07
2025-04,demanda_ccaa_convencional,Galicia,mes,748.0,GWh,-11.8,boletin,7,2026-08-07
2025-04,demanda_ccaa_convencional,La Rioja,mes,179.0,GWh,-2.0,boletin,7,2026-08-07
2025-04,demanda_ccaa_convencional,Madrid,mes,1767.0,GWh,5.9,boletin,7,2026-08-07
2025-04,demanda_ccaa_convencional,Murcia,mes,996.0,GWh,-16.5,boletin,7,2026-08-07
2025-04,demanda_ccaa_convencional,Navarra,mes,436.0,GWh,0.3,boletin,7,2026-08-07
2025-04,demanda_ccaa_convencional,País Vasco,mes,1282.0,GWh,-12.0,boletin,7,2026-08-07
2025-04,demanda_ccaa_sector_electrico,Andalucía,mes,1275.0,GWh,53.8,boletin,7,2026-08-07
2025-04,demanda_ccaa_sector_electrico,Aragón,mes,113.0,GWh,211.1,boletin,7,2026-08-07
2025-04,demanda_ccaa_sector_electrico,Asturias,mes,232.0,GWh,155.7,boletin,7,2026-08-07
2025-04,demanda_ccaa_sector_electrico,Baleares,mes,635.0,GWh,3.4,boletin,7,2026-08-07
2025-04,demanda_ccaa_sector_electrico,Cantabria,mes,0.0,GWh,,boletin,7,2026-08-07
2025-04,demanda_ccaa_sector_electrico,Castilla y León,mes,0.0,GWh,,boletin,7,2026-08-07
2025-04,demanda_ccaa_sector_electrico,Castilla-La Mancha,mes,371.0,GWh,60.7,boletin,7,2026-08-07
2025-04,demanda_ccaa_sector_electrico,Cataluña,mes,791.0,GWh,-17.0,boletin,7,2026-08-07
2025-04,demanda_ccaa_sector_electrico,Comunidad Valenciana,mes,561.0,GWh,49.9,boletin,7,2026-08-07
2025-04,demanda_ccaa_sector_electrico,Extremadura,mes,0.0,GWh,,boletin,7,2026-08-07
2025-04,demanda_ccaa_sector_electrico,Galicia,mes,515.0,GWh,99.4,boletin,7,2026-08-07
2025-04,demanda_ccaa_sector_electrico,La Rioja,mes,58.0,GWh,30.6,boletin,7,2026-08-07
2025-04,demanda_ccaa_sector_electrico,Madrid,mes,0.0,GWh,,boletin,7,2026-08-07
2025-04,demanda_ccaa_sector_electrico,Murcia,mes,450.0,GWh,-27.2,boletin,7,2026-08-07
2025-04,demanda_ccaa_sector_electrico,Navarra,mes,93.0,GWh,145.2,boletin,7,2026-08-07
2025-04,demanda_ccaa_sector_electrico,País Vasco,mes,439.0,GWh,20.3,boletin,7,2026-08-07
2025-04,demanda_cisternas,,acumulado_anual,4200.0,GWh,-2.4,progreso,3,2026-08-07
2025-04,demanda_cisternas,,mes,900.0,GWh,-7.6,progreso,3,2026-08-07
2025-04,demanda_cisternas,,tam,12300.0,GWh,-0.8,progreso,3,2026-08-07
2025-04,demanda_convencional,,acumulado_anual,88546.0,GWh,-1.9,boletin,3,2026-08-07
2025-04,demanda_convencional,,mes,17558.0,GWh,-3.1,boletin,3,2026-08-07
2025-04,demanda_convencional,,tam,235387.0,GWh,-0.7,boletin,3,2026-08-07
2025-04,demanda_convencional_corregida,,acumulado_anual,-3.6,%,,boletin,5,2026-08-07
2025-04,demanda_convencional_corregida,,mes,2.4,%,,boletin,5,2026-08-07
2025-04,demanda_convencional_corregida,,tam,-1.4,%,,boletin,5,2026-08-07
2025-04,demanda_dc_pymes,,acumulado_anual,27200.0,GWh,10.2,progreso,3,2026-08-07
2025-04,demanda_dc_pymes,,mes,3400.0,GWh,-1.7,progreso,3,2026-08-07
2025-04,demanda_dc_pymes,,tam,50300.0,GWh,5.3,progreso,3,2026-08-07
2025-04,demanda_industrial,,acumulado_anual,57100.0,GWh,-6.8,progreso,3,2026-08-07
2025-04,demanda_industrial,,mes,13200.0,GWh,-3.1,progreso,3,2026-08-07
2025-04,demanda_industrial,,tam,172700.0,GWh,-2.3,progreso,3,2026-08-07
2025-04,demanda_internacional,,acumulado_anual,16887.0,GWh,49.2,boletin,3,2026-08-07
2025-04,demanda_internacional,,mes,6394.0,GWh,,boletin,3,2026-08-07
2025-04,demanda_internacional,,tam,40073.0,GWh,16.1,boletin,3,2026-08-07
2025-04,demanda_nacional,,acumulado_anual,112926.0,GWh,1.9,boletin,3,2026-08-07
2025-04,demanda_nacional,,mes,23090.0,GWh,2.3,boletin,3,2026-08-07
2025-04,demanda_nacional,,tam,313951.0,GWh,0.7,boletin,3,2026-08-07
2025-04,demanda_sector_electrico,,acumulado_anual,24380.0,GWh,18.6,boletin,3,2026-08-07
2025-04,demanda_sector_electrico,,mes,5532.0,GWh,24.3,boletin,3,2026-08-07
2025-04,demanda_sector_electrico,,tam,78564.0,GWh,5.1,boletin,3,2026-08-07
2025-04,destino_cargas_pct,Bunkering,acumulado_anual,48.1,%,,boletin,18,2026-08-07
2025-04,destino_cargas_pct,Bunkering,mes,64.4,%,,boletin,18,2026-08-07
2025-04,destino_cargas_pct,EU,acumulado_anual,6.0,%,,boletin,18,2026-08-07
2025-04,destino_cargas_pct,EU,mes,4.8,%,,boletin,18,2026-08-07
2025-04,destino_cargas_pct,non EU,acumulado_anual,45.8,%,,boletin,18,2026-08-07
2025-04,destino_cargas_pct,non EU,mes,30.8,%,,boletin,18,2026-08-07
2025-04,generacion_electrica,Carbón,mes,200.0,GWh,-20.7,boletin,6,2026-08-07
2025-04,generacion_electrica,Cogeneración,mes,1300.0,GWh,26.6,boletin,6,2026-08-07
2025-04,generacion_electrica,Eólica,mes,4500.0,GWh,-4.0,boletin,6,2026-08-07
2025-04,generacion_electrica,Gas natural,mes,1800.0,GWh,27.6,boletin,6,2026-08-07
2025-04,generacion_electrica,Hidráulica,mes,4500.0,GWh,0.3,boletin,6,2026-08-07
2025-04,generacion_electrica,Nuclear,mes,2900.0,GWh,-16.4,boletin,6,2026-08-07
2025-04,generacion_electrica,Resto renovables,mes,300.0,GWh,4.2,boletin,6,2026-08-07
2025-04,generacion_electrica,Solar,mes,4600.0,GWh,5.1,boletin,6,2026-08-07
2025-04,pct_total_gn,,mes,28.5,%,,boletin,9,2026-08-07
2025-04,pct_total_gnl,,mes,71.5,%,,boletin,9,2026-08-07
2025-04,planta_carga_cisternas,BARCELONA,mes,181.0,GWh,-8.8,boletin,17,2026-08-07
2025-04,planta_carga_cisternas,BILBAO,mes,104.0,GWh,-5.6,boletin,17,2026-08-07
2025-04,planta_carga_cisternas,CARTAGENA,mes,166.0,GWh,-9.3,boletin,17,2026-08-07
2025-04,planta_carga_cisternas,HUELVA,mes,162.0,GWh,-15.0,boletin,17,2026-08-07
2025-04,planta_carga_cisternas,MUGARDOS,mes,75.0,GWh,-10.2,boletin,17,2026-08-07
2025-04,planta_carga_cisternas,MUSEL,mes,58.0,GWh,10.8,boletin,17,2026-08-07
2025-04,planta_carga_cisternas,SAGUNTO,mes,181.0,GWh,-2.3,boletin,17,2026-08-07
2025-04,planta_cargas_buques,BARCELONA,mes,121.0,GWh,-57.6,boletin,17,2026-08-07
2025-04,planta_cargas_buques,BILBAO,mes,0.0,GWh,,boletin,17,2026-08-07
2025-04,planta_cargas_buques,CARTAGENA,mes,334.0,GWh,,boletin,17,2026-08-07
2025-04,planta_cargas_buques,HUELVA,mes,195.0,GWh,,boletin,17,2026-08-07
2025-04,planta_cargas_buques,MUGARDOS,mes,128.0,GWh,38.8,boletin,17,2026-08-07
2025-04,planta_cargas_buques,MUSEL,mes,0.0,GWh,,boletin,17,2026-08-07
2025-04,planta_cargas_buques,SAGUNTO,mes,230.0,GWh,,boletin,17,2026-08-07
2025-04,planta_descargas_buques,BARCELONA,mes,5282.0,GWh,,boletin,17,2026-08-07
2025-04,planta_descargas_buques,BILBAO,mes,5465.0,GWh,33.9,boletin,17,2026-08-07
2025-04,planta_descargas_buques,CARTAGENA,mes,1993.0,GWh,0.5,boletin,17,2026-08-07
2025-04,planta_descargas_buques,HUELVA,mes,6096.0,GWh,25.9,boletin,17,2026-08-07
2025-04,planta_descargas_buques,MUGARDOS,mes,2993.0,GWh,37.7,boletin,17,2026-08-07
2025-04,planta_descargas_buques,MUSEL,mes,0.0,GWh,,boletin,17,2026-08-07
2025-04,planta_descargas_buques,SAGUNTO,mes,613.0,GWh,-70.5,boletin,17,2026-08-07
2025-04,planta_n_buques_descargados,BARCELONA,mes,5.0,nº,,boletin,17,2026-08-07
2025-04,planta_n_buques_descargados,BILBAO,mes,5.0,nº,25.0,boletin,17,2026-08-07
2025-04,planta_n_buques_descargados,CARTAGENA,mes,2.0,nº,-33.3,boletin,17,2026-08-07
2025-04,planta_n_buques_descargados,HUELVA,mes,6.0,nº,20.0,boletin,17,2026-08-07
2025-04,planta_n_buques_descargados,MUGARDOS,mes,3.0,nº,50.0,boletin,17,2026-08-07
2025-04,planta_n_buques_descargados,MUSEL,mes,0.0,nº,,boletin,17,2026-08-07
2025-04,planta_n_buques_descargados,SAGUNTO,mes,1.0,nº,-50.0,boletin,17,2026-08-07
2025-04,salidas_conexiones_internacionales,,acumulado_anual,14238.0,GWh,71.5,boletin,3,2026-08-07
2025-04,salidas_conexiones_internacionales,,mes,5386.0,GWh,,boletin,3,2026-08-07
2025-04,salidas_conexiones_internacionales,,tam,28403.0,GWh,26.4,boletin,3,2026-08-07
2025-04,total_salidas,,acumulado_anual,129813.0,GWh,6.3,boletin,3,2026-08-07
2025-04,total_salidas,,mes,29484.0,GWh,17.5,boletin,3,2026-08-07
2025-04,total_salidas,,tam,354024.0,GWh,2.2,boletin,3,2026-08-07
2025-04,tvb_capacidad_regasificacion_contratada,,mes,20848.0,GWh/mes,,boletin,15,2026-08-07
2025-04,tvb_capacidad_regasificacion_disponible,,mes,37502.0,GWh/mes,,boletin,15,2026-08-07
2025-04,tvb_capacidad_regasificacion_total,,mes,58350.0,GWh/mes,,boletin,15,2026-08-07
2025-04,tvb_regasificacion_comercial,,mes,20252.0,GWh,,boletin,15,2026-08-07
2025-05,aprovisionamiento_gn,Argelia,acumulado_anual,44775.0,GWh,,boletin,9,2026-08-07
2025-05,aprovisionamiento_gn,Argelia,mes,8141.0,GWh,,boletin,9,2026-08-07
2025-05,aprovisionamiento_gn,Argelia,tam,107658.0,GWh,,boletin,9,2026-08-07
2025-05,aprovisionamiento_gn,Biometano nacional,acumulado_anual,155.0,GWh,,boletin,9,2026-08-07
2025-05,aprovisionamiento_gn,Biometano nacional,mes,38.0,GWh,,boletin,9,2026-08-07
2025-05,aprovisionamiento_gn,Biometano nacional,tam,334.0,GWh,,boletin,9,2026-08-07
2025-05,aprovisionamiento_gn,Francia,acumulado_anual,1691.0,GWh,,boletin,9,2026-08-07
2025-05,aprovisionamiento_gn,Francia,mes,273.0,GWh,,boletin,9,2026-08-07
2025-05,aprovisionamiento_gn,Francia,tam,11886.0,GWh,,boletin,9,2026-08-07
2025-05,aprovisionamiento_gn,Portugal,acumulado_anual,3697.0,GWh,,boletin,9,2026-08-07
2025-05,aprovisionamiento_gn,Portugal,mes,756.0,GWh,,boletin,9,2026-08-07
2025-05,aprovisionamiento_gn,Portugal,tam,12070.0,GWh,,boletin,9,2026-08-07
2025-05,aprovisionamiento_gn,Yacimientos nacionales,acumulado_anual,243.0,GWh,,boletin,9,2026-08-07
2025-05,aprovisionamiento_gn,Yacimientos nacionales,mes,0.0,GWh,,boletin,9,2026-08-07
2025-05,aprovisionamiento_gn,Yacimientos nacionales,tam,372.0,GWh,,boletin,9,2026-08-07
2025-05,aprovisionamiento_gnl,Angola,acumulado_anual,6126.0,GWh,,boletin,9,2026-08-07
2025-05,aprovisionamiento_gnl,Angola,mes,1009.0,GWh,,boletin,9,2026-08-07
2025-05,aprovisionamiento_gnl,Angola,tam,8180.0,GWh,,boletin,9,2026-08-07
2025-05,aprovisionamiento_gnl,Argelia,acumulado_anual,4753.0,GWh,,boletin,9,2026-08-07
2025-05,aprovisionamiento_gnl,Argelia,mes,0.0,GWh,,boletin,9,2026-08-07
2025-05,aprovisionamiento_gnl,Argelia,tam,19652.0,GWh,,boletin,9,2026-08-07
2025-05,aprovisionamiento_gnl,Camerún,acumulado_anual,979.0,GWh,,boletin,9,2026-08-07
2025-05,aprovisionamiento_gnl,Camerún,mes,0.0,GWh,,boletin,9,2026-08-07
2025-05,aprovisionamiento_gnl,Camerún,tam,979.0,GWh,,boletin,9,2026-08-07
2025-05,aprovisionamiento_gnl,Congo,acumulado_anual,1804.0,GWh,,boletin,9,2026-08-07
2025-05,aprovisionamiento_gnl,Congo,mes,0.0,GWh,,boletin,9,2026-08-07
2025-05,aprovisionamiento_gnl,Congo,tam,5170.0,GWh,,boletin,9,2026-08-07
2025-05,aprovisionamiento_gnl,Estados Unidos,acumulado_anual,55115.0,GWh,,boletin,9,2026-08-07
2025-05,aprovisionamiento_gnl,Estados Unidos,mes,9183.0,GWh,,boletin,9,2026-08-07
2025-05,aprovisionamiento_gnl,Estados Unidos,tam,81756.0,GWh,,boletin,9,2026-08-07
2025-05,aprovisionamiento_gnl,Francia,acumulado_anual,0.0,GWh,,boletin,9,2026-08-07
2025-05,aprovisionamiento_gnl,Francia,mes,0.0,GWh,,boletin,9,2026-08-07
2025-05,aprovisionamiento_gnl,Francia,tam,1093.0,GWh,,boletin,9,2026-08-07
2025-05,aprovisionamiento_gnl,Jamaica,acumulado_anual,168.0,GWh,,boletin,9,2026-08-07
2025-05,aprovisionamiento_gnl,Jamaica,mes,168.0,GWh,,boletin,9,2026-08-07
2025-05,aprovisionamiento_gnl,Jamaica,tam,168.0,GWh,,boletin,9,2026-08-07
2025-05,aprovisionamiento_gnl,Nigeria,acumulado_anual,12236.0,GWh,,boletin,9,2026-08-07
2025-05,aprovisionamiento_gnl,Nigeria,mes,4949.0,GWh,,boletin,9,2026-08-07
2025-05,aprovisionamiento_gnl,Nigeria,tam,23951.0,GWh,,boletin,9,2026-08-07
2025-05,aprovisionamiento_gnl,Noruega,acumulado_anual,1271.0,GWh,,boletin,9,2026-08-07
2025-05,aprovisionamiento_gnl,Noruega,mes,0.0,GWh,,boletin,9,2026-08-07
2025-05,aprovisionamiento_gnl,Noruega,tam,2201.0,GWh,,boletin,9,2026-08-07
2025-05,aprovisionamiento_gnl,Perú,acumulado_anual,2143.0,GWh,,boletin,9,2026-08-07
2025-05,aprovisionamiento_gnl,Perú,mes,0.0,GWh,,boletin,9,2026-08-07
2025-05,aprovisionamiento_gnl,Perú,tam,3282.0,GWh,,boletin,9,2026-08-07
2025-05,aprovisionamiento_gnl,Qatar,acumulado_anual,4082.0,GWh,,boletin,9,2026-08-07
2025-05,aprovisionamiento_gnl,Qatar,mes,780.0,GWh,,boletin,9,2026-08-07
2025-05,aprovisionamiento_gnl,Qatar,tam,10999.0,GWh,,boletin,9,2026-08-07
2025-05,aprovisionamiento_gnl,Rusia,acumulado_anual,22940.0,GWh,,boletin,9,2026-08-07
2025-05,aprovisionamiento_gnl,Rusia,mes,5505.0,GWh,,boletin,9,2026-08-07
2025-05,aprovisionamiento_gnl,Rusia,tam,62031.0,GWh,,boletin,9,2026-08-07
2025-05,aprovisionamiento_gnl,Trinidad y Tobago,acumulado_anual,0.0,GWh,,boletin,9,2026-08-07
2025-05,aprovisionamiento_gnl,Trinidad y Tobago,mes,0.0,GWh,,boletin,9,2026-08-07
2025-05,aprovisionamiento_gnl,Trinidad y Tobago,tam,1806.0,GWh,,boletin,9,2026-08-07
2025-05,biometano_distribucion,,acumulado_anual,74.0,GWh,31.3,boletin,13,2026-08-07
2025-05,biometano_distribucion,,mes,19.3,GWh,61.4,boletin,13,2026-08-07
2025-05,biometano_distribucion,,tam,155.3,GWh,12.8,boletin,13,2026-08-07
2025-05,biometano_transporte,,acumulado_anual,81.5,GWh,0.8,boletin,13,2026-08-07
2025-05,biometano_transporte,,mes,19.0,GWh,14.6,boletin,13,2026-08-07
2025-05,biometano_transporte,,tam,178.6,GWh,0.4,boletin,13,2026-08-07
2025-05,cargas_buques,,acumulado_anual,3873.0,GWh,-8.1,boletin,3,2026-08-07
2025-05,cargas_buques,,mes,1224.0,GWh,2.1,boletin,3,2026-08-07
2025-05,cargas_buques,,tam,11695.0,GWh,-2.9,boletin,3,2026-08-07
2025-05,conexion_internacional_saldo,Almería,acumulado_anual,44775.0,GWh,4.1,boletin,11,2026-08-07
2025-05,conexion_internacional_saldo,Almería,mes,8141.0,GWh,-7.4,boletin,11,2026-08-07
2025-05,conexion_internacional_saldo,Almería,tam,106472.0,GWh,1.7,boletin,11,2026-08-07
2025-05,conexion_internacional_saldo,Tarifa,acumulado_anual,-3889.0,GWh,6.7,boletin,11,2026-08-07
2025-05,conexion_internacional_saldo,Tarifa,mes,-823.0,GWh,0.1,boletin,11,2026-08-07
2025-05,conexion_internacional_saldo,Tarifa,tam,-9946.0,GWh,2.5,boletin,11,2026-08-07
2025-05,conexion_internacional_saldo,VIP Ibérico,acumulado_anual,1565.0,GWh,-7.6,boletin,11,2026-08-07
2025-05,conexion_internacional_saldo,VIP Ibérico,mes,526.0,GWh,18.1,boletin,11,2026-08-07
2025-05,conexion_internacional_saldo,VIP Ibérico,tam,8120.0,GWh,-1.6,boletin,11,2026-08-07
2025-05,conexion_internacional_saldo,VIP Pirineos,acumulado_anual,-8942.0,GWh,,boletin,11,2026-08-07
2025-05,conexion_internacional_saldo,VIP Pirineos,mes,-1159.0,GWh,,boletin,11,2026-08-07
2025-05,conexion_internacional_saldo,VIP Pirineos,tam,-3151.0,GWh,,boletin,11,2026-08-07
2025-05,correccion_laboralidad,,acumulado_anual,-1.4,%,,boletin,5,2026-08-07
2025-05,correccion_laboralidad,,mes,-2.6,%,,boletin,5,2026-08-07
2025-05,correccion_laboralidad,,tam,-0.6,%,,boletin,5,2026-08-07
2025-05,correccion_temperatura,,acumulado_anual,2.3,%,,boletin,5,2026-08-07
2025-05,correccion_temperatura,,mes,-0.4,%,,boletin,5,2026-08-07
2025-05,correccion_temperatura,,tam,1.0,%,,boletin,5,2026-08-07
2025-05,delta_temperatura,,mes,-0.43,ºC,,boletin,5,2026-08-07
2025-05,demanda_ccaa_cisternas,Andalucía,mes,151.0,GWh,-25.1,boletin,7,2026-08-07
2025-05,demanda_ccaa_cisternas,Aragón,mes,46.0,GWh,1.3,boletin,7,2026-08-07
2025-05,demanda_ccaa_cisternas,Asturias,mes,31.0,GWh,2.3,boletin,7,2026-08-07
2025-05,demanda_ccaa_cisternas,Baleares,mes,10.0,GWh,-9.2,boletin,7,2026-08-07
2025-05,demanda_ccaa_cisternas,Cantabria,mes,23.0,GWh,-14.7,boletin,7,2026-08-07
2025-05,demanda_ccaa_cisternas,Castilla y León,mes,47.0,GWh,-23.4,boletin,7,2026-08-07
2025-05,demanda_ccaa_cisternas,Castilla-La Mancha,mes,43.0,GWh,-18.5,boletin,7,2026-08-07
2025-05,demanda_ccaa_cisternas,Cataluña,mes,93.0,GWh,-19.4,boletin,7,2026-08-07
2025-05,demanda_ccaa_cisternas,Comunidad Valenciana,mes,95.0,GWh,-24.4,boletin,7,2026-08-07
2025-05,demanda_ccaa_cisternas,Extremadura,mes,26.0,GWh,4.0,boletin,7,2026-08-07
2025-05,demanda_ccaa_cisternas,Galicia,mes,53.0,GWh,-1.5,boletin,7,2026-08-07
2025-05,demanda_ccaa_cisternas,La Rioja,mes,10.0,GWh,114.8,boletin,7,2026-08-07
2025-05,demanda_ccaa_cisternas,Madrid,mes,259.0,GWh,97.6,boletin,7,2026-08-07
2025-05,demanda_ccaa_cisternas,Murcia,mes,47.0,GWh,-7.5,boletin,7,2026-08-07
2025-05,demanda_ccaa_cisternas,Navarra,mes,10.0,GWh,-43.2,boletin,7,2026-08-07
2025-05,demanda_ccaa_cisternas,País Vasco,mes,38.0,GWh,0.0,boletin,7,2026-08-07
2025-05,demanda_ccaa_convencional,Andalucía,mes,2182.0,GWh,6.6,boletin,7,2026-08-07
2025-05,demanda_ccaa_convencional,Aragón,mes,866.0,GWh,-5.3,boletin,7,2026-08-07
2025-05,demanda_ccaa_convencional,Asturias,mes,470.0,GWh,-5.7,boletin,7,2026-08-07
2025-05,demanda_ccaa_convencional,Baleares,mes,101.0,GWh,-4.8,boletin,7,2026-08-07
2025-05,demanda_ccaa_convencional,Cantabria,mes,189.0,GWh,-15.2,boletin,7,2026-08-07
2025-05,demanda_ccaa_convencional,Castilla y León,mes,1172.0,GWh,-15.3,boletin,7,2026-08-07
2025-05,demanda_ccaa_convencional,Castilla-La Mancha,mes,878.0,GWh,1.4,boletin,7,2026-08-07
2025-05,demanda_ccaa_convencional,Cataluña,mes,3024.0,GWh,-5.6,boletin,7,2026-08-07
2025-05,demanda_ccaa_convencional,Comunidad Valenciana,mes,2125.0,GWh,-3.7,boletin,7,2026-08-07
2025-05,demanda_ccaa_convencional,Extremadura,mes,142.0,GWh,-4.4,boletin,7,2026-08-07
2025-05,demanda_ccaa_convencional,Galicia,mes,789.0,GWh,-12.1,boletin,7,2026-08-07
2025-05,demanda_ccaa_convencional,La Rioja,mes,154.0,GWh,-5.8,boletin,7,2026-08-07
2025-05,demanda_ccaa_convencional,Madrid,mes,1265.0,GWh,3.6,boletin,7,2026-08-07
2025-05,demanda_ccaa_convencional,Murcia,mes,1071.0,GWh,-15.6,boletin,7,2026-08-07
2025-05,demanda_ccaa_convencional,Navarra,mes,410.0,GWh,-4.8,boletin,7,2026-08-07
2025-05,demanda_ccaa_convencional,País Vasco,mes,1368.0,GWh,-14.2,boletin,7,2026-08-07
2025-05,demanda_ccaa_sector_electrico,Andalucía,mes,1844.0,GWh,168.6,boletin,7,2026-08-07
2025-05,demanda_ccaa_sector_electrico,Aragón,mes,340.0,GWh,765.9,boletin,7,2026-08-07
2025-05,demanda_ccaa_sector_electrico,Asturias,mes,367.0,GWh,206.4,boletin,7,2026-08-07
2025-05,demanda_ccaa_sector_electrico,Baleares,mes,692.0,GWh,21.3,boletin,7,2026-08-07
2025-05,demanda_ccaa_sector_electrico,Cantabria,mes,0.0,GWh,,boletin,7,2026-08-07
2025-05,demanda_ccaa_sector_electrico,Castilla y León,mes,0.0,GWh,,boletin,7,2026-08-07
2025-05,demanda_ccaa_sector_electrico,Castilla-La Mancha,mes,540.0,GWh,95.9,boletin,7,2026-08-07
2025-05,demanda_ccaa_sector_electrico,Cataluña,mes,1129.0,GWh,24.5,boletin,7,2026-08-07
2025-05,demanda_ccaa_sector_electrico,Comunidad Valenciana,mes,399.0,GWh,80.3,boletin,7,2026-08-07
2025-05,demanda_ccaa_sector_electrico,Extremadura,mes,0.0,GWh,,boletin,7,2026-08-07
2025-05,demanda_ccaa_sector_electrico,Galicia,mes,351.0,GWh,-0.3,boletin,7,2026-08-07
2025-05,demanda_ccaa_sector_electrico,La Rioja,mes,84.0,GWh,-40.9,boletin,7,2026-08-07
2025-05,demanda_ccaa_sector_electrico,Madrid,mes,0.0,GWh,,boletin,7,2026-08-07
2025-05,demanda_ccaa_sector_electrico,Murcia,mes,814.0,GWh,52.4,boletin,7,2026-08-07
2025-05,demanda_ccaa_sector_electrico,Navarra,mes,219.0,GWh,467.3,boletin,7,2026-08-07
2025-05,demanda_ccaa_sector_electrico,País Vasco,mes,406.0,GWh,5.4,boletin,7,2026-08-07
2025-05,demanda_cisternas,,acumulado_anual,5200.0,GWh,-1.8,progreso,3,2026-08-07
2025-05,demanda_cisternas,,mes,1000.0,GWh,-0.3,progreso,3,2026-08-07
2025-05,demanda_cisternas,,tam,12300.0,GWh,-0.8,progreso,3,2026-08-07
2025-05,demanda_convencional,,acumulado_anual,105808.0,GWh,-2.4,boletin,3,2026-08-07
2025-05,demanda_convencional,,mes,17262.0,GWh,-5.1,boletin,3,2026-08-07
2025-05,demanda_convencional,,tam,234464.0,GWh,-1.1,boletin,3,2026-08-07
2025-05,demanda_convencional_corregida,,acumulado_anual,-3.5,%,,boletin,5,2026-08-07
2025-05,demanda_convencional_corregida,,mes,-2.1,%,,boletin,5,2026-08-07
2025-05,demanda_convencional_corregida,,tam,-1.5,%,,boletin,5,2026-08-07
2025-05,demanda_dc_pymes,,acumulado_anual,29600.0,GWh,9.1,progreso,3,2026-08-07
2025-05,demanda_dc_pymes,,mes,2300.0,GWh,-3.1,progreso,3,2026-08-07
2025-05,demanda_dc_pymes,,tam,50200.0,GWh,5.1,progreso,3,2026-08-07
2025-05,demanda_industrial,,acumulado_anual,71100.0,GWh,-6.6,progreso,3,2026-08-07
2025-05,demanda_industrial,,mes,13900.0,GWh,-5.7,progreso,3,2026-08-07
2025-05,demanda_industrial,,tam,171900.0,GWh,-2.8,progreso,3,2026-08-07
2025-05,demanda_internacional,,acumulado_anual,20596.0,GWh,41.4,boletin,3,2026-08-07
2025-05,demanda_internacional,,mes,3709.0,GWh,14.1,boletin,3,2026-08-07
2025-05,demanda_internacional,,tam,40533.0,GWh,17.5,boletin,3,2026-08-07
2025-05,demanda_nacional,,acumulado_anual,137373.0,GWh,3.1,boletin,3,2026-08-07
2025-05,demanda_nacional,,mes,24446.0,GWh,8.9,boletin,3,2026-08-07
2025-05,demanda_nacional,,tam,315941.0,GWh,1.3,boletin,3,2026-08-07
2025-05,demanda_sector_electrico,,acumulado_anual,31565.0,GWh,27.2,boletin,3,2026-08-07
2025-05,demanda_sector_electrico,,mes,7185.0,GWh,68.2,boletin,3,2026-08-07
2025-05,demanda_sector_electrico,,tam,81477.0,GWh,9.0,boletin,3,2026-08-07
2025-05,destino_cargas_pct,Bunkering,mes,55.3,%,,boletin,18,2026-08-07
2025-05,destino_cargas_pct,EU,mes,12.6,%,,boletin,18,2026-08-07
2025-05,destino_cargas_pct,non EU,mes,32.1,%,,boletin,18,2026-08-07
2025-05,generacion_electrica,Carbón,acumulado_anual,100.0,GWh,-32.6,boletin,6,2026-08-07
2025-05,generacion_electrica,Cogeneración,acumulado_anual,1300.0,GWh,-13.2,boletin,6,2026-08-07
2025-05,generacion_electrica,Eólica,acumulado_anual,3400.0,GWh,-19.6,boletin,6,2026-08-07
2025-05,generacion_electrica,Gas natural,acumulado_anual,2600.0,GWh,80.3,boletin,6,2026-08-07
2025-05,generacion_electrica,Hidráulica,acumulado_anual,4200.0,GWh,18.0,boletin,6,2026-08-07
2025-05,generacion_electrica,Nuclear,acumulado_anual,3100.0,GWh,-12.9,boletin,6,2026-08-07
2025-05,generacion_electrica,Resto renovables,acumulado_anual,300.0,GWh,5.0,boletin,6,2026-08-07
2025-05,generacion_electrica,Solar,acumulado_anual,5400.0,GWh,-4.9,boletin,6,2026-08-07
2025-05,pct_total_gn,,mes,70.1,%,,boletin,9,2026-08-07
2025-05,pct_total_gnl,,mes,29.9,%,,boletin,9,2026-08-07
2025-05,planta_carga_cisternas,BARCELONA,mes,211.0,GWh,8.0,boletin,17,2026-08-07
2025-05,planta_carga_cisternas,BILBAO,mes,110.0,GWh,-4.3,boletin,17,2026-08-07
2025-05,planta_carga_cisternas,CARTAGENA,mes,166.0,GWh,-10.5,boletin,17,2026-08-07
2025-05,planta_carga_cisternas,HUELVA,mes,172.0,GWh,-13.5,boletin,17,2026-08-07
2025-05,planta_carga_cisternas,MUGARDOS,mes,74.0,GWh,-4.7,boletin,17,2026-08-07
2025-05,planta_carga_cisternas,MUSEL,mes,70.0,GWh,29.2,boletin,17,2026-08-07
2025-05,planta_carga_cisternas,SAGUNTO,mes,202.0,GWh,10.9,boletin,17,2026-08-07
2025-05,planta_cargas_buques,BARCELONA,mes,491.0,GWh,80.3,boletin,17,2026-08-07
2025-05,planta_cargas_buques,BILBAO,mes,0.0,GWh,,boletin,17,2026-08-07
2025-05,planta_cargas_buques,CARTAGENA,mes,2.0,GWh,,boletin,17,2026-08-07
2025-05,planta_cargas_buques,HUELVA,mes,473.0,GWh,,boletin,17,2026-08-07
2025-05,planta_cargas_buques,MUGARDOS,mes,54.0,GWh,-92.7,boletin,17,2026-08-07
2025-05,planta_cargas_buques,MUSEL,mes,0.0,GWh,,boletin,17,2026-08-07
2025-05,planta_cargas_buques,SAGUNTO,mes,205.0,GWh,,boletin,17,2026-08-07
2025-05,planta_descargas_buques,BARCELONA,mes,4018.0,GWh,29.5,boletin,17,2026-08-07
2025-05,planta_descargas_buques,BILBAO,mes,3203.0,GWh,-25.0,boletin,17,2026-08-07
2025-05,planta_descargas_buques,CARTAGENA,mes,2224.0,GWh,55.9,boletin,17,2026-08-07
2025-05,planta_descargas_buques,HUELVA,mes,4944.0,GWh,71.5,boletin,17,2026-08-07
2025-05,planta_descargas_buques,MUGARDOS,mes,3050.0,GWh,-0.4,boletin,17,2026-08-07
2025-05,planta_descargas_buques,MUSEL,mes,0.0,GWh,,boletin,17,2026-08-07
2025-05,planta_descargas_buques,SAGUNTO,mes,3071.0,GWh,98.2,boletin,17,2026-08-07
2025-05,planta_n_buques_descargados,BARCELONA,mes,5.0,nº,25.0,boletin,17,2026-08-07
2025-05,planta_n_buques_descargados,BILBAO,mes,3.0,nº,-25.0,boletin,17,2026-08-07
2025-05,planta_n_buques_descargados,CARTAGENA,mes,2.0,nº,0.0,boletin,17,2026-08-07
2025-05,planta_n_buques_descargados,HUELVA,mes,5.0,nº,66.7,boletin,17,2026-08-07
2025-05,planta_n_buques_descargados,MUGARDOS,mes,3.0,nº,0.0,boletin,17,2026-08-07
2025-05,planta_n_buques_descargados,MUSEL,mes,0.0,nº,,boletin,17,2026-08-07
2025-05,planta_n_buques_descargados,SAGUNTO,mes,3.0,nº,50.0,boletin,17,2026-08-07
2025-05,salidas_conexiones_internacionales,,acumulado_anual,16724.0,GWh,61.5,boletin,3,2026-08-07
2025-05,salidas_conexiones_internacionales,,mes,2485.0,GWh,21.2,boletin,3,2026-08-07
2025-05,salidas_conexiones_internacionales,,tam,28838.0,GWh,28.4,boletin,3,2026-08-07
2025-05,total_salidas,,acumulado_anual,157969.0,GWh,6.8,boletin,3,2026-08-07
2025-05,total_salidas,,mes,28156.0,GWh,9.5,boletin,3,2026-08-07
2025-05,total_salidas,,tam,356474.0,GWh,2.9,boletin,3,2026-08-07
2025-05,tvb_capacidad_regasificacion_contratada,,mes,18802.0,GWh/mes,,boletin,15,2026-08-07
2025-05,tvb_capacidad_regasificacion_disponible,,mes,41493.0,GWh/mes,,boletin,15,2026-08-07
2025-05,tvb_capacidad_regasificacion_total,,mes,60295.0,GWh/mes,,boletin,15,2026-08-07
2025-05,tvb_regasificacion_comercial,,mes,17995.0,GWh,,boletin,15,2026-08-07
2025-06,aprovisionamiento_gn,Argelia,acumulado_anual,52665.0,GWh,,boletin,9,2026-08-07
2025-06,aprovisionamiento_gn,Argelia,mes,7890.0,GWh,,boletin,9,2026-08-07
2025-06,aprovisionamiento_gn,Argelia,tam,106902.0,GWh,,boletin,9,2026-08-07
2025-06,aprovisionamiento_gn,Biometano nacional,acumulado_anual,194.0,GWh,,boletin,9,2026-08-07
2025-06,aprovisionamiento_gn,Biometano nacional,mes,38.0,GWh,,boletin,9,2026-08-07
2025-06,aprovisionamiento_gn,Biometano nacional,tam,345.0,GWh,,boletin,9,2026-08-07
2025-06,aprovisionamiento_gn,Francia,acumulado_anual,2292.0,GWh,,boletin,9,2026-08-07
2025-06,aprovisionamiento_gn,Francia,mes,600.0,GWh,,boletin,9,2026-08-07
2025-06,aprovisionamiento_gn,Francia,tam,11445.0,GWh,,boletin,9,2026-08-07
2025-06,aprovisionamiento_gn,Portugal,acumulado_anual,3840.0,GWh,,boletin,9,2026-08-07
2025-06,aprovisionamiento_gn,Portugal,mes,143.0,GWh,,boletin,9,2026-08-07
2025-06,aprovisionamiento_gn,Portugal,tam,10488.0,GWh,,boletin,9,2026-08-07
2025-06,aprovisionamiento_gn,Yacimientos nacionales,acumulado_anual,243.0,GWh,,boletin,9,2026-08-07
2025-06,aprovisionamiento_gn,Yacimientos nacionales,mes,0.0,GWh,,boletin,9,2026-08-07
2025-06,aprovisionamiento_gn,Yacimientos nacionales,tam,372.0,GWh,,boletin,9,2026-08-07
2025-06,aprovisionamiento_gnl,Angola,acumulado_anual,9278.0,GWh,,boletin,9,2026-08-07
2025-06,aprovisionamiento_gnl,Angola,mes,3151.0,GWh,,boletin,9,2026-08-07
2025-06,aprovisionamiento_gnl,Angola,tam,11331.0,GWh,,boletin,9,2026-08-07
2025-06,aprovisionamiento_gnl,Argelia,acumulado_anual,8903.0,GWh,,boletin,9,2026-08-07
2025-06,aprovisionamiento_gnl,Argelia,mes,4150.0,GWh,,boletin,9,2026-08-07
2025-06,aprovisionamiento_gnl,Argelia,tam,19512.0,GWh,,boletin,9,2026-08-07
2025-06,aprovisionamiento_gnl,Camerún,acumulado_anual,979.0,GWh,,boletin,9,2026-08-07
2025-06,aprovisionamiento_gnl,Camerún,mes,0.0,GWh,,boletin,9,2026-08-07
2025-06,aprovisionamiento_gnl,Camerún,tam,979.0,GWh,,boletin,9,2026-08-07
2025-06,aprovisionamiento_gnl,Congo,acumulado_anual,1804.0,GWh,,boletin,9,2026-08-07
2025-06,aprovisionamiento_gnl,Congo,mes,0.0,GWh,,boletin,9,2026-08-07
2025-06,aprovisionamiento_gnl,Congo,tam,4291.0,GWh,,boletin,9,2026-08-07
2025-06,aprovisionamiento_gnl,Estados Unidos,acumulado_anual,59249.0,GWh,,boletin,9,2026-08-07
2025-06,aprovisionamiento_gnl,Estados Unidos,mes,4134.0,GWh,,boletin,9,2026-08-07
2025-06,aprovisionamiento_gnl,Estados Unidos,tam,82612.0,GWh,,boletin,9,2026-08-07
2025-06,aprovisionamiento_gnl,Francia,acumulado_anual,0.0,GWh,,boletin,9,2026-08-07
2025-06,aprovisionamiento_gnl,Francia,mes,0.0,GWh,,boletin,9,2026-08-07
2025-06,aprovisionamiento_gnl,Francia,tam,1093.0,GWh,,boletin,9,2026-08-07
2025-06,aprovisionamiento_gnl,Jamaica,acumulado_anual,168.0,GWh,,boletin,9,2026-08-07
2025-06,aprovisionamiento_gnl,Jamaica,mes,0.0,GWh,,boletin,9,2026-08-07
2025-06,aprovisionamiento_gnl,Jamaica,tam,168.0,GWh,,boletin,9,2026-08-07
2025-06,aprovisionamiento_gnl,Nigeria,acumulado_anual,14283.0,GWh,,boletin,9,2026-08-07
2025-06,aprovisionamiento_gnl,Nigeria,mes,2047.0,GWh,,boletin,9,2026-08-07
2025-06,aprovisionamiento_gnl,Nigeria,tam,25042.0,GWh,,boletin,9,2026-08-07
2025-06,aprovisionamiento_gnl,Noruega,acumulado_anual,1271.0,GWh,,boletin,9,2026-08-07
2025-06,aprovisionamiento_gnl,Noruega,mes,0.0,GWh,,boletin,9,2026-08-07
2025-06,aprovisionamiento_gnl,Noruega,tam,1271.0,GWh,,boletin,9,2026-08-07
2025-06,aprovisionamiento_gnl,Perú,acumulado_anual,4349.0,GWh,,boletin,9,2026-08-07
2025-06,aprovisionamiento_gnl,Perú,mes,2206.0,GWh,,boletin,9,2026-08-07
2025-06,aprovisionamiento_gnl,Perú,tam,4349.0,GWh,,boletin,9,2026-08-07
2025-06,aprovisionamiento_gnl,Qatar,acumulado_anual,4082.0,GWh,,boletin,9,2026-08-07
2025-06,aprovisionamiento_gnl,Qatar,mes,0.0,GWh,,boletin,9,2026-08-07
2025-06,aprovisionamiento_gnl,Qatar,tam,10999.0,GWh,,boletin,9,2026-08-07
2025-06,aprovisionamiento_gnl,Rusia,acumulado_anual,26208.0,GWh,,boletin,9,2026-08-07
2025-06,aprovisionamiento_gnl,Rusia,mes,3268.0,GWh,,boletin,9,2026-08-07
2025-06,aprovisionamiento_gnl,Rusia,tam,59618.0,GWh,,boletin,9,2026-08-07
2025-06,aprovisionamiento_gnl,Trinidad y Tobago,acumulado_anual,0.0,GWh,,boletin,9,2026-08-07
2025-06,aprovisionamiento_gnl,Trinidad y Tobago,mes,0.0,GWh,,boletin,9,2026-08-07
2025-06,aprovisionamiento_gnl,Trinidad y Tobago,tam,1806.0,GWh,,boletin,9,2026-08-07
2025-06,biometano_distribucion,,acumulado_anual,94.6,GWh,41.6,boletin,13,2026-08-07
2025-06,biometano_distribucion,,mes,20.6,GWh,96.7,boletin,13,2026-08-07
2025-06,biometano_distribucion,,tam,165.5,GWh,20.2,boletin,13,2026-08-07
2025-06,biometano_transporte,,acumulado_anual,99.3,GWh,1.3,boletin,13,2026-08-07
2025-06,biometano_transporte,,mes,17.8,GWh,3.5,boletin,13,2026-08-07
2025-06,biometano_transporte,,tam,179.2,GWh,0.7,boletin,13,2026-08-07
2025-06,cargas_buques,,acumulado_anual,4965.0,GWh,-17.6,boletin,3,2026-08-07
2025-06,cargas_buques,,mes,1092.0,GWh,-39.7,boletin,3,2026-08-07
2025-06,cargas_buques,,tam,10975.0,GWh,-8.8,boletin,3,2026-08-07
2025-06,conexion_internacional_saldo,Almería,acumulado_anual,52665.0,GWh,2.0,boletin,11,2026-08-07
2025-06,conexion_internacional_saldo,Almería,mes,7890.0,GWh,-8.7,boletin,11,2026-08-07
2025-06,conexion_internacional_saldo,Almería,tam,105716.0,GWh,1.0,boletin,11,2026-08-07
2025-06,conexion_internacional_saldo,Biometano,acumulado_anual,194.0,GWh,17.6,boletin,11,2026-08-07
2025-06,conexion_internacional_saldo,Biometano,mes,38.0,GWh,38.8,boletin,11,2026-08-07
2025-06,conexion_internacional_saldo,Biometano,tam,345.0,GWh,9.2,boletin,11,2026-08-07
2025-06,conexion_internacional_saldo,Tarifa,acumulado_anual,-4747.0,GWh,6.8,boletin,11,2026-08-07
2025-06,conexion_internacional_saldo,Tarifa,mes,-858.0,GWh,7.5,boletin,11,2026-08-07
2025-06,conexion_internacional_saldo,Tarifa,tam,-10006.0,GWh,3.1,boletin,11,2026-08-07
2025-06,conexion_internacional_saldo,VIP Ibérico,acumulado_anual,1532.0,GWh,-51.4,boletin,11,2026-08-07
2025-06,conexion_internacional_saldo,VIP Ibérico,mes,-33.0,GWh,,boletin,11,2026-08-07
2025-06,conexion_internacional_saldo,VIP Ibérico,tam,6630.0,GWh,-19.6,boletin,11,2026-08-07
2025-06,conexion_internacional_saldo,VIP Pirineos,acumulado_anual,-8565.0,GWh,,boletin,11,2026-08-07
2025-06,conexion_internacional_saldo,VIP Pirineos,mes,376.0,GWh,,boletin,11,2026-08-07
2025-06,conexion_internacional_saldo,VIP Pirineos,tam,-2780.0,GWh,,boletin,11,2026-08-07
2025-06,conexion_internacional_saldo,Yacimiento Nacionales,acumulado_anual,243.0,GWh,,boletin,11,2026-08-07
2025-06,conexion_internacional_saldo,Yacimiento Nacionales,mes,0.0,GWh,,boletin,11,2026-08-07
2025-06,conexion_internacional_saldo,Yacimiento Nacionales,tam,372.0,GWh,65.3,boletin,11,2026-08-07
2025-06,correccion_laboralidad,,acumulado_anual,-0.8,%,,boletin,5,2026-08-07
2025-06,correccion_laboralidad,,mes,2.8,%,,boletin,5,2026-08-07
2025-06,correccion_laboralidad,,tam,-0.4,%,,boletin,5,2026-08-07
2025-06,correccion_temperatura,,acumulado_anual,1.9,%,,boletin,5,2026-08-07
2025-06,correccion_temperatura,,mes,0.0,%,,boletin,5,2026-08-07
2025-06,correccion_temperatura,,tam,1.0,%,,boletin,5,2026-08-07
2025-06,delta_temperatura,,mes,3.7,ºC,,boletin,5,2026-08-07
2025-06,demanda_ccaa_cisternas,Andalucía,mes,119.0,GWh,-29.7,boletin,7,2026-08-07
2025-06,demanda_ccaa_cisternas,Aragón,mes,40.0,GWh,-4.5,boletin,7,2026-08-07
2025-06,demanda_ccaa_cisternas,Asturias,mes,30.0,GWh,0.9,boletin,7,2026-08-07
2025-06,demanda_ccaa_cisternas,Baleares,mes,9.0,GWh,3.7,boletin,7,2026-08-07
2025-06,demanda_ccaa_cisternas,Cantabria,mes,21.0,GWh,-22.1,boletin,7,2026-08-07
2025-06,demanda_ccaa_cisternas,Castilla y León,mes,43.0,GWh,-12.0,boletin,7,2026-08-07
2025-06,demanda_ccaa_cisternas,Castilla-La Mancha,mes,40.0,GWh,-3.9,boletin,7,2026-08-07
2025-06,demanda_ccaa_cisternas,Cataluña,mes,68.0,GWh,-31.4,boletin,7,2026-08-07
2025-06,demanda_ccaa_cisternas,Comunidad Valenciana,mes,49.0,GWh,-55.2,boletin,7,2026-08-07
2025-06,demanda_ccaa_cisternas,Extremadura,mes,21.0,GWh,-25.1,boletin,7,2026-08-07
2025-06,demanda_ccaa_cisternas,Galicia,mes,54.0,GWh,20.8,boletin,7,2026-08-07
2025-06,demanda_ccaa_cisternas,La Rioja,mes,8.0,GWh,110.6,boletin,7,2026-08-07
2025-06,demanda_ccaa_cisternas,Madrid,mes,322.0,GWh,119.0,boletin,7,2026-08-07
2025-06,demanda_ccaa_cisternas,Murcia,mes,43.0,GWh,2.8,boletin,7,2026-08-07
2025-06,demanda_ccaa_cisternas,Navarra,mes,10.0,GWh,-28.0,boletin,7,2026-08-07
2025-06,demanda_ccaa_cisternas,País Vasco,mes,39.0,GWh,23.9,boletin,7,2026-08-07
2025-06,demanda_ccaa_convencional,Andalucía,mes,2024.0,GWh,4.2,boletin,7,2026-08-07
2025-06,demanda_ccaa_convencional,Aragón,mes,876.0,GWh,-1.9,boletin,7,2026-08-07
2025-06,demanda_ccaa_convencional,Asturias,mes,413.0,GWh,-13.6,boletin,7,2026-08-07
2025-06,demanda_ccaa_convencional,Baleares,mes,112.0,GWh,18.5,boletin,7,2026-08-07
2025-06,demanda_ccaa_convencional,Cantabria,mes,191.0,GWh,-5.8,boletin,7,2026-08-07
2025-06,demanda_ccaa_convencional,Castilla y León,mes,1042.0,GWh,-7.0,boletin,7,2026-08-07
2025-06,demanda_ccaa_convencional,Castilla-La Mancha,mes,746.0,GWh,-7.3,boletin,7,2026-08-07
2025-06,demanda_ccaa_convencional,Cataluña,mes,2763.0,GWh,-4.4,boletin,7,2026-08-07
2025-06,demanda_ccaa_convencional,Comunidad Valenciana,mes,2012.0,GWh,-2.4,boletin,7,2026-08-07
2025-06,demanda_ccaa_convencional,Extremadura,mes,130.0,GWh,-6.7,boletin,7,2026-08-07
2025-06,demanda_ccaa_convencional,Galicia,mes,664.0,GWh,-8.6,boletin,7,2026-08-07
2025-06,demanda_ccaa_convencional,La Rioja,mes,125.0,GWh,-4.4,boletin,7,2026-08-07
2025-06,demanda_ccaa_convencional,Madrid,mes,880.0,GWh,-14.0,boletin,7,2026-08-07
2025-06,demanda_ccaa_convencional,Murcia,mes,1044.0,GWh,-11.9,boletin,7,2026-08-07
2025-06,demanda_ccaa_convencional,Navarra,mes,382.0,GWh,3.1,boletin,7,2026-08-07
2025-06,demanda_ccaa_convencional,País Vasco,mes,1320.0,GWh,-12.9,boletin,7,2026-08-07
2025-06,demanda_ccaa_sector_electrico,Andalucía,mes,2671.0,GWh,278.3,boletin,7,2026-08-07
2025-06,demanda_ccaa_sector_electrico,Aragón,mes,466.0,GWh,220.4,boletin,7,2026-08-07
2025-06,demanda_ccaa_sector_electrico,Asturias,mes,603.0,GWh,179.7,boletin,7,2026-08-07
2025-06,demanda_ccaa_sector_electrico,Baleares,mes,826.0,GWh,29.2,boletin,7,2026-08-07
2025-06,demanda_ccaa_sector_electrico,Cantabria,mes,0.0,GWh,,boletin,7,2026-08-07
2025-06,demanda_ccaa_sector_electrico,Castilla y León,mes,0.0,GWh,,boletin,7,2026-08-07
2025-06,demanda_ccaa_sector_electrico,Castilla-La Mancha,mes,437.0,GWh,70.7,boletin,7,2026-08-07
2025-06,demanda_ccaa_sector_electrico,Cataluña,mes,1355.0,GWh,94.7,boletin,7,2026-08-07
2025-06,demanda_ccaa_sector_electrico,Comunidad Valenciana,mes,695.0,GWh,102.7,boletin,7,2026-08-07
2025-06,demanda_ccaa_sector_electrico,Extremadura,mes,0.0,GWh,,boletin,7,2026-08-07
2025-06,demanda_ccaa_sector_electrico,Galicia,mes,576.0,GWh,80.8,boletin,7,2026-08-07
2025-06,demanda_ccaa_sector_electrico,La Rioja,mes,183.0,GWh,3.6,boletin,7,2026-08-07
2025-06,demanda_ccaa_sector_electrico,Madrid,mes,0.0,GWh,,boletin,7,2026-08-07
2025-06,demanda_ccaa_sector_electrico,Murcia,mes,1019.0,GWh,96.2,boletin,7,2026-08-07
2025-06,demanda_ccaa_sector_electrico,Navarra,mes,468.0,GWh,626.0,boletin,7,2026-08-07
2025-06,demanda_ccaa_sector_electrico,País Vasco,mes,540.0,GWh,28.8,boletin,7,2026-08-07
2025-06,demanda_cisternas,,acumulado_anual,6100.0,GWh,-1.0,progreso,3,2026-08-07
2025-06,demanda_cisternas,,mes,900.0,GWh,3.7,progreso,3,2026-08-07
2025-06,demanda_cisternas,,tam,12400.0,GWh,-0.5,progreso,3,2026-08-07
2025-06,demanda_convencional,,acumulado_anual,121517.0,GWh,-2.7,boletin,3,2026-08-07
2025-06,demanda_convencional,,mes,15709.0,GWh,-4.7,boletin,3,2026-08-07
2025-06,demanda_convencional,,tam,233687.0,GWh,-1.4,boletin,3,2026-08-07
2025-06,demanda_convencional_corregida,,acumulado_anual,-3.8,%,,boletin,5,2026-08-07
2025-06,demanda_convencional_corregida,,mes,-7.6,%,,boletin,5,2026-08-07
2025-06,demanda_convencional_corregida,,tam,-2.0,%,,boletin,5,2026-08-07
2025-06,demanda_dc_pymes,,acumulado_anual,30900.0,GWh,8.2,progreso,3,2026-08-07
2025-06,demanda_dc_pymes,,mes,1400.0,GWh,-7.2,progreso,3,2026-08-07
2025-06,demanda_dc_pymes,,tam,50100.0,GWh,4.9,progreso,3,2026-08-07
2025-06,demanda_industrial,,acumulado_anual,84400.0,GWh,-6.3,progreso,3,2026-08-07
2025-06,demanda_industrial,,mes,13400.0,GWh,-5.0,progreso,3,2026-08-07
2025-06,demanda_industrial,,tam,171200.0,GWh,-3.2,progreso,3,2026-08-07
2025-06,demanda_internacional,,acumulado_anual,22947.0,GWh,24.1,boletin,3,2026-08-07
2025-06,demanda_internacional,,mes,2350.0,GWh,-40.0,boletin,3,2026-08-07
2025-06,demanda_internacional,,tam,38967.0,GWh,12.9,boletin,3,2026-08-07
2025-06,demanda_nacional,,acumulado_anual,162921.0,GWh,5.6,boletin,3,2026-08-07
2025-06,demanda_nacional,,mes,25548.0,GWh,21.7,boletin,3,2026-08-07
2025-06,demanda_nacional,,tam,320503.0,GWh,2.8,boletin,3,2026-08-07
2025-06,demanda_sector_electrico,,acumulado_anual,41404.0,GWh,41.2,boletin,3,2026-08-07
2025-06,demanda_sector_electrico,,mes,9839.0,GWh,118.6,boletin,3,2026-08-07
2025-06,demanda_sector_electrico,,tam,86816.0,GWh,16.2,boletin,3,2026-08-07
2025-06,destino_cargas_pct,Bunkering,acumulado_anual,48.0,%,,boletin,18,2026-08-07
2025-06,destino_cargas_pct,Bunkering,mes,54.9,%,,boletin,18,2026-08-07
2025-06,destino_cargas_pct,EU,acumulado_anual,44.1,%,,boletin,18,2026-08-07
2025-06,destino_cargas_pct,EU,mes,41.7,%,,boletin,18,2026-08-07
2025-06,destino_cargas_pct,non EU,acumulado_anual,7.9,%,,boletin,18,2026-08-07
2025-06,destino_cargas_pct,non EU,mes,3.4,%,,boletin,18,2026-08-07
2025-06,generacion_electrica,Carbón,acumulado_anual,200.0,GWh,-18.0,boletin,6,2026-08-07
2025-06,generacion_electrica,Cogeneración,acumulado_anual,1500.0,GWh,-8.4,boletin,6,2026-08-07
2025-06,generacion_electrica,Eólica,acumulado_anual,3000.0,GWh,-28.8,boletin,6,2026-08-07
2025-06,generacion_electrica,Gas natural,acumulado_anual,4000.0,GWh,157.8,boletin,6,2026-08-07
2025-06,generacion_electrica,Hidráulica,acumulado_anual,2800.0,GWh,-2.6,boletin,6,2026-08-07
2025-06,generacion_electrica,Nuclear,acumulado_anual,4100.0,GWh,-6.2,boletin,6,2026-08-07
2025-06,generacion_electrica,Resto renovables,acumulado_anual,300.0,GWh,-2.8,boletin,6,2026-08-07
2025-06,generacion_electrica,Solar,acumulado_anual,6600.0,GWh,22.8,boletin,6,2026-08-07
2025-06,pct_total_gn,,mes,31.4,%,,boletin,9,2026-08-07
2025-06,pct_total_gnl,,mes,68.6,%,,boletin,9,2026-08-07
2025-06,planta_carga_cisternas,BARCELONA,mes,197.0,GWh,10.6,boletin,17,2026-08-07
2025-06,planta_carga_cisternas,BILBAO,mes,101.0,GWh,3.4,boletin,17,2026-08-07
2025-06,planta_carga_cisternas,CARTAGENA,mes,161.0,GWh,8.4,boletin,17,2026-08-07
2025-06,planta_carga_cisternas,HUELVA,mes,152.0,GWh,-17.7,boletin,17,2026-08-07
2025-06,planta_carga_cisternas,MUGARDOS,mes,73.0,GWh,13.8,boletin,17,2026-08-07
2025-06,planta_carga_cisternas,MUSEL,mes,66.0,GWh,23.8,boletin,17,2026-08-07
2025-06,planta_carga_cisternas,SAGUNTO,mes,184.0,GWh,5.5,boletin,17,2026-08-07
2025-06,planta_cargas_buques,BARCELONA,mes,244.0,GWh,-21.3,boletin,17,2026-08-07
2025-06,planta_cargas_buques,BILBAO,mes,0.0,GWh,,boletin,17,2026-08-07
2025-06,planta_cargas_buques,CARTAGENA,mes,155.0,GWh,,boletin,17,2026-08-07
2025-06,planta_cargas_buques,HUELVA,mes,265.0,GWh,22.0,boletin,17,2026-08-07
2025-06,planta_cargas_buques,MUGARDOS,mes,56.0,GWh,-73.4,boletin,17,2026-08-07
2025-06,planta_cargas_buques,MUSEL,mes,0.0,GWh,,boletin,17,2026-08-07
2025-06,planta_cargas_buques,SAGUNTO,mes,373.0,GWh,-65.3,boletin,17,2026-08-07
2025-06,planta_descargas_buques,BARCELONA,mes,3948.0,GWh,,boletin,17,2026-08-07
2025-06,planta_descargas_buques,BILBAO,mes,942.0,GWh,-81.8,boletin,17,2026-08-07
2025-06,planta_descargas_buques,CARTAGENA,mes,4100.0,GWh,31.2,boletin,17,2026-08-07
2025-06,planta_descargas_buques,HUELVA,mes,2242.0,GWh,-21.0,boletin,17,2026-08-07
2025-06,planta_descargas_buques,MUGARDOS,mes,2171.0,GWh,-1.4,boletin,17,2026-08-07
2025-06,planta_descargas_buques,MUSEL,mes,0.0,GWh,,boletin,17,2026-08-07
2025-06,planta_descargas_buques,SAGUNTO,mes,4558.0,GWh,,boletin,17,2026-08-07
2025-06,planta_n_buques_descargados,BARCELONA,mes,4.0,nº,33.3,boletin,17,2026-08-07
2025-06,planta_n_buques_descargados,BILBAO,mes,2.0,nº,-60.0,boletin,17,2026-08-07
2025-06,planta_n_buques_descargados,CARTAGENA,mes,4.0,nº,-33.3,boletin,17,2026-08-07
2025-06,planta_n_buques_descargados,HUELVA,mes,2.0,nº,-33.3,boletin,17,2026-08-07
2025-06,planta_n_buques_descargados,MUGARDOS,mes,2.0,nº,0.0,boletin,17,2026-08-07
2025-06,planta_n_buques_descargados,MUSEL,mes,0.0,nº,,boletin,17,2026-08-07
2025-06,planta_n_buques_descargados,SAGUNTO,mes,5.0,nº,,boletin,17,2026-08-07
2025-06,salidas_conexiones_internacionales,,acumulado_anual,17982.0,GWh,44.4,boletin,3,2026-08-07
2025-06,salidas_conexiones_internacionales,,mes,1258.0,GWh,-40.2,boletin,3,2026-08-07
2025-06,salidas_conexiones_internacionales,,tam,27992.0,GWh,24.6,boletin,3,2026-08-07
2025-06,total_salidas,,acumulado_anual,185868.0,GWh,7.6,boletin,3,2026-08-07
2025-06,total_salidas,,mes,27898.0,GWh,12.0,boletin,3,2026-08-07
2025-06,total_salidas,,tam,359470.0,GWh,3.8,boletin,3,2026-08-07
2025-06,tvb_capacidad_regasificacion_contratada,,mes,18778.0,GWh/mes,,boletin,15,2026-08-07
2025-06,tvb_capacidad_regasificacion_disponible,,mes,39572.0,GWh/mes,,boletin,15,2026-08-07
2025-06,tvb_capacidad_regasificacion_total,,mes,58350.0,GWh/mes,,boletin,15,2026-08-07
2025-06,tvb_regasificacion_comercial,,mes,17995.0,GWh,,boletin,15,2026-08-07
2025-07,aprovisionamiento_gn,Argelia,acumulado_anual,61994.0,GWh,,boletin,9,2026-08-07
2025-07,aprovisionamiento_gn,Argelia,mes,9330.0,GWh,,boletin,9,2026-08-07
2025-07,aprovisionamiento_gn,Argelia,tam,107670.0,GWh,,boletin,9,2026-08-07
2025-07,aprovisionamiento_gn,Biometano nacional,acumulado_anual,234.0,GWh,,boletin,9,2026-08-07
2025-07,aprovisionamiento_gn,Biometano nacional,mes,40.0,GWh,,boletin,9,2026-08-07
2025-07,aprovisionamiento_gn,Biometano nacional,tam,358.0,GWh,,boletin,9,2026-08-07
2025-07,aprovisionamiento_gn,Francia,acumulado_anual,3887.0,GWh,,boletin,9,2026-08-07
2025-07,aprovisionamiento_gn,Francia,mes,1595.0,GWh,,boletin,9,2026-08-07
2025-07,aprovisionamiento_gn,Francia,tam,11306.0,GWh,,boletin,9,2026-08-07
2025-07,aprovisionamiento_gn,Portugal,acumulado_anual,4361.0,GWh,,boletin,9,2026-08-07
2025-07,aprovisionamiento_gn,Portugal,mes,521.0,GWh,,boletin,9,2026-08-07
2025-07,aprovisionamiento_gn,Portugal,tam,9377.0,GWh,,boletin,9,2026-08-07
2025-07,aprovisionamiento_gn,Yacimientos nacionales,acumulado_anual,243.0,GWh,,boletin,9,2026-08-07
2025-07,aprovisionamiento_gn,Yacimientos nacionales,mes,0.0,GWh,,boletin,9,2026-08-07
2025-07,aprovisionamiento_gn,Yacimientos nacionales,tam,372.0,GWh,,boletin,9,2026-08-07
2025-07,aprovisionamiento_gnl,Angola,acumulado_anual,13390.0,GWh,,boletin,9,2026-08-07
2025-07,aprovisionamiento_gnl,Angola,mes,4112.0,GWh,,boletin,9,2026-08-07
2025-07,aprovisionamiento_gnl,Angola,tam,15443.0,GWh,,boletin,9,2026-08-07
2025-07,aprovisionamiento_gnl,Argelia,acumulado_anual,9784.0,GWh,,boletin,9,2026-08-07
2025-07,aprovisionamiento_gnl,Argelia,mes,881.0,GWh,,boletin,9,2026-08-07
2025-07,aprovisionamiento_gnl,Argelia,tam,20393.0,GWh,,boletin,9,2026-08-07
2025-07,aprovisionamiento_gnl,Camerún,acumulado_anual,979.0,GWh,,boletin,9,2026-08-07
2025-07,aprovisionamiento_gnl,Camerún,mes,0.0,GWh,,boletin,9,2026-08-07
2025-07,aprovisionamiento_gnl,Camerún,tam,979.0,GWh,,boletin,9,2026-08-07
2025-07,aprovisionamiento_gnl,Congo,acumulado_anual,1804.0,GWh,,boletin,9,2026-08-07
2025-07,aprovisionamiento_gnl,Congo,mes,0.0,GWh,,boletin,9,2026-08-07
2025-07,aprovisionamiento_gnl,Congo,tam,4291.0,GWh,,boletin,9,2026-08-07
2025-07,aprovisionamiento_gnl,Estados Unidos,acumulado_anual,66631.0,GWh,,boletin,9,2026-08-07
2025-07,aprovisionamiento_gnl,Estados Unidos,mes,7382.0,GWh,,boletin,9,2026-08-07
2025-07,aprovisionamiento_gnl,Estados Unidos,tam,85426.0,GWh,,boletin,9,2026-08-07
2025-07,aprovisionamiento_gnl,Francia,acumulado_anual,1093.0,GWh,,boletin,9,2026-08-07
2025-07,aprovisionamiento_gnl,Francia,mes,,GWh,,boletin,9,2026-08-07
2025-07,aprovisionamiento_gnl,Francia,tam,,GWh,,boletin,9,2026-08-07
2025-07,aprovisionamiento_gnl,Jamaica,acumulado_anual,168.0,GWh,,boletin,9,2026-08-07
2025-07,aprovisionamiento_gnl,Jamaica,mes,0.0,GWh,,boletin,9,2026-08-07
2025-07,aprovisionamiento_gnl,Jamaica,tam,168.0,GWh,,boletin,9,2026-08-07
2025-07,aprovisionamiento_gnl,Nigeria,acumulado_anual,17294.0,GWh,,boletin,9,2026-08-07
2025-07,aprovisionamiento_gnl,Nigeria,mes,3011.0,GWh,,boletin,9,2026-08-07
2025-07,aprovisionamiento_gnl,Nigeria,tam,26335.0,GWh,,boletin,9,2026-08-07
2025-07,aprovisionamiento_gnl,Noruega,acumulado_anual,2144.0,GWh,,boletin,9,2026-08-07
2025-07,aprovisionamiento_gnl,Noruega,mes,873.0,GWh,,boletin,9,2026-08-07
2025-07,aprovisionamiento_gnl,Noruega,tam,2144.0,GWh,,boletin,9,2026-08-07
2025-07,aprovisionamiento_gnl,Perú,acumulado_anual,5444.0,GWh,,boletin,9,2026-08-07
2025-07,aprovisionamiento_gnl,Perú,mes,1095.0,GWh,,boletin,9,2026-08-07
2025-07,aprovisionamiento_gnl,Perú,tam,5444.0,GWh,,boletin,9,2026-08-07
2025-07,aprovisionamiento_gnl,Qatar,acumulado_anual,4082.0,GWh,,boletin,9,2026-08-07
2025-07,aprovisionamiento_gnl,Qatar,mes,0.0,GWh,,boletin,9,2026-08-07
2025-07,aprovisionamiento_gnl,Qatar,tam,10152.0,GWh,,boletin,9,2026-08-07
2025-07,aprovisionamiento_gnl,Rusia,acumulado_anual,28357.0,GWh,,boletin,9,2026-08-07
2025-07,aprovisionamiento_gnl,Rusia,mes,2150.0,GWh,,boletin,9,2026-08-07
2025-07,aprovisionamiento_gnl,Rusia,tam,54150.0,GWh,,boletin,9,2026-08-07
2025-07,aprovisionamiento_gnl,Trinidad y Tobago,acumulado_anual,0.0,GWh,,boletin,9,2026-08-07
2025-07,aprovisionamiento_gnl,Trinidad y Tobago,mes,0.0,GWh,,boletin,9,2026-08-07
2025-07,aprovisionamiento_gnl,Trinidad y Tobago,tam,1806.0,GWh,,boletin,9,2026-08-07
2025-07,biometano_distribucion,,acumulado_anual,117.8,GWh,52.3,boletin,13,2026-08-07
2025-07,biometano_distribucion,,mes,23.2,GWh,120.1,boletin,13,2026-08-07
2025-07,biometano_distribucion,,tam,178.1,GWh,29.4,boletin,13,2026-08-07
2025-07,biometano_transporte,,acumulado_anual,116.4,GWh,1.0,boletin,13,2026-08-07
2025-07,biometano_transporte,,mes,17.1,GWh,-0.4,boletin,13,2026-08-07
2025-07,biometano_transporte,,tam,179.2,GWh,0.6,boletin,13,2026-08-07
2025-07,cargas_buques,,acumulado_anual,5650.0,GWh,-33.7,boletin,3,2026-08-07
2025-07,cargas_buques,,mes,685.0,GWh,-72.6,boletin,3,2026-08-07
2025-07,cargas_buques,,tam,9163.0,GWh,-23.9,boletin,3,2026-08-07
2025-07,conexion_internacional_saldo,Almería,acumulado_anual,61994.0,GWh,3.0,boletin,11,2026-08-07
2025-07,conexion_internacional_saldo,Almería,mes,9330.0,GWh,9.0,boletin,11,2026-08-07
2025-07,conexion_internacional_saldo,Almería,tam,106484.0,GWh,1.7,boletin,11,2026-08-07
2025-07,conexion_internacional_saldo,Biometano,acumulado_anual,234.0,GWh,21.6,boletin,11,2026-08-07
2025-07,conexion_internacional_saldo,Biometano,mes,40.0,GWh,45.4,boletin,11,2026-08-07
2025-07,conexion_internacional_saldo,Biometano,tam,357.0,GWh,13.2,boletin,11,2026-08-07
2025-07,conexion_internacional_saldo,Tarifa,acumulado_anual,-5739.0,GWh,8.3,boletin,11,2026-08-07
2025-07,conexion_internacional_saldo,Tarifa,mes,-992.0,GWh,16.2,boletin,11,2026-08-07
2025-07,conexion_internacional_saldo,Tarifa,tam,-10144.0,GWh,4.5,boletin,11,2026-08-07
2025-07,conexion_internacional_saldo,VIP Ibérico,acumulado_anual,1411.0,GWh,-68.9,boletin,11,2026-08-07
2025-07,conexion_internacional_saldo,VIP Ibérico,mes,-121.0,GWh,,boletin,11,2026-08-07
2025-07,conexion_internacional_saldo,VIP Ibérico,tam,5124.0,GWh,-37.9,boletin,11,2026-08-07
2025-07,conexion_internacional_saldo,VIP Pirineos,acumulado_anual,-7030.0,GWh,,boletin,11,2026-08-07
2025-07,conexion_internacional_saldo,VIP Pirineos,mes,1535.0,GWh,,boletin,11,2026-08-07
2025-07,conexion_internacional_saldo,VIP Pirineos,tam,-1695.0,GWh,,boletin,11,2026-08-07
2025-07,conexion_internacional_saldo,Yacimiento Nacionales,acumulado_anual,243.0,GWh,,boletin,11,2026-08-07
2025-07,conexion_internacional_saldo,Yacimiento Nacionales,mes,0.0,GWh,,boletin,11,2026-08-07
2025-07,conexion_internacional_saldo,Yacimiento Nacionales,tam,372.0,GWh,65.3,boletin,11,2026-08-07
2025-07,correccion_laboralidad,,acumulado_anual,-0.7,%,,boletin,5,2026-08-07
2025-07,correccion_laboralidad,,mes,0.0,%,,boletin,5,2026-08-07
2025-07,correccion_laboralidad,,tam,-0.4,%,,boletin,5,2026-08-07
2025-07,correccion_temperatura,,acumulado_anual,1.7,%,,boletin,5,2026-08-07
2025-07,correccion_temperatura,,mes,0.0,%,,boletin,5,2026-08-07
2025-07,correccion_temperatura,,tam,1.0,%,,boletin,5,2026-08-07
2025-07,delta_temperatura,,mes,-0.4,ºC,,boletin,5,2026-08-07
2025-07,demanda_ccaa_cisternas,Andalucía,mes,139.0,GWh,-34.0,boletin,7,2026-08-07
2025-07,demanda_ccaa_cisternas,Aragón,mes,45.0,GWh,-6.9,boletin,7,2026-08-07
2025-07,demanda_ccaa_cisternas,Asturias,mes,30.0,GWh,-2.7,boletin,7,2026-08-07
2025-07,demanda_ccaa_cisternas,Baleares,mes,8.0,GWh,-13.4,boletin,7,2026-08-07
2025-07,demanda_ccaa_cisternas,Cantabria,mes,24.0,GWh,-6.0,boletin,7,2026-08-07
2025-07,demanda_ccaa_cisternas,Castilla y León,mes,38.0,GWh,-28.6,boletin,7,2026-08-07
2025-07,demanda_ccaa_cisternas,Castilla-La Mancha,mes,38.0,GWh,-17.3,boletin,7,2026-08-07
2025-07,demanda_ccaa_cisternas,Cataluña,mes,69.0,GWh,-40.2,boletin,7,2026-08-07
2025-07,demanda_ccaa_cisternas,Comunidad Valenciana,mes,59.0,GWh,-52.4,boletin,7,2026-08-07
2025-07,demanda_ccaa_cisternas,Extremadura,mes,20.0,GWh,-49.1,boletin,7,2026-08-07
2025-07,demanda_ccaa_cisternas,Galicia,mes,51.0,GWh,-3.0,boletin,7,2026-08-07
2025-07,demanda_ccaa_cisternas,La Rioja,mes,8.0,GWh,207.4,boletin,7,2026-08-07
2025-07,demanda_ccaa_cisternas,Madrid,mes,352.0,GWh,91.1,boletin,7,2026-08-07
2025-07,demanda_ccaa_cisternas,Murcia,mes,44.0,GWh,2.1,boletin,7,2026-08-07
2025-07,demanda_ccaa_cisternas,Navarra,mes,6.0,GWh,-48.2,boletin,7,2026-08-07
2025-07,demanda_ccaa_cisternas,País Vasco,mes,37.0,GWh,-3.1,boletin,7,2026-08-07
2025-07,demanda_ccaa_convencional,Andalucía,mes,2313.0,GWh,4.9,boletin,7,2026-08-07
2025-07,demanda_ccaa_convencional,Aragón,mes,844.0,GWh,-6.9,boletin,7,2026-08-07
2025-07,demanda_ccaa_convencional,Asturias,mes,420.0,GWh,-4.3,boletin,7,2026-08-07
2025-07,demanda_ccaa_convencional,Baleares,mes,103.0,GWh,4.7,boletin,7,2026-08-07
2025-07,demanda_ccaa_convencional,Cantabria,mes,154.0,GWh,-6.0,boletin,7,2026-08-07
2025-07,demanda_ccaa_convencional,Castilla y León,mes,1009.0,GWh,-4.3,boletin,7,2026-08-07
2025-07,demanda_ccaa_convencional,Castilla-La Mancha,mes,820.0,GWh,5.5,boletin,7,2026-08-07
2025-07,demanda_ccaa_convencional,Cataluña,mes,2910.0,GWh,-4.1,boletin,7,2026-08-07
2025-07,demanda_ccaa_convencional,Comunidad Valenciana,mes,1968.0,GWh,-2.8,boletin,7,2026-08-07
2025-07,demanda_ccaa_convencional,Extremadura,mes,108.0,GWh,-18.1,boletin,7,2026-08-07
2025-07,demanda_ccaa_convencional,Galicia,mes,745.0,GWh,8.9,boletin,7,2026-08-07
2025-07,demanda_ccaa_convencional,La Rioja,mes,131.0,GWh,-1.2,boletin,7,2026-08-07
2025-07,demanda_ccaa_convencional,Madrid,mes,831.0,GWh,-7.7,boletin,7,2026-08-07
2025-07,demanda_ccaa_convencional,Murcia,mes,1114.0,GWh,-11.1,boletin,7,2026-08-07
2025-07,demanda_ccaa_convencional,Navarra,mes,353.0,GWh,1.1,boletin,7,2026-08-07
2025-07,demanda_ccaa_convencional,País Vasco,mes,1246.0,GWh,-9.6,boletin,7,2026-08-07
2025-07,demanda_ccaa_sector_electrico,Andalucía,mes,2093.0,GWh,51.9,boletin,7,2026-08-07
2025-07,demanda_ccaa_sector_electrico,Aragón,mes,481.0,GWh,69.3,boletin,7,2026-08-07
2025-07,demanda_ccaa_sector_electrico,Asturias,mes,700.0,GWh,155.2,boletin,7,2026-08-07
2025-07,demanda_ccaa_sector_electrico,Baleares,mes,1000.0,GWh,16.0,boletin,7,2026-08-07
2025-07,demanda_ccaa_sector_electrico,Cantabria,mes,0.0,GWh,,boletin,7,2026-08-07
2025-07,demanda_ccaa_sector_electrico,Castilla y León,mes,0.0,GWh,,boletin,7,2026-08-07
2025-07,demanda_ccaa_sector_electrico,Castilla-La Mancha,mes,407.0,GWh,39.5,boletin,7,2026-08-07
2025-07,demanda_ccaa_sector_electrico,Cataluña,mes,1354.0,GWh,29.3,boletin,7,2026-08-07
2025-07,demanda_ccaa_sector_electrico,Comunidad Valenciana,mes,922.0,GWh,55.1,boletin,7,2026-08-07
2025-07,demanda_ccaa_sector_electrico,Extremadura,mes,0.0,GWh,,boletin,7,2026-08-07
2025-07,demanda_ccaa_sector_electrico,Galicia,mes,572.0,GWh,21.8,boletin,7,2026-08-07
2025-07,demanda_ccaa_sector_electrico,La Rioja,mes,136.0,GWh,-24.0,boletin,7,2026-08-07
2025-07,demanda_ccaa_sector_electrico,Madrid,mes,0.0,GWh,,boletin,7,2026-08-07
2025-07,demanda_ccaa_sector_electrico,Murcia,mes,747.0,GWh,-9.2,boletin,7,2026-08-07
2025-07,demanda_ccaa_sector_electrico,Navarra,mes,456.0,GWh,44.6,boletin,7,2026-08-07
2025-07,demanda_ccaa_sector_electrico,País Vasco,mes,441.0,GWh,-20.9,boletin,7,2026-08-07
2025-07,demanda_cisternas,,acumulado_anual,7100.0,GWh,-1.8,progreso,3,2026-08-07
2025-07,demanda_cisternas,,mes,1000.0,GWh,-6.2,progreso,3,2026-08-07
2025-07,demanda_cisternas,,tam,12300.0,GWh,-1.0,progreso,3,2026-08-07
2025-07,demanda_convencional,,acumulado_anual,137587.0,GWh,-2.8,boletin,3,2026-08-07
2025-07,demanda_convencional,,mes,16070.0,GWh,-3.2,boletin,3,2026-08-07
2025-07,demanda_convencional,,tam,233159.0,GWh,-1.7,boletin,3,2026-08-07
2025-07,demanda_convencional_corregida,,acumulado_anual,-3.8,%,,boletin,5,2026-08-07
2025-07,demanda_convencional_corregida,,mes,-3.2,%,,boletin,5,2026-08-07
2025-07,demanda_convencional_corregida,,tam,-2.3,%,,boletin,5,2026-08-07
2025-07,demanda_dc_pymes,,acumulado_anual,32200.000000000004,GWh,8.0,progreso,3,2026-08-07
2025-07,demanda_dc_pymes,,mes,1200.0,GWh,3.1,progreso,3,2026-08-07
2025-07,demanda_dc_pymes,,tam,50200.0,GWh,5.0,progreso,3,2026-08-07
2025-07,demanda_industrial,,acumulado_anual,98300.0,GWh,-5.9,progreso,3,2026-08-07
2025-07,demanda_industrial,,mes,13800.0,GWh,-3.5,progreso,3,2026-08-07
2025-07,demanda_industrial,,tam,170700.0,GWh,-3.5,progreso,3,2026-08-07
2025-07,demanda_internacional,,acumulado_anual,25325.0,GWh,8.4,boletin,3,2026-08-07
2025-07,demanda_internacional,,mes,2378.0,GWh,-51.3,boletin,3,2026-08-07
2025-07,demanda_internacional,,tam,36464.0,GWh,5.7,boletin,3,2026-08-07
2025-07,demanda_nacional,,acumulado_anual,188298.0,GWh,5.8,boletin,3,2026-08-07
2025-07,demanda_nacional,,mes,25378.0,GWh,7.2,boletin,3,2026-08-07
2025-07,demanda_nacional,,tam,322210.0,GWh,3.3,boletin,3,2026-08-07
2025-07,demanda_sector_electrico,,acumulado_anual,50712.0,GWh,39.3,boletin,3,2026-08-07
2025-07,demanda_sector_electrico,,mes,9308.0,GWh,31.6,boletin,3,2026-08-07
2025-07,demanda_sector_electrico,,tam,89050.0,GWh,19.2,boletin,3,2026-08-07
2025-07,destino_cargas_pct,Bunkering,acumulado_anual,46.3,%,,boletin,18,2026-08-07
2025-07,destino_cargas_pct,Bunkering,mes,37.9,%,,boletin,18,2026-08-07
2025-07,destino_cargas_pct,EU,acumulado_anual,45.5,%,,boletin,18,2026-08-07
2025-07,destino_cargas_pct,EU,mes,52.8,%,,boletin,18,2026-08-07
2025-07,destino_cargas_pct,non EU,acumulado_anual,8.1,%,,boletin,18,2026-08-07
2025-07,destino_cargas_pct,non EU,mes,9.3,%,,boletin,18,2026-08-07
2025-07,generacion_electrica,Carbón,mes,100.0,GWh,-51.4,boletin,6,2026-08-07
2025-07,generacion_electrica,Cogeneración,mes,1500.0,GWh,-13.3,boletin,6,2026-08-07
2025-07,generacion_electrica,Eólica,mes,4600.0,GWh,13.3,boletin,6,2026-08-07
2025-07,generacion_electrica,Gas natural,mes,3500.0,GWh,29.9,boletin,6,2026-08-07
2025-07,generacion_electrica,Hidráulica,mes,2400.0,GWh,-8.7,boletin,6,2026-08-07
2025-07,generacion_electrica,Nuclear,mes,5000.0,GWh,-0.4,boletin,6,2026-08-07
2025-07,generacion_electrica,Resto renovables,mes,400.0,GWh,-1.0,boletin,6,2026-08-07
2025-07,generacion_electrica,Solar,mes,7000.0,GWh,7.9,boletin,6,2026-08-07
2025-07,pct_total_gn,,mes,37.1,%,,boletin,9,2026-08-07
2025-07,pct_total_gnl,,mes,62.9,%,,boletin,9,2026-08-07
2025-07,planta_carga_cisternas,BARCELONA,mes,217.0,GWh,-0.2,boletin,17,2026-08-07
2025-07,planta_carga_cisternas,BILBAO,mes,103.0,GWh,-5.1,boletin,17,2026-08-07
2025-07,planta_carga_cisternas,CARTAGENA,mes,168.0,GWh,4.2,boletin,17,2026-08-07
2025-07,planta_carga_cisternas,HUELVA,mes,179.0,GWh,-25.4,boletin,17,2026-08-07
2025-07,planta_carga_cisternas,MUGARDOS,mes,73.0,GWh,-1.3,boletin,17,2026-08-07
2025-07,planta_carga_cisternas,MUSEL,mes,66.0,GWh,17.5,boletin,17,2026-08-07
2025-07,planta_carga_cisternas,SAGUNTO,mes,183.0,GWh,-7.1,boletin,17,2026-08-07
2025-07,planta_cargas_buques,BARCELONA,mes,256.0,GWh,-20.2,boletin,17,2026-08-07
2025-07,planta_cargas_buques,BILBAO,mes,0.0,GWh,,boletin,17,2026-08-07
2025-07,planta_cargas_buques,CARTAGENA,mes,280.0,GWh,-74.6,boletin,17,2026-08-07
2025-07,planta_cargas_buques,HUELVA,mes,123.0,GWh,-35.5,boletin,17,2026-08-07
2025-07,planta_cargas_buques,MUGARDOS,mes,26.0,GWh,,boletin,17,2026-08-07
2025-07,planta_cargas_buques,MUSEL,mes,0.0,GWh,,boletin,17,2026-08-07
2025-07,planta_cargas_buques,SAGUNTO,mes,0.0,GWh,-100.0,boletin,17,2026-08-07
2025-07,planta_descargas_buques,BARCELONA,mes,2945.0,GWh,29.9,boletin,17,2026-08-07
2025-07,planta_descargas_buques,BILBAO,mes,4413.0,GWh,33.1,boletin,17,2026-08-07
2025-07,planta_descargas_buques,CARTAGENA,mes,2900.0,GWh,38.1,boletin,17,2026-08-07
2025-07,planta_descargas_buques,HUELVA,mes,6236.0,GWh,,boletin,17,2026-08-07
2025-07,planta_descargas_buques,MUGARDOS,mes,982.0,GWh,-16.2,boletin,17,2026-08-07
2025-07,planta_descargas_buques,MUSEL,mes,0.0,GWh,,boletin,17,2026-08-07
2025-07,planta_descargas_buques,SAGUNTO,mes,1029.0,GWh,-47.3,boletin,17,2026-08-07
2025-07,planta_n_buques_descargados,BARCELONA,mes,3.0,nº,50.0,boletin,17,2026-08-07
2025-07,planta_n_buques_descargados,BILBAO,mes,4.0,nº,0.0,boletin,17,2026-08-07
2025-07,planta_n_buques_descargados,CARTAGENA,mes,3.0,nº,50.0,boletin,17,2026-08-07
2025-07,planta_n_buques_descargados,HUELVA,mes,6.0,nº,100.0,boletin,17,2026-08-07
2025-07,planta_n_buques_descargados,MUGARDOS,mes,1.0,nº,-50.0,boletin,17,2026-08-07
2025-07,planta_n_buques_descargados,MUSEL,mes,0.0,nº,,boletin,17,2026-08-07
2025-07,planta_n_buques_descargados,SAGUNTO,mes,1.0,nº,-50.0,boletin,17,2026-08-07
2025-07,salidas_conexiones_internacionales,,acumulado_anual,19676.0,GWh,32.6,boletin,3,2026-08-07
2025-07,salidas_conexiones_internacionales,,mes,1694.0,GWh,-29.0,boletin,3,2026-08-07
2025-07,salidas_conexiones_internacionales,,tam,27301.0,GWh,21.5,boletin,3,2026-08-07
2025-07,total_salidas,,acumulado_anual,213624.0,GWh,6.1,boletin,3,2026-08-07
2025-07,total_salidas,,mes,27756.0,GWh,-2.8,boletin,3,2026-08-07
2025-07,total_salidas,,tam,358674.0,GWh,3.6,boletin,3,2026-08-07
2025-07,tvb_capacidad_regasificacion_contratada,,mes,16854.0,GWh/mes,,boletin,15,2026-08-07
2025-07,tvb_capacidad_regasificacion_disponible,,mes,43441.0,GWh/mes,,boletin,15,2026-08-07
2025-07,tvb_capacidad_regasificacion_total,,mes,60295.0,GWh/mes,,boletin,15,2026-08-07
2025-07,tvb_regasificacion_comercial,,mes,16253.0,GWh,,boletin,15,2026-08-07
2025-08,aprovisionamiento_gn,Argelia,acumulado_anual,71117.0,GWh,,boletin,9,2026-08-07
2025-08,aprovisionamiento_gn,Argelia,mes,9123.0,GWh,,boletin,9,2026-08-07
2025-08,aprovisionamiento_gn,Argelia,tam,107928.0,GWh,,boletin,9,2026-08-07
2025-08,aprovisionamiento_gn,Biometano nacional,acumulado_anual,272.0,GWh,,boletin,9,2026-08-07
2025-08,aprovisionamiento_gn,Biometano nacional,mes,37.0,GWh,,boletin,9,2026-08-07
2025-08,aprovisionamiento_gn,Biometano nacional,tam,379.0,GWh,,boletin,9,2026-08-07
2025-08,aprovisionamiento_gn,Francia,acumulado_anual,5424.0,GWh,,boletin,9,2026-08-07
2025-08,aprovisionamiento_gn,Francia,mes,1538.0,GWh,,boletin,9,2026-08-07
2025-08,aprovisionamiento_gn,Francia,tam,10775.0,GWh,,boletin,9,2026-08-07
2025-08,aprovisionamiento_gn,Portugal,acumulado_anual,5063.0,GWh,,boletin,9,2026-08-07
2025-08,aprovisionamiento_gn,Portugal,mes,702.0,GWh,,boletin,9,2026-08-07
2025-08,aprovisionamiento_gn,Portugal,tam,8845.0,GWh,,boletin,9,2026-08-07
2025-08,aprovisionamiento_gn,Yacimientos nacionales,acumulado_anual,243.0,GWh,,boletin,9,2026-08-07
2025-08,aprovisionamiento_gn,Yacimientos nacionales,mes,0.0,GWh,,boletin,9,2026-08-07
2025-08,aprovisionamiento_gn,Yacimientos nacionales,tam,372.0,GWh,,boletin,9,2026-08-07
2025-08,aprovisionamiento_gnl,Angola,acumulado_anual,13390.0,GWh,,boletin,9,2026-08-07
2025-08,aprovisionamiento_gnl,Angola,mes,0.0,GWh,,boletin,9,2026-08-07
2025-08,aprovisionamiento_gnl,Angola,tam,15443.0,GWh,,boletin,9,2026-08-07
2025-08,aprovisionamiento_gnl,Argelia,acumulado_anual,10754.0,GWh,,boletin,9,2026-08-07
2025-08,aprovisionamiento_gnl,Argelia,mes,970.0,GWh,,boletin,9,2026-08-07
2025-08,aprovisionamiento_gnl,Argelia,tam,20871.0,GWh,,boletin,9,2026-08-07
2025-08,aprovisionamiento_gnl,Camerún,acumulado_anual,979.0,GWh,,boletin,9,2026-08-07
2025-08,aprovisionamiento_gnl,Camerún,mes,0.0,GWh,,boletin,9,2026-08-07
2025-08,aprovisionamiento_gnl,Camerún,tam,979.0,GWh,,boletin,9,2026-08-07
2025-08,aprovisionamiento_gnl,Congo,acumulado_anual,1804.0,GWh,,boletin,9,2026-08-07
2025-08,aprovisionamiento_gnl,Congo,mes,0.0,GWh,,boletin,9,2026-08-07
2025-08,aprovisionamiento_gnl,Congo,tam,3561.0,GWh,,boletin,9,2026-08-07
2025-08,aprovisionamiento_gnl,Estados Unidos,acumulado_anual,77210.0,GWh,,boletin,9,2026-08-07
2025-08,aprovisionamiento_gnl,Estados Unidos,mes,10579.0,GWh,,boletin,9,2026-08-07
2025-08,aprovisionamiento_gnl,Estados Unidos,tam,91079.0,GWh,,boletin,9,2026-08-07
2025-08,aprovisionamiento_gnl,Francia,acumulado_anual,0.0,GWh,,boletin,9,2026-08-07
2025-08,aprovisionamiento_gnl,Francia,mes,0.0,GWh,,boletin,9,2026-08-07
2025-08,aprovisionamiento_gnl,Francia,tam,0.0,GWh,,boletin,9,2026-08-07
2025-08,aprovisionamiento_gnl,Jamaica,acumulado_anual,168.0,GWh,,boletin,9,2026-08-07
2025-08,aprovisionamiento_gnl,Jamaica,mes,0.0,GWh,,boletin,9,2026-08-07
2025-08,aprovisionamiento_gnl,Jamaica,tam,168.0,GWh,,boletin,9,2026-08-07
2025-08,aprovisionamiento_gnl,Nigeria,acumulado_anual,19156.0,GWh,,boletin,9,2026-08-07
2025-08,aprovisionamiento_gnl,Nigeria,mes,1862.0,GWh,,boletin,9,2026-08-07
2025-08,aprovisionamiento_gnl,Nigeria,tam,27358.0,GWh,,boletin,9,2026-08-07
2025-08,aprovisionamiento_gnl,Noruega,acumulado_anual,2144.0,GWh,,boletin,9,2026-08-07
2025-08,aprovisionamiento_gnl,Noruega,mes,0.0,GWh,,boletin,9,2026-08-07
2025-08,aprovisionamiento_gnl,Noruega,tam,2144.0,GWh,,boletin,9,2026-08-07
2025-08,aprovisionamiento_gnl,Perú,acumulado_anual,5444.0,GWh,,boletin,9,2026-08-07
2025-08,aprovisionamiento_gnl,Perú,mes,0.0,GWh,,boletin,9,2026-08-07
2025-08,aprovisionamiento_gnl,Perú,tam,5444.0,GWh,,boletin,9,2026-08-07
2025-08,aprovisionamiento_gnl,Qatar,acumulado_anual,4867.0,GWh,,boletin,9,2026-08-07
2025-08,aprovisionamiento_gnl,Qatar,mes,785.0,GWh,,boletin,9,2026-08-07
2025-08,aprovisionamiento_gnl,Qatar,tam,10072.0,GWh,,boletin,9,2026-08-07
2025-08,aprovisionamiento_gnl,Rusia,acumulado_anual,30509.0,GWh,,boletin,9,2026-08-07
2025-08,aprovisionamiento_gnl,Rusia,mes,2152.0,GWh,,boletin,9,2026-08-07
2025-08,aprovisionamiento_gnl,Rusia,tam,49935.0,GWh,,boletin,9,2026-08-07
2025-08,aprovisionamiento_gnl,Trinidad y Tobago,acumulado_anual,0.0,GWh,,boletin,9,2026-08-07
2025-08,aprovisionamiento_gnl,Trinidad y Tobago,mes,0.0,GWh,,boletin,9,2026-08-07
2025-08,aprovisionamiento_gnl,Trinidad y Tobago,tam,1184.0,GWh,,boletin,9,2026-08-07
2025-08,biometano_distribucion,,acumulado_anual,140.8,GWh,59.4,boletin,13,2026-08-07
2025-08,biometano_distribucion,,mes,23.0,GWh,109.9,boletin,13,2026-08-07
2025-08,biometano_distribucion,,tam,190.2,GWh,38.1,boletin,13,2026-08-07
2025-08,biometano_transporte,,acumulado_anual,130.7,GWh,8.2,boletin,13,2026-08-07
2025-08,biometano_transporte,,mes,14.3,GWh,159.5,boletin,13,2026-08-07
2025-08,biometano_transporte,,tam,188.0,GWh,5.6,boletin,13,2026-08-07
2025-08,cargas_buques,,acumulado_anual,7578.0,GWh,-14.6,boletin,3,2026-08-07
2025-08,cargas_buques,,mes,1928.0,GWh,,boletin,3,2026-08-07
2025-08,cargas_buques,,tam,10746.0,GWh,-10.7,boletin,3,2026-08-07
2025-08,conexion_internacional_saldo,Almería,acumulado_anual,71117.0,GWh,2.9,boletin,11,2026-08-07
2025-08,conexion_internacional_saldo,Almería,mes,9123.0,GWh,2.9,boletin,11,2026-08-07
2025-08,conexion_internacional_saldo,Almería,tam,106741.0,GWh,1.9,boletin,11,2026-08-07
2025-08,conexion_internacional_saldo,Biometano,acumulado_anual,272.0,GWh,29.9,boletin,11,2026-08-07
2025-08,conexion_internacional_saldo,Biometano,mes,37.0,GWh,,boletin,11,2026-08-07
2025-08,conexion_internacional_saldo,Biometano,tam,378.0,GWh,19.8,boletin,11,2026-08-07
2025-08,conexion_internacional_saldo,Tarifa,acumulado_anual,-6731.0,GWh,7.0,boletin,11,2026-08-07
2025-08,conexion_internacional_saldo,Tarifa,mes,-992.0,GWh,0.0,boletin,11,2026-08-07
2025-08,conexion_internacional_saldo,Tarifa,tam,-10144.0,GWh,4.5,boletin,11,2026-08-07
2025-08,conexion_internacional_saldo,VIP Ibérico,acumulado_anual,1797.0,GWh,-67.8,boletin,11,2026-08-07
2025-08,conexion_internacional_saldo,VIP Ibérico,mes,387.0,GWh,-63.2,boletin,11,2026-08-07
2025-08,conexion_internacional_saldo,VIP Ibérico,tam,4461.0,GWh,-45.9,boletin,11,2026-08-07
2025-08,conexion_internacional_saldo,VIP Pirineos,acumulado_anual,-5572.0,GWh,,boletin,11,2026-08-07
2025-08,conexion_internacional_saldo,VIP Pirineos,mes,1458.0,GWh,0.3,boletin,11,2026-08-07
2025-08,conexion_internacional_saldo,VIP Pirineos,tam,-1690.0,GWh,,boletin,11,2026-08-07
2025-08,conexion_internacional_saldo,Yacimiento Nacionales,acumulado_anual,243.0,GWh,,boletin,11,2026-08-07
2025-08,conexion_internacional_saldo,Yacimiento Nacionales,mes,0.0,GWh,,boletin,11,2026-08-07
2025-08,conexion_internacional_saldo,Yacimiento Nacionales,tam,372.0,GWh,65.3,boletin,11,2026-08-07
2025-08,correccion_laboralidad,,acumulado_anual,-0.9,%,,boletin,5,2026-08-07
2025-08,correccion_laboralidad,,mes,-2.7,%,,boletin,5,2026-08-07
2025-08,correccion_laboralidad,,tam,-0.6,%,,boletin,5,2026-08-07
2025-08,correccion_temperatura,,acumulado_anual,1.6,%,,boletin,5,2026-08-07
2025-08,correccion_temperatura,,mes,0.0,%,,boletin,5,2026-08-07
2025-08,correccion_temperatura,,tam,1.0,%,,boletin,5,2026-08-07
2025-08,delta_temperatura,,mes,0.03,ºC,,boletin,5,2026-08-07
2025-08,demanda_ccaa_cisternas,Andalucía,mes,189.0,GWh,-23.6,boletin,7,2026-08-07
2025-08,demanda_ccaa_cisternas,Aragón,mes,39.0,GWh,-10.4,boletin,7,2026-08-07
2025-08,demanda_ccaa_cisternas,Asturias,mes,27.0,GWh,-2.8,boletin,7,2026-08-07
2025-08,demanda_ccaa_cisternas,Baleares,mes,9.0,GWh,-5.7,boletin,7,2026-08-07
2025-08,demanda_ccaa_cisternas,Cantabria,mes,23.0,GWh,-3.8,boletin,7,2026-08-07
2025-08,demanda_ccaa_cisternas,Castilla y León,mes,28.0,GWh,-34.9,boletin,7,2026-08-07
2025-08,demanda_ccaa_cisternas,Castilla-La Mancha,mes,55.0,GWh,-20.5,boletin,7,2026-08-07
2025-08,demanda_ccaa_cisternas,Cataluña,mes,56.0,GWh,-42.1,boletin,7,2026-08-07
2025-08,demanda_ccaa_cisternas,Comunidad Valenciana,mes,49.0,GWh,-55.3,boletin,7,2026-08-07
2025-08,demanda_ccaa_cisternas,Extremadura,mes,41.0,GWh,-13.0,boletin,7,2026-08-07
2025-08,demanda_ccaa_cisternas,Galicia,mes,26.0,GWh,-37.5,boletin,7,2026-08-07
2025-08,demanda_ccaa_cisternas,La Rioja,mes,8.0,GWh,146.0,boletin,7,2026-08-07
2025-08,demanda_ccaa_cisternas,Madrid,mes,313.0,GWh,112.4,boletin,7,2026-08-07
2025-08,demanda_ccaa_cisternas,Murcia,mes,33.0,GWh,-11.9,boletin,7,2026-08-07
2025-08,demanda_ccaa_cisternas,Navarra,mes,10.0,GWh,-30.6,boletin,7,2026-08-07
2025-08,demanda_ccaa_cisternas,País Vasco,mes,31.0,GWh,-1.5,boletin,7,2026-08-07
2025-08,demanda_ccaa_convencional,Andalucía,mes,2262.0,GWh,-4.7,boletin,7,2026-08-07
2025-08,demanda_ccaa_convencional,Aragón,mes,801.0,GWh,-10.0,boletin,7,2026-08-07
2025-08,demanda_ccaa_convencional,Asturias,mes,364.0,GWh,-8.8,boletin,7,2026-08-07
2025-08,demanda_ccaa_convencional,Baleares,mes,97.0,GWh,7.1,boletin,7,2026-08-07
2025-08,demanda_ccaa_convencional,Cantabria,mes,146.0,GWh,2.0,boletin,7,2026-08-07
2025-08,demanda_ccaa_convencional,Castilla y León,mes,916.0,GWh,-2.8,boletin,7,2026-08-07
2025-08,demanda_ccaa_convencional,Castilla-La Mancha,mes,754.0,GWh,2.7,boletin,7,2026-08-07
2025-08,demanda_ccaa_convencional,Cataluña,mes,2371.0,GWh,-8.2,boletin,7,2026-08-07
2025-08,demanda_ccaa_convencional,Comunidad Valenciana,mes,1090.0,GWh,-9.2,boletin,7,2026-08-07
2025-08,demanda_ccaa_convencional,Extremadura,mes,332.0,GWh,-28.3,boletin,7,2026-08-07
2025-08,demanda_ccaa_convencional,Galicia,mes,683.0,GWh,-11.4,boletin,7,2026-08-07
2025-08,demanda_ccaa_convencional,La Rioja,mes,127.0,GWh,0.4,boletin,7,2026-08-07
2025-08,demanda_ccaa_convencional,Madrid,mes,699.0,GWh,-7.7,boletin,7,2026-08-07
2025-08,demanda_ccaa_convencional,Murcia,mes,1023.0,GWh,-20.0,boletin,7,2026-08-07
2025-08,demanda_ccaa_convencional,Navarra,mes,305.0,GWh,-4.9,boletin,7,2026-08-07
2025-08,demanda_ccaa_convencional,País Vasco,mes,935.0,GWh,-14.0,boletin,7,2026-08-07
2025-08,demanda_ccaa_sector_electrico,Andalucía,mes,2110.0,GWh,23.7,boletin,7,2026-08-07
2025-08,demanda_ccaa_sector_electrico,Aragón,mes,521.0,GWh,95.6,boletin,7,2026-08-07
2025-08,demanda_ccaa_sector_electrico,Asturias,mes,656.0,GWh,103.6,boletin,7,2026-08-07
2025-08,demanda_ccaa_sector_electrico,Baleares,mes,962.0,GWh,-5.5,boletin,7,2026-08-07
2025-08,demanda_ccaa_sector_electrico,Cantabria,mes,0.0,GWh,,boletin,7,2026-08-07
2025-08,demanda_ccaa_sector_electrico,Castilla y León,mes,0.0,GWh,,boletin,7,2026-08-07
2025-08,demanda_ccaa_sector_electrico,Castilla-La Mancha,mes,412.0,GWh,39.5,boletin,7,2026-08-07
2025-08,demanda_ccaa_sector_electrico,Cataluña,mes,1137.0,GWh,20.4,boletin,7,2026-08-07
2025-08,demanda_ccaa_sector_electrico,Comunidad Valenciana,mes,952.0,GWh,47.9,boletin,7,2026-08-07
2025-08,demanda_ccaa_sector_electrico,Extremadura,mes,0.0,GWh,,boletin,7,2026-08-07
2025-08,demanda_ccaa_sector_electrico,Galicia,mes,590.0,GWh,29.2,boletin,7,2026-08-07
2025-08,demanda_ccaa_sector_electrico,La Rioja,mes,166.0,GWh,-6.5,boletin,7,2026-08-07
2025-08,demanda_ccaa_sector_electrico,Madrid,mes,0.0,GWh,,boletin,7,2026-08-07
2025-08,demanda_ccaa_sector_electrico,Murcia,mes,784.0,GWh,-2.5,boletin,7,2026-08-07
2025-08,demanda_ccaa_sector_electrico,Navarra,mes,401.0,GWh,20.4,boletin,7,2026-08-07
2025-08,demanda_ccaa_sector_electrico,País Vasco,mes,434.0,GWh,-18.5,boletin,7,2026-08-07
2025-08,demanda_cisternas,,acumulado_anual,8100.0,GWh,-2.2,progreso,3,2026-08-07
2025-08,demanda_cisternas,,mes,1000.0,GWh,-5.2,progreso,3,2026-08-07
2025-08,demanda_cisternas,,tam,12300.0,GWh,-1.5,progreso,3,2026-08-07
2025-08,demanda_convencional,,acumulado_anual,151444.0,GWh,-3.4,boletin,3,2026-08-07
2025-08,demanda_convencional,,acumulado_anual,151444.0,GWh,-3.4,boletin,5,2026-08-07
2025-08,demanda_convencional,,mes,13857.0,GWh,-8.7,boletin,3,2026-08-07
2025-08,demanda_convencional,,mes,13857.0,GWh,-8.7,boletin,5,2026-08-07
2025-08,demanda_convencional,,tam,231841.0,GWh,-2.2,boletin,3,2026-08-07
2025-08,demanda_convencional,,tam,231841.0,GWh,-2.2,boletin,5,2026-08-07
2025-08,demanda_convencional_corregida,,acumulado_anual,-4.0,%,,boletin,5,2026-08-07
2025-08,demanda_convencional_corregida,,mes,-6.0,%,,boletin,5,2026-08-07
2025-08,demanda_convencional_corregida,,tam,-2.6,%,,boletin,5,2026-08-07
2025-08,demanda_dc_pymes,,acumulado_anual,33200.0,GWh,7.9,progreso,3,2026-08-07
2025-08,demanda_dc_pymes,,mes,1000.0,GWh,4.9,progreso,3,2026-08-07
2025-08,demanda_dc_pymes,,tam,50200.0,GWh,5.1,progreso,3,2026-08-07
2025-08,demanda_industrial,,acumulado_anual,110200.0,GWh,-6.4,progreso,3,2026-08-07
2025-08,demanda_industrial,,mes,11900.0,GWh,-10.0,progreso,3,2026-08-07
2025-08,demanda_industrial,,tam,169400.0,GWh,-4.3,progreso,3,2026-08-07
2025-08,demanda_internacional,,acumulado_anual,28641.0,GWh,12.3,boletin,3,2026-08-07
2025-08,demanda_internacional,,mes,3315.0,GWh,55.1,boletin,3,2026-08-07
2025-08,demanda_internacional,,tam,37643.0,GWh,9.1,boletin,3,2026-08-07
2025-08,demanda_nacional,,acumulado_anual,211280.0,GWh,5.3,boletin,3,2026-08-07
2025-08,demanda_nacional,,mes,22982.0,GWh,1.4,boletin,3,2026-08-07
2025-08,demanda_nacional,,tam,322518.0,GWh,3.4,boletin,3,2026-08-07
2025-08,demanda_sector_electrico,,acumulado_anual,59837.0,GWh,36.3,boletin,3,2026-08-07
2025-08,demanda_sector_electrico,,mes,9125.0,GWh,21.7,boletin,3,2026-08-07
2025-08,demanda_sector_electrico,,tam,90677.0,GWh,21.3,boletin,3,2026-08-07
2025-08,destino_cargas_pct,Bunkering,acumulado_anual,43.0,%,,boletin,18,2026-08-07
2025-08,destino_cargas_pct,Bunkering,mes,26.0,%,,boletin,18,2026-08-07
2025-08,destino_cargas_pct,EU,acumulado_anual,36.5,%,,boletin,18,2026-08-07
2025-08,destino_cargas_pct,EU,mes,12.4,%,,boletin,18,2026-08-07
2025-08,destino_cargas_pct,non EU,acumulado_anual,20.5,%,,boletin,18,2026-08-07
2025-08,destino_cargas_pct,non EU,mes,61.6,%,,boletin,18,2026-08-07
2025-08,generacion_electrica,Carbón,mes,0.0,GWh,-100.0,boletin,6,2026-08-07
2025-08,generacion_electrica,Cogeneración,mes,1400.0,GWh,-13.2,boletin,6,2026-08-07
2025-08,generacion_electrica,Eólica,mes,3700.0,GWh,-1.8,boletin,6,2026-08-07
2025-08,generacion_electrica,Gas natural,mes,3500.0,GWh,22.9,boletin,6,2026-08-07
2025-08,generacion_electrica,Hidráulica,mes,2300.0,GWh,1.0,boletin,6,2026-08-07
2025-08,generacion_electrica,Nuclear,mes,5100.0,GWh,-0.3,boletin,6,2026-08-07
2025-08,generacion_electrica,Resto renovables,mes,300.0,GWh,2.8,boletin,6,2026-08-07
2025-08,generacion_electrica,Solar,mes,6400.0,GWh,4.7,boletin,6,2026-08-07
2025-08,pct_total_gn,,mes,58.9,%,,boletin,9,2026-08-07
2025-08,pct_total_gnl,,mes,41.1,%,,boletin,9,2026-08-07
2025-08,planta_carga_cisternas,BARCELONA,mes,189.0,GWh,3.4,boletin,17,2026-08-07
2025-08,planta_carga_cisternas,BILBAO,mes,92.0,GWh,0.5,boletin,17,2026-08-07
2025-08,planta_carga_cisternas,CARTAGENA,mes,145.0,GWh,-0.4,boletin,17,2026-08-07
2025-08,planta_carga_cisternas,HUELVA,mes,269.0,GWh,-12.4,boletin,17,2026-08-07
2025-08,planta_carga_cisternas,MUGARDOS,mes,54.0,GWh,-9.6,boletin,17,2026-08-07
2025-08,planta_carga_cisternas,MUSEL,mes,50.0,GWh,4.5,boletin,17,2026-08-07
2025-08,planta_carga_cisternas,SAGUNTO,mes,154.0,GWh,-9.9,boletin,17,2026-08-07
2025-08,planta_cargas_buques,BARCELONA,mes,1253.0,GWh,,boletin,17,2026-08-07
2025-08,planta_cargas_buques,BILBAO,mes,0.0,GWh,,boletin,17,2026-08-07
2025-08,planta_cargas_buques,CARTAGENA,mes,204.0,GWh,,boletin,17,2026-08-07
2025-08,planta_cargas_buques,HUELVA,mes,259.0,GWh,97.4,boletin,17,2026-08-07
2025-08,planta_cargas_buques,MUGARDOS,mes,48.0,GWh,,boletin,17,2026-08-07
2025-08,planta_cargas_buques,MUSEL,mes,0.0,GWh,,boletin,17,2026-08-07
2025-08,planta_cargas_buques,SAGUNTO,mes,165.0,GWh,,boletin,17,2026-08-07
2025-08,planta_descargas_buques,BARCELONA,mes,1724.0,GWh,99.2,boletin,17,2026-08-07
2025-08,planta_descargas_buques,BILBAO,mes,4443.0,GWh,40.8,boletin,17,2026-08-07
2025-08,planta_descargas_buques,CARTAGENA,mes,2177.0,GWh,-10.3,boletin,17,2026-08-07
2025-08,planta_descargas_buques,HUELVA,mes,2955.0,GWh,52.5,boletin,17,2026-08-07
2025-08,planta_descargas_buques,MUGARDOS,mes,2079.0,GWh,-6.8,boletin,17,2026-08-07
2025-08,planta_descargas_buques,MUSEL,mes,0.0,GWh,,boletin,17,2026-08-07
2025-08,planta_descargas_buques,SAGUNTO,mes,1882.0,GWh,-26.6,boletin,17,2026-08-07
2025-08,planta_n_buques_descargados,BARCELONA,mes,2.0,nº,100.0,boletin,17,2026-08-07
2025-08,planta_n_buques_descargados,BILBAO,mes,4.0,nº,100.0,boletin,17,2026-08-07
2025-08,planta_n_buques_descargados,CARTAGENA,mes,2.0,nº,-50.0,boletin,17,2026-08-07
2025-08,planta_n_buques_descargados,HUELVA,mes,3.0,nº,50.0,boletin,17,2026-08-07
2025-08,planta_n_buques_descargados,MUGARDOS,mes,2.0,nº,0.0,boletin,17,2026-08-07
2025-08,planta_n_buques_descargados,MUSEL,mes,0.0,nº,,boletin,17,2026-08-07
2025-08,planta_n_buques_descargados,SAGUNTO,mes,2.0,nº,-33.3,boletin,17,2026-08-07
2025-08,salidas_conexiones_internacionales,,acumulado_anual,21062.0,GWh,26.6,boletin,3,2026-08-07
2025-08,salidas_conexiones_internacionales,,mes,1387.0,GWh,-22.6,boletin,3,2026-08-07
2025-08,salidas_conexiones_internacionales,,tam,26897.0,GWh,19.7,boletin,3,2026-08-07
2025-08,total_salidas,,acumulado_anual,239921.0,GWh,6.1,boletin,3,2026-08-07
2025-08,total_salidas,,mes,26297.0,GWh,6.0,boletin,3,2026-08-07
2025-08,total_salidas,,tam,360161.0,GWh,4.0,boletin,3,2026-08-07
2025-08,tvb_capacidad_regasificacion_contratada,,mes,14402.0,GWh/mes,,boletin,15,2026-08-07
2025-08,tvb_capacidad_regasificacion_disponible,,mes,45893.0,GWh/mes,,boletin,15,2026-08-07
2025-08,tvb_capacidad_regasificacion_total,,mes,60295.0,GWh/mes,,boletin,15,2026-08-07
2025-08,tvb_regasificacion_comercial,,mes,13160.0,GWh,,boletin,15,2026-08-07
2025-09,aprovisionamiento_gn,Argelia,acumulado_anual,78457.0,GWh,,boletin,9,2026-08-07
2025-09,aprovisionamiento_gn,Argelia,mes,7340.0,GWh,,boletin,9,2026-08-07
2025-09,aprovisionamiento_gn,Argelia,tam,108488.0,GWh,,boletin,9,2026-08-07
2025-09,aprovisionamiento_gn,Biometano nacional,acumulado_anual,312.0,GWh,,boletin,9,2026-08-07
2025-09,aprovisionamiento_gn,Biometano nacional,mes,40.0,GWh,,boletin,9,2026-08-07
2025-09,aprovisionamiento_gn,Biometano nacional,tam,395.0,GWh,,boletin,9,2026-08-07
2025-09,aprovisionamiento_gn,Francia,acumulado_anual,6530.0,GWh,,boletin,9,2026-08-07
2025-09,aprovisionamiento_gn,Francia,mes,1106.0,GWh,,boletin,9,2026-08-07
2025-09,aprovisionamiento_gn,Francia,tam,9663.0,GWh,,boletin,9,2026-08-07
2025-09,aprovisionamiento_gn,Portugal,acumulado_anual,5610.0,GWh,,boletin,9,2026-08-07
2025-09,aprovisionamiento_gn,Portugal,mes,547.0,GWh,,boletin,9,2026-08-07
2025-09,aprovisionamiento_gn,Portugal,tam,7782.0,GWh,,boletin,9,2026-08-07
2025-09,aprovisionamiento_gn,Yacimientos nacionales,acumulado_anual,246.0,GWh,,boletin,9,2026-08-07
2025-09,aprovisionamiento_gn,Yacimientos nacionales,mes,3.0,GWh,,boletin,9,2026-08-07
2025-09,aprovisionamiento_gn,Yacimientos nacionales,tam,371.0,GWh,,boletin,9,2026-08-07
2025-09,aprovisionamiento_gnl,Angola,acumulado_anual,15532.0,GWh,,boletin,9,2026-08-07
2025-09,aprovisionamiento_gnl,Angola,mes,2142.0,GWh,,boletin,9,2026-08-07
2025-09,aprovisionamiento_gnl,Angola,tam,17585.0,GWh,,boletin,9,2026-08-07
2025-09,aprovisionamiento_gnl,Argelia,acumulado_anual,13656.0,GWh,,boletin,9,2026-08-07
2025-09,aprovisionamiento_gnl,Argelia,mes,2903.0,GWh,,boletin,9,2026-08-07
2025-09,aprovisionamiento_gnl,Argelia,tam,20837.0,GWh,,boletin,9,2026-08-07
2025-09,aprovisionamiento_gnl,Camerún,acumulado_anual,979.0,GWh,,boletin,9,2026-08-07
2025-09,aprovisionamiento_gnl,Camerún,mes,0.0,GWh,,boletin,9,2026-08-07
2025-09,aprovisionamiento_gnl,Camerún,tam,979.0,GWh,,boletin,9,2026-08-07
2025-09,aprovisionamiento_gnl,Congo,acumulado_anual,1804.0,GWh,,boletin,9,2026-08-07
2025-09,aprovisionamiento_gnl,Congo,mes,0.0,GWh,,boletin,9,2026-08-07
2025-09,aprovisionamiento_gnl,Congo,tam,2653.0,GWh,,boletin,9,2026-08-07
2025-09,aprovisionamiento_gnl,Egipto,acumulado_anual,1034.0,GWh,,boletin,9,2026-08-07
2025-09,aprovisionamiento_gnl,Egipto,mes,1034.0,GWh,,boletin,9,2026-08-07
2025-09,aprovisionamiento_gnl,Egipto,tam,1034.0,GWh,,boletin,9,2026-08-07
2025-09,aprovisionamiento_gnl,Estados Unidos,acumulado_anual,84658.0,GWh,,boletin,9,2026-08-07
2025-09,aprovisionamiento_gnl,Estados Unidos,mes,7448.0,GWh,,boletin,9,2026-08-07
2025-09,aprovisionamiento_gnl,Estados Unidos,tam,92497.0,GWh,,boletin,9,2026-08-07
2025-09,aprovisionamiento_gnl,Jamaica,acumulado_anual,168.0,GWh,,boletin,9,2026-08-07
2025-09,aprovisionamiento_gnl,Jamaica,mes,0.0,GWh,,boletin,9,2026-08-07
2025-09,aprovisionamiento_gnl,Jamaica,tam,168.0,GWh,,boletin,9,2026-08-07
2025-09,aprovisionamiento_gnl,Nigeria,acumulado_anual,22176.0,GWh,,boletin,9,2026-08-07
2025-09,aprovisionamiento_gnl,Nigeria,mes,3021.0,GWh,,boletin,9,2026-08-07
2025-09,aprovisionamiento_gnl,Nigeria,tam,29232.0,GWh,,boletin,9,2026-08-07
2025-09,aprovisionamiento_gnl,Noruega,acumulado_anual,2144.0,GWh,,boletin,9,2026-08-07
2025-09,aprovisionamiento_gnl,Noruega,mes,0.0,GWh,,boletin,9,2026-08-07
2025-09,aprovisionamiento_gnl,Noruega,tam,2144.0,GWh,,boletin,9,2026-08-07
2025-09,aprovisionamiento_gnl,Perú,acumulado_anual,5444.0,GWh,,boletin,9,2026-08-07
2025-09,aprovisionamiento_gnl,Perú,mes,0.0,GWh,,boletin,9,2026-08-07
2025-09,aprovisionamiento_gnl,Perú,tam,5444.0,GWh,,boletin,9,2026-08-07
2025-09,aprovisionamiento_gnl,Qatar,acumulado_anual,4867.0,GWh,,boletin,9,2026-08-07
2025-09,aprovisionamiento_gnl,Qatar,mes,0.0,GWh,,boletin,9,2026-08-07
2025-09,aprovisionamiento_gnl,Qatar,tam,9202.0,GWh,,boletin,9,2026-08-07
2025-09,aprovisionamiento_gnl,Rusia,acumulado_anual,31637.0,GWh,,boletin,9,2026-08-07
2025-09,aprovisionamiento_gnl,Rusia,mes,1128.0,GWh,,boletin,9,2026-08-07
2025-09,aprovisionamiento_gnl,Rusia,tam,47695.0,GWh,,boletin,9,2026-08-07
2025-09,aprovisionamiento_gnl,Trinidad y Tobago,acumulado_anual,854.0,GWh,,boletin,9,2026-08-07
2025-09,aprovisionamiento_gnl,Trinidad y Tobago,mes,854.0,GWh,,boletin,9,2026-08-07
2025-09,aprovisionamiento_gnl,Trinidad y Tobago,tam,2038.0,GWh,,boletin,9,2026-08-07
2025-09,biometano_distribucion,,acumulado_anual,164.1,GWh,64.7,boletin,13,2026-08-07
2025-09,biometano_distribucion,,mes,23.4,GWh,105.5,boletin,13,2026-08-07
2025-09,biometano_distribucion,,tam,202.2,GWh,46.8,boletin,13,2026-08-07
2025-09,biometano_transporte,,acumulado_anual,147.4,GWh,10.7,boletin,13,2026-08-07
2025-09,biometano_transporte,,mes,16.7,GWh,34.8,boletin,13,2026-08-07
2025-09,biometano_transporte,,tam,192.3,GWh,8.0,boletin,13,2026-08-07
2025-09,cargas_buques,,acumulado_anual,8725.0,GWh,-8.5,boletin,3,2026-08-07
2025-09,cargas_buques,,mes,1146.0,GWh,71.5,boletin,3,2026-08-07
2025-09,cargas_buques,,tam,11224.0,GWh,-6.8,boletin,3,2026-08-07
2025-09,conexion_internacional_saldo,Almería,acumulado_anual,78457.0,GWh,3.6,boletin,11,2026-08-07
2025-09,conexion_internacional_saldo,Almería,mes,7340.0,GWh,10.2,boletin,11,2026-08-07
2025-09,conexion_internacional_saldo,Almería,tam,107423.0,GWh,2.6,boletin,11,2026-08-07
2025-09,conexion_internacional_saldo,Biometano,acumulado_anual,312.0,GWh,33.8,boletin,11,2026-08-07
2025-09,conexion_internacional_saldo,Biometano,mes,40.0,GWh,,boletin,11,2026-08-07
2025-09,conexion_internacional_saldo,Biometano,tam,394.0,GWh,24.9,boletin,11,2026-08-07
2025-09,conexion_internacional_saldo,Tarifa,acumulado_anual,-7643.0,GWh,6.3,boletin,11,2026-08-07
2025-09,conexion_internacional_saldo,Tarifa,mes,-912.0,GWh,1.3,boletin,11,2026-08-07
2025-09,conexion_internacional_saldo,Tarifa,tam,-10156.0,GWh,4.7,boletin,11,2026-08-07
2025-09,conexion_internacional_saldo,VIP Ibérico,acumulado_anual,2063.0,GWh,-70.3,boletin,11,2026-08-07
2025-09,conexion_internacional_saldo,VIP Ibérico,mes,266.0,GWh,-80.5,boletin,11,2026-08-07
2025-09,conexion_internacional_saldo,VIP Ibérico,tam,3362.0,GWh,-59.2,boletin,11,2026-08-07
2025-09,conexion_internacional_saldo,VIP Pirineos,acumulado_anual,-5228.0,GWh,,boletin,11,2026-08-07
2025-09,conexion_internacional_saldo,VIP Pirineos,mes,344.0,GWh,-80.5,boletin,11,2026-08-07
2025-09,conexion_internacional_saldo,VIP Pirineos,tam,-3111.0,GWh,,boletin,11,2026-08-07
2025-09,conexion_internacional_saldo,Yacimiento Nacionales,acumulado_anual,246.0,GWh,,boletin,11,2026-08-07
2025-09,conexion_internacional_saldo,Yacimiento Nacionales,mes,3.0,GWh,,boletin,11,2026-08-07
2025-09,conexion_internacional_saldo,Yacimiento Nacionales,tam,371.0,GWh,64.6,boletin,11,2026-08-07
2025-09,correccion_laboralidad,,acumulado_anual,-0.6,%,,boletin,5,2026-08-07
2025-09,correccion_laboralidad,,mes,2.9,%,,boletin,5,2026-08-07
2025-09,correccion_laboralidad,,tam,-0.4,%,,boletin,5,2026-08-07
2025-09,correccion_temperatura,,acumulado_anual,1.4,%,,boletin,5,2026-08-07
2025-09,correccion_temperatura,,mes,0.0,%,,boletin,5,2026-08-07
2025-09,correccion_temperatura,,tam,1.0,%,,boletin,5,2026-08-07
2025-09,delta_temperatura,,mes,0.95,ºC,,boletin,5,2026-08-07
2025-09,demanda_ccaa_cisternas,Andalucía,mes,162.0,GWh,-22.1,boletin,7,2026-08-07
2025-09,demanda_ccaa_cisternas,Aragón,mes,45.0,GWh,-17.9,boletin,7,2026-08-07
2025-09,demanda_ccaa_cisternas,Asturias,mes,26.0,GWh,-13.1,boletin,7,2026-08-07
2025-09,demanda_ccaa_cisternas,Baleares,mes,9.0,GWh,-1.4,boletin,7,2026-08-07
2025-09,demanda_ccaa_cisternas,Cantabria,mes,23.0,GWh,-9.2,boletin,7,2026-08-07
2025-09,demanda_ccaa_cisternas,Castilla y León,mes,34.0,GWh,-34.3,boletin,7,2026-08-07
2025-09,demanda_ccaa_cisternas,Castilla-La Mancha,mes,59.0,GWh,-17.4,boletin,7,2026-08-07
2025-09,demanda_ccaa_cisternas,Cataluña,mes,68.0,GWh,-27.9,boletin,7,2026-08-07
2025-09,demanda_ccaa_cisternas,Comunidad Valenciana,mes,60.0,GWh,-36.6,boletin,7,2026-08-07
2025-09,demanda_ccaa_cisternas,Extremadura,mes,56.0,GWh,22.1,boletin,7,2026-08-07
2025-09,demanda_ccaa_cisternas,Galicia,mes,44.0,GWh,-8.7,boletin,7,2026-08-07
2025-09,demanda_ccaa_cisternas,La Rioja,mes,9.0,GWh,251.5,boletin,7,2026-08-07
2025-09,demanda_ccaa_cisternas,Madrid,mes,353.0,GWh,94.4,boletin,7,2026-08-07
2025-09,demanda_ccaa_cisternas,Murcia,mes,38.0,GWh,-19.7,boletin,7,2026-08-07
2025-09,demanda_ccaa_cisternas,Navarra,mes,17.0,GWh,-4.8,boletin,7,2026-08-07
2025-09,demanda_ccaa_cisternas,País Vasco,mes,36.0,GWh,11.3,boletin,7,2026-08-07
2025-09,demanda_ccaa_convencional,Andalucía,mes,2196.0,GWh,-2.5,boletin,7,2026-08-07
2025-09,demanda_ccaa_convencional,Aragón,mes,813.0,GWh,-3.5,boletin,7,2026-08-07
2025-09,demanda_ccaa_convencional,Asturias,mes,437.0,GWh,-4.9,boletin,7,2026-08-07
2025-09,demanda_ccaa_convencional,Baleares,mes,102.0,GWh,13.9,boletin,7,2026-08-07
2025-09,demanda_ccaa_convencional,Cantabria,mes,165.0,GWh,-2.7,boletin,7,2026-08-07
2025-09,demanda_ccaa_convencional,Castilla y León,mes,1061.0,GWh,1.2,boletin,7,2026-08-07
2025-09,demanda_ccaa_convencional,Castilla-La Mancha,mes,744.0,GWh,-8.1,boletin,7,2026-08-07
2025-09,demanda_ccaa_convencional,Cataluña,mes,2719.0,GWh,-5.3,boletin,7,2026-08-07
2025-09,demanda_ccaa_convencional,Comunidad Valenciana,mes,1896.0,GWh,2.9,boletin,7,2026-08-07
2025-09,demanda_ccaa_convencional,Extremadura,mes,357.0,GWh,-11.6,boletin,7,2026-08-07
2025-09,demanda_ccaa_convencional,Galicia,mes,704.0,GWh,-12.5,boletin,7,2026-08-07
2025-09,demanda_ccaa_convencional,La Rioja,mes,152.0,GWh,-1.7,boletin,7,2026-08-07
2025-09,demanda_ccaa_convencional,Madrid,mes,942.0,GWh,-0.8,boletin,7,2026-08-07
2025-09,demanda_ccaa_convencional,Murcia,mes,1119.0,GWh,-3.6,boletin,7,2026-08-07
2025-09,demanda_ccaa_convencional,Navarra,mes,375.0,GWh,9.5,boletin,7,2026-08-07
2025-09,demanda_ccaa_convencional,País Vasco,mes,1274.0,GWh,-9.4,boletin,7,2026-08-07
2025-09,demanda_ccaa_sector_electrico,Andalucía,mes,1865.0,GWh,52.8,boletin,7,2026-08-07
2025-09,demanda_ccaa_sector_electrico,Aragón,mes,478.0,GWh,242.6,boletin,7,2026-08-07
2025-09,demanda_ccaa_sector_electrico,Asturias,mes,690.0,GWh,241.9,boletin,7,2026-08-07
2025-09,demanda_ccaa_sector_electrico,Baleares,mes,796.0,GWh,12.2,boletin,7,2026-08-07
2025-09,demanda_ccaa_sector_electrico,Cantabria,mes,0.0,GWh,,boletin,7,2026-08-07
2025-09,demanda_ccaa_sector_electrico,Castilla y León,mes,0.0,GWh,,boletin,7,2026-08-07
2025-09,demanda_ccaa_sector_electrico,Castilla-La Mancha,mes,334.0,GWh,55.0,boletin,7,2026-08-07
2025-09,demanda_ccaa_sector_electrico,Cataluña,mes,1018.0,GWh,4.4,boletin,7,2026-08-07
2025-09,demanda_ccaa_sector_electrico,Comunidad Valenciana,mes,921.0,GWh,56.8,boletin,7,2026-08-07
2025-09,demanda_ccaa_sector_electrico,Extremadura,mes,0.0,GWh,,boletin,7,2026-08-07
2025-09,demanda_ccaa_sector_electrico,Galicia,mes,584.0,GWh,35.8,boletin,7,2026-08-07
2025-09,demanda_ccaa_sector_electrico,La Rioja,mes,189.0,GWh,10.6,boletin,7,2026-08-07
2025-09,demanda_ccaa_sector_electrico,Madrid,mes,0.0,GWh,,boletin,7,2026-08-07
2025-09,demanda_ccaa_sector_electrico,Murcia,mes,726.0,GWh,9.1,boletin,7,2026-08-07
2025-09,demanda_ccaa_sector_electrico,Navarra,mes,403.0,GWh,86.8,boletin,7,2026-08-07
2025-09,demanda_ccaa_sector_electrico,País Vasco,mes,455.0,GWh,-8.4,boletin,7,2026-08-07
2025-09,demanda_cisternas,,acumulado_anual,9200.0,GWh,-1.5,progreso,3,2026-08-07
2025-09,demanda_cisternas,,mes,1100.0,GWh,4.6,progreso,3,2026-08-07
2025-09,demanda_cisternas,,tam,12300.0,GWh,-1.1,progreso,3,2026-08-07
2025-09,demanda_convencional,,acumulado_anual,167583.0,GWh,-3.3,boletin,3,2026-08-07
2025-09,demanda_convencional,,mes,16139.0,GWh,-3.0,boletin,3,2026-08-07
2025-09,demanda_convencional,,tam,231343.0,GWh,-2.4,boletin,3,2026-08-07
2025-09,demanda_convencional_corregida,,acumulado_anual,-4.2,%,,boletin,5,2026-08-07
2025-09,demanda_convencional_corregida,,mes,-5.8,%,,boletin,5,2026-08-07
2025-09,demanda_convencional_corregida,,tam,-3.1,%,,boletin,5,2026-08-07
2025-09,demanda_dc_pymes,,acumulado_anual,34700.0,GWh,7.6,progreso,3,2026-08-07
2025-09,demanda_dc_pymes,,mes,1500.0,GWh,1.4,progreso,3,2026-08-07
2025-09,demanda_dc_pymes,,tam,50200.0,GWh,5.1,progreso,3,2026-08-07
2025-09,demanda_industrial,,acumulado_anual,123800.0,GWh,-6.1,progreso,3,2026-08-07
2025-09,demanda_industrial,,mes,13600.0,GWh,-4.0,progreso,3,2026-08-07
2025-09,demanda_industrial,,tam,168800.0,GWh,-4.6,progreso,3,2026-08-07
2025-09,demanda_internacional,,acumulado_anual,31741.0,GWh,14.1,boletin,3,2026-08-07
2025-09,demanda_internacional,,mes,3101.0,GWh,34.1,boletin,3,2026-08-07
2025-09,demanda_internacional,,tam,38431.0,GWh,11.4,boletin,3,2026-08-07
2025-09,demanda_nacional,,acumulado_anual,235879.0,GWh,5.6,boletin,3,2026-08-07
2025-09,demanda_nacional,,mes,24598.0,GWh,8.5,boletin,3,2026-08-07
2025-09,demanda_nacional,,tam,324450.0,GWh,4.0,boletin,3,2026-08-07
2025-09,demanda_sector_electrico,,acumulado_anual,68296.0,GWh,36.8,boletin,3,2026-08-07
2025-09,demanda_sector_electrico,,mes,8459.0,GWh,40.3,boletin,3,2026-08-07
2025-09,demanda_sector_electrico,,tam,93107.0,GWh,24.6,boletin,3,2026-08-07
2025-09,destino_cargas_pct,Bunkering,acumulado_anual,35.0,%,,boletin,18,2026-08-07
2025-09,destino_cargas_pct,Bunkering,mes,27.5,%,,boletin,18,2026-08-07
2025-09,destino_cargas_pct,EU,acumulado_anual,47.5,%,,boletin,18,2026-08-07
2025-09,destino_cargas_pct,EU,mes,67.4,%,,boletin,18,2026-08-07
2025-09,destino_cargas_pct,non EU,acumulado_anual,17.5,%,,boletin,18,2026-08-07
2025-09,destino_cargas_pct,non EU,mes,5.1,%,,boletin,18,2026-08-07
2025-09,generacion_electrica,Carbón,mes,0.0,GWh,-98.2,boletin,6,2026-08-07
2025-09,generacion_electrica,Cogeneración,mes,1300.0,GWh,-3.3,boletin,6,2026-08-07
2025-09,generacion_electrica,Eólica,mes,3900.0,GWh,-14.2,boletin,6,2026-08-07
2025-09,generacion_electrica,Gas natural,mes,3300.0,GWh,39.6,boletin,6,2026-08-07
2025-09,generacion_electrica,Hidráulica,mes,2100.0,GWh,2.9,boletin,6,2026-08-07
2025-09,generacion_electrica,Nuclear,mes,4500.0,GWh,-9.7,boletin,6,2026-08-07
2025-09,generacion_electrica,Resto renovables,mes,500.0,GWh,-3.8,boletin,6,2026-08-07
2025-09,generacion_electrica,Solar,mes,5400.0,GWh,17.4,boletin,6,2026-08-07
2025-09,pct_total_gn,,mes,67.2,%,,boletin,9,2026-08-07
2025-09,pct_total_gnl,,mes,32.8,%,,boletin,9,2026-08-07
2025-09,planta_carga_cisternas,BARCELONA,mes,235.0,GWh,17.1,boletin,17,2026-08-07
2025-09,planta_carga_cisternas,BILBAO,mes,110.0,GWh,8.2,boletin,17,2026-08-07
2025-09,planta_carga_cisternas,CARTAGENA,mes,175.0,GWh,0.3,boletin,17,2026-08-07
2025-09,planta_carga_cisternas,HUELVA,mes,240.0,GWh,1.0,boletin,17,2026-08-07
2025-09,planta_carga_cisternas,MUGARDOS,mes,81.0,GWh,18.3,boletin,17,2026-08-07
2025-09,planta_carga_cisternas,MUSEL,mes,53.0,GWh,-3.2,boletin,17,2026-08-07
2025-09,planta_carga_cisternas,SAGUNTO,mes,180.0,GWh,-4.1,boletin,17,2026-08-07
2025-09,planta_cargas_buques,BARCELONA,mes,333.0,GWh,-11.6,boletin,17,2026-08-07
2025-09,planta_cargas_buques,BILBAO,mes,0.0,GWh,,boletin,17,2026-08-07
2025-09,planta_cargas_buques,CARTAGENA,mes,394.0,GWh,,boletin,17,2026-08-07
2025-09,planta_cargas_buques,HUELVA,mes,99.0,GWh,-62.1,boletin,17,2026-08-07
2025-09,planta_cargas_buques,MUGARDOS,mes,116.0,GWh,,boletin,17,2026-08-07
2025-09,planta_cargas_buques,MUSEL,mes,0.0,GWh,,boletin,17,2026-08-07
2025-09,planta_cargas_buques,SAGUNTO,mes,205.0,GWh,,boletin,17,2026-08-07
2025-09,planta_descargas_buques,BARCELONA,mes,4069.0,GWh,22.8,boletin,17,2026-08-07
2025-09,planta_descargas_buques,BILBAO,mes,3181.0,GWh,-2.7,boletin,17,2026-08-07
2025-09,planta_descargas_buques,CARTAGENA,mes,1407.0,GWh,38.2,boletin,17,2026-08-07
2025-09,planta_descargas_buques,HUELVA,mes,1916.0,GWh,-6.8,boletin,17,2026-08-07
2025-09,planta_descargas_buques,MUGARDOS,mes,3148.0,GWh,43.8,boletin,17,2026-08-07
2025-09,planta_descargas_buques,MUSEL,mes,0.0,GWh,,boletin,17,2026-08-07
2025-09,planta_descargas_buques,SAGUNTO,mes,3801.0,GWh,60.9,boletin,17,2026-08-07
2025-09,planta_n_buques_descargados,BARCELONA,mes,5.0,nº,0.0,boletin,17,2026-08-07
2025-09,planta_n_buques_descargados,BILBAO,mes,3.0,nº,0.0,boletin,17,2026-08-07
2025-09,planta_n_buques_descargados,CARTAGENA,mes,2.0,nº,100.0,boletin,17,2026-08-07
2025-09,planta_n_buques_descargados,HUELVA,mes,2.0,nº,0.0,boletin,17,2026-08-07
2025-09,planta_n_buques_descargados,MUGARDOS,mes,3.0,nº,50.0,boletin,17,2026-08-07
2025-09,planta_n_buques_descargados,MUSEL,mes,0.0,nº,,boletin,17,2026-08-07
2025-09,planta_n_buques_descargados,SAGUNTO,mes,4.0,nº,33.3,boletin,17,2026-08-07
2025-09,salidas_conexiones_internacionales,,acumulado_anual,23017.0,GWh,25.9,boletin,3,2026-08-07
2025-09,salidas_conexiones_internacionales,,mes,1954.0,GWh,18.9,boletin,3,2026-08-07
2025-09,salidas_conexiones_internacionales,,tam,27207.0,GWh,21.1,boletin,3,2026-08-07
2025-09,total_salidas,,acumulado_anual,267620.0,GWh,6.6,boletin,3,2026-08-07
2025-09,total_salidas,,mes,27699.0,GWh,10.9,boletin,3,2026-08-07
2025-09,total_salidas,,tam,362881.0,GWh,4.8,boletin,3,2026-08-07
2025-09,tvb_capacidad_regasificacion_contratada,,mes,14402.0,GWh/mes,,boletin,15,2026-08-07
2025-09,tvb_capacidad_regasificacion_disponible,,mes,43948.0,GWh/mes,,boletin,15,2026-08-07
2025-09,tvb_capacidad_regasificacion_total,,mes,58350.0,GWh/mes,,boletin,15,2026-08-07
2025-09,tvb_regasificacion_comercial,,mes,17042.0,GWh,,boletin,15,2026-08-07
2025-10,aprovisionamiento_gn,Argelia,acumulado_anual,88514.0,GWh,,boletin,9,2026-08-07
2025-10,aprovisionamiento_gn,Argelia,mes,10057.0,GWh,,boletin,9,2026-08-07
2025-10,aprovisionamiento_gn,Argelia,tam,108249.0,GWh,,boletin,9,2026-08-07
2025-10,aprovisionamiento_gn,Biometano nacional,acumulado_anual,354.0,GWh,,boletin,9,2026-08-07
2025-10,aprovisionamiento_gn,Biometano nacional,mes,43.0,GWh,,boletin,9,2026-08-07
2025-10,aprovisionamiento_gn,Biometano nacional,tam,410.0,GWh,,boletin,9,2026-08-07
2025-10,aprovisionamiento_gn,Francia,acumulado_anual,6836.0,GWh,,boletin,9,2026-08-07
2025-10,aprovisionamiento_gn,Francia,mes,307.0,GWh,,boletin,9,2026-08-07
2025-10,aprovisionamiento_gn,Francia,tam,9365.0,GWh,,boletin,9,2026-08-07
2025-10,aprovisionamiento_gn,Qatar,acumulado_anual,5636.0,GWh,,boletin,9,2026-08-07
2025-10,aprovisionamiento_gn,Qatar,mes,769.0,GWh,,boletin,9,2026-08-07
2025-10,aprovisionamiento_gn,Qatar,tam,9107.0,GWh,,boletin,9,2026-08-07
2025-10,aprovisionamiento_gn,Yacimientos nacionales,acumulado_anual,270.0,GWh,,boletin,9,2026-08-07
2025-10,aprovisionamiento_gn,Yacimientos nacionales,mes,23.0,GWh,,boletin,9,2026-08-07
2025-10,aprovisionamiento_gn,Yacimientos nacionales,tam,355.0,GWh,,boletin,9,2026-08-07
2025-10,aprovisionamiento_gnl,Angola,acumulado_anual,16555.0,GWh,,boletin,9,2026-08-07
2025-10,aprovisionamiento_gnl,Angola,mes,1023.0,GWh,,boletin,9,2026-08-07
2025-10,aprovisionamiento_gnl,Angola,tam,17575.0,GWh,,boletin,9,2026-08-07
2025-10,aprovisionamiento_gnl,Argelia,acumulado_anual,17426.0,GWh,,boletin,9,2026-08-07
2025-10,aprovisionamiento_gnl,Argelia,mes,3770.0,GWh,,boletin,9,2026-08-07
2025-10,aprovisionamiento_gnl,Argelia,tam,21149.0,GWh,,boletin,9,2026-08-07
2025-10,aprovisionamiento_gnl,Camerún,acumulado_anual,979.0,GWh,,boletin,9,2026-08-07
2025-10,aprovisionamiento_gnl,Camerún,mes,,GWh,,boletin,9,2026-08-07
2025-10,aprovisionamiento_gnl,Camerún,tam,979.0,GWh,,boletin,9,2026-08-07
2025-10,aprovisionamiento_gnl,Congo,acumulado_anual,1804.0,GWh,,boletin,9,2026-08-07
2025-10,aprovisionamiento_gnl,Congo,mes,,GWh,,boletin,9,2026-08-07
2025-10,aprovisionamiento_gnl,Congo,tam,1804.0,GWh,,boletin,9,2026-08-07
2025-10,aprovisionamiento_gnl,Egipto,acumulado_anual,1034.0,GWh,,boletin,9,2026-08-07
2025-10,aprovisionamiento_gnl,Egipto,mes,,GWh,,boletin,9,2026-08-07
2025-10,aprovisionamiento_gnl,Egipto,tam,1034.0,GWh,,boletin,9,2026-08-07
2025-10,aprovisionamiento_gnl,Estados Unidos,acumulado_anual,98360.0,GWh,,boletin,9,2026-08-07
2025-10,aprovisionamiento_gnl,Estados Unidos,mes,13702.0,GWh,,boletin,9,2026-08-07
2025-10,aprovisionamiento_gnl,Estados Unidos,tam,104119.0,GWh,,boletin,9,2026-08-07
2025-10,aprovisionamiento_gnl,Guinea Ecuatorial,acumulado_anual,1129.0,GWh,,boletin,9,2026-08-07
2025-10,aprovisionamiento_gnl,Guinea Ecuatorial,mes,1129.0,GWh,,boletin,9,2026-08-07
2025-10,aprovisionamiento_gnl,Guinea Ecuatorial,tam,1129.0,GWh,,boletin,9,2026-08-07
2025-10,aprovisionamiento_gnl,Jamaica,acumulado_anual,168.0,GWh,,boletin,9,2026-08-07
2025-10,aprovisionamiento_gnl,Jamaica,mes,,GWh,,boletin,9,2026-08-07
2025-10,aprovisionamiento_gnl,Jamaica,tam,168.0,GWh,,boletin,9,2026-08-07
2025-10,aprovisionamiento_gnl,Nigeria,acumulado_anual,24254.0,GWh,,boletin,9,2026-08-07
2025-10,aprovisionamiento_gnl,Nigeria,mes,2078.0,GWh,,boletin,9,2026-08-07
2025-10,aprovisionamiento_gnl,Nigeria,tam,29442.0,GWh,,boletin,9,2026-08-07
2025-10,aprovisionamiento_gnl,Noruega,acumulado_anual,2144.0,GWh,,boletin,9,2026-08-07
2025-10,aprovisionamiento_gnl,Noruega,mes,,GWh,,boletin,9,2026-08-07
2025-10,aprovisionamiento_gnl,Noruega,tam,2144.0,GWh,,boletin,9,2026-08-07
2025-10,aprovisionamiento_gnl,Perú,acumulado_anual,5444.0,GWh,,boletin,9,2026-08-07
2025-10,aprovisionamiento_gnl,Perú,mes,,GWh,,boletin,9,2026-08-07
2025-10,aprovisionamiento_gnl,Perú,tam,5444.0,GWh,,boletin,9,2026-08-07
2025-10,aprovisionamiento_gnl,Portugal,acumulado_anual,5611.0,GWh,,boletin,9,2026-08-07
2025-10,aprovisionamiento_gnl,Portugal,mes,2.0,GWh,,boletin,9,2026-08-07
2025-10,aprovisionamiento_gnl,Portugal,tam,7124.0,GWh,,boletin,9,2026-08-07
2025-10,aprovisionamiento_gnl,Rusia,acumulado_anual,32715.0,GWh,,boletin,9,2026-08-07
2025-10,aprovisionamiento_gnl,Rusia,mes,1078.0,GWh,,boletin,9,2026-08-07
2025-10,aprovisionamiento_gnl,Rusia,tam,44604.0,GWh,,boletin,9,2026-08-07
2025-10,aprovisionamiento_gnl,Trinidad y Tobago,acumulado_anual,1846.0,GWh,,boletin,9,2026-08-07
2025-10,aprovisionamiento_gnl,Trinidad y Tobago,mes,992.0,GWh,,boletin,9,2026-08-07
2025-10,aprovisionamiento_gnl,Trinidad y Tobago,tam,3030.0,GWh,,boletin,9,2026-08-07
2025-10,biometano_distribucion,,acumulado_anual,188.8,GWh,67.1,boletin,13,2026-08-07
2025-10,biometano_distribucion,,mes,24.6,GWh,84.9,boletin,13,2026-08-07
2025-10,biometano_distribucion,,tam,213.5,GWh,55.0,boletin,13,2026-08-07
2025-10,biometano_transporte,,acumulado_anual,165.4,GWh,12.8,boletin,13,2026-08-07
2025-10,biometano_transporte,,mes,18.0,GWh,34.0,boletin,13,2026-08-07
2025-10,biometano_transporte,,tam,196.8,GWh,10.6,boletin,13,2026-08-07
2025-10,cargas_buques,,acumulado_anual,9963.0,GWh,0.0,boletin,3,2026-08-07
2025-10,cargas_buques,,mes,1239.0,GWh,,boletin,3,2026-08-07
2025-10,cargas_buques,,tam,12039.0,GWh,0.0,boletin,3,2026-08-07
2025-10,conexion_internacional_saldo,Almería,acumulado_anual,88514.0,GWh,3.5,boletin,11,2026-08-07
2025-10,conexion_internacional_saldo,Almería,mes,10057.0,GWh,2.9,boletin,11,2026-08-07
2025-10,conexion_internacional_saldo,Almería,tam,107706.0,GWh,2.9,boletin,11,2026-08-07
2025-10,conexion_internacional_saldo,Biometano,acumulado_anual,354.0,GWh,36.5,boletin,11,2026-08-07
2025-10,conexion_internacional_saldo,Biometano,mes,43.0,GWh,59.3,boletin,11,2026-08-07
2025-10,conexion_internacional_saldo,Biometano,tam,410.0,GWh,30.0,boletin,11,2026-08-07
2025-10,conexion_internacional_saldo,Tarifa,acumulado_anual,-8619.0,GWh,6.1,boletin,11,2026-08-07
2025-10,conexion_internacional_saldo,Tarifa,mes,-976.0,GWh,4.9,boletin,11,2026-08-07
2025-10,conexion_internacional_saldo,Tarifa,tam,-10202.0,GWh,5.1,boletin,11,2026-08-07
2025-10,conexion_internacional_saldo,VIP Ibérico,acumulado_anual,1705.0,GWh,-76.7,boletin,11,2026-08-07
2025-10,conexion_internacional_saldo,VIP Ibérico,mes,-359.0,GWh,,boletin,11,2026-08-07
2025-10,conexion_internacional_saldo,VIP Ibérico,tam,2650.0,GWh,-67.9,boletin,11,2026-08-07
2025-10,conexion_internacional_saldo,VIP Pirineos,acumulado_anual,-6806.0,GWh,,boletin,11,2026-08-07
2025-10,conexion_internacional_saldo,VIP Pirineos,mes,-1578.0,GWh,,boletin,11,2026-08-07
2025-10,conexion_internacional_saldo,VIP Pirineos,tam,-4763.0,GWh,,boletin,11,2026-08-07
2025-10,conexion_internacional_saldo,Yacimiento Nacionales,acumulado_anual,270.0,GWh,93.0,boletin,11,2026-08-07
2025-10,conexion_internacional_saldo,Yacimiento Nacionales,mes,23.0,GWh,-40.0,boletin,11,2026-08-07
2025-10,conexion_internacional_saldo,Yacimiento Nacionales,tam,355.0,GWh,57.7,boletin,11,2026-08-07
2025-10,correccion_laboralidad,,acumulado_anual,-0.5,%,,boletin,5,2026-08-07
2025-10,correccion_laboralidad,,mes,0.0,%,,boletin,5,2026-08-07
2025-10,correccion_laboralidad,,tam,-0.4,%,,boletin,5,2026-08-07
2025-10,correccion_temperatura,,acumulado_anual,1.2,%,,boletin,5,2026-08-07
2025-10,correccion_temperatura,,mes,-1.0,%,,boletin,5,2026-08-07
2025-10,correccion_temperatura,,tam,1.0,%,,boletin,5,2026-08-07
2025-10,delta_temperatura,,mes,,ºC,,boletin,5,2026-08-07
2025-10,demanda_ccaa_cisternas,Andalucía,mes,148.0,GWh,-20.9,boletin,7,2026-08-07
2025-10,demanda_ccaa_cisternas,Aragón,mes,47.0,GWh,-13.9,boletin,7,2026-08-07
2025-10,demanda_ccaa_cisternas,Asturias,mes,28.0,GWh,-13.2,boletin,7,2026-08-07
2025-10,demanda_ccaa_cisternas,Baleares,mes,10.0,GWh,-7.2,boletin,7,2026-08-07
2025-10,demanda_ccaa_cisternas,Cantabria,mes,20.0,GWh,-21.1,boletin,7,2026-08-07
2025-10,demanda_ccaa_cisternas,Castilla y León,mes,38.0,GWh,-35.4,boletin,7,2026-08-07
2025-10,demanda_ccaa_cisternas,Castilla-La Mancha,mes,48.0,GWh,-24.9,boletin,7,2026-08-07
2025-10,demanda_ccaa_cisternas,Cataluña,mes,81.0,GWh,-24.4,boletin,7,2026-08-07
2025-10,demanda_ccaa_cisternas,Comunidad Valenciana,mes,65.0,GWh,-38.9,boletin,7,2026-08-07
2025-10,demanda_ccaa_cisternas,Extremadura,mes,39.0,GWh,-33.7,boletin,7,2026-08-07
2025-10,demanda_ccaa_cisternas,Galicia,mes,44.0,GWh,-8.6,boletin,7,2026-08-07
2025-10,demanda_ccaa_cisternas,La Rioja,mes,6.0,GWh,65.4,boletin,7,2026-08-07
2025-10,demanda_ccaa_cisternas,Madrid,mes,383.0,GWh,120.1,boletin,7,2026-08-07
2025-10,demanda_ccaa_cisternas,Murcia,mes,44.0,GWh,3.2,boletin,7,2026-08-07
2025-10,demanda_ccaa_cisternas,Navarra,mes,15.0,GWh,-31.2,boletin,7,2026-08-07
2025-10,demanda_ccaa_cisternas,País Vasco,mes,37.0,GWh,0.7,boletin,7,2026-08-07
2025-10,demanda_ccaa_convencional,Andalucía,mes,2338.0,GWh,6.1,boletin,7,2026-08-07
2025-10,demanda_ccaa_convencional,Aragón,mes,935.0,GWh,4.2,boletin,7,2026-08-07
2025-10,demanda_ccaa_convencional,Asturias,mes,434.0,GWh,-12.8,boletin,7,2026-08-07
2025-10,demanda_ccaa_convencional,Baleares,mes,107.0,GWh,6.4,boletin,7,2026-08-07
2025-10,demanda_ccaa_convencional,Cantabria,mes,211.0,GWh,13.8,boletin,7,2026-08-07
2025-10,demanda_ccaa_convencional,Castilla y León,mes,1313.0,GWh,2.4,boletin,7,2026-08-07
2025-10,demanda_ccaa_convencional,Castilla-La Mancha,mes,916.0,GWh,-4.5,boletin,7,2026-08-07
2025-10,demanda_ccaa_convencional,Cataluña,mes,3036.0,GWh,-6.3,boletin,7,2026-08-07
2025-10,demanda_ccaa_convencional,Comunidad Valenciana,mes,2089.0,GWh,6.2,boletin,7,2026-08-07
2025-10,demanda_ccaa_convencional,Extremadura,mes,181.0,GWh,13.5,boletin,7,2026-08-07
2025-10,demanda_ccaa_convencional,Galicia,mes,741.0,GWh,-3.0,boletin,7,2026-08-07
2025-10,demanda_ccaa_convencional,La Rioja,mes,184.0,GWh,-0.6,boletin,7,2026-08-07
2025-10,demanda_ccaa_convencional,Madrid,mes,1181.0,GWh,-15.3,boletin,7,2026-08-07
2025-10,demanda_ccaa_convencional,Murcia,mes,1221.0,GWh,3.3,boletin,7,2026-08-07
2025-10,demanda_ccaa_convencional,Navarra,mes,428.0,GWh,4.3,boletin,7,2026-08-07
2025-10,demanda_ccaa_convencional,País Vasco,mes,1448.0,GWh,-2.4,boletin,7,2026-08-07
2025-10,demanda_ccaa_sector_electrico,Andalucía,mes,3070.0,GWh,170.4,boletin,7,2026-08-07
2025-10,demanda_ccaa_sector_electrico,Aragón,mes,546.0,GWh,146.2,boletin,7,2026-08-07
2025-10,demanda_ccaa_sector_electrico,Asturias,mes,929.0,GWh,412.4,boletin,7,2026-08-07
2025-10,demanda_ccaa_sector_electrico,Baleares,mes,754.0,GWh,8.5,boletin,7,2026-08-07
2025-10,demanda_ccaa_sector_electrico,Cantabria,mes,0.0,GWh,,boletin,7,2026-08-07
2025-10,demanda_ccaa_sector_electrico,Castilla y León,mes,0.0,GWh,,boletin,7,2026-08-07
2025-10,demanda_ccaa_sector_electrico,Castilla-La Mancha,mes,378.0,GWh,37.8,boletin,7,2026-08-07
2025-10,demanda_ccaa_sector_electrico,Cataluña,mes,1254.0,GWh,30.9,boletin,7,2026-08-07
2025-10,demanda_ccaa_sector_electrico,Comunidad Valenciana,mes,1066.0,GWh,117.3,boletin,7,2026-08-07
2025-10,demanda_ccaa_sector_electrico,Extremadura,mes,0.0,GWh,,boletin,7,2026-08-07
2025-10,demanda_ccaa_sector_electrico,Galicia,mes,659.0,GWh,38.4,boletin,7,2026-08-07
2025-10,demanda_ccaa_sector_electrico,La Rioja,mes,216.0,GWh,-23.1,boletin,7,2026-08-07
2025-10,demanda_ccaa_sector_electrico,Madrid,mes,0.0,GWh,,boletin,7,2026-08-07
2025-10,demanda_ccaa_sector_electrico,Murcia,mes,1218.0,GWh,61.3,boletin,7,2026-08-07
2025-10,demanda_ccaa_sector_electrico,Navarra,mes,609.0,GWh,457.1,boletin,7,2026-08-07
2025-10,demanda_ccaa_sector_electrico,País Vasco,mes,616.0,GWh,45.0,boletin,7,2026-08-07
2025-10,demanda_cisternas,,acumulado_anual,10300.0,GWh,-0.7,progreso,3,2026-08-07
2025-10,demanda_cisternas,,mes,1100.0,GWh,5.8,progreso,3,2026-08-07
2025-10,demanda_cisternas,,tam,12400.0,GWh,-0.6,progreso,3,2026-08-07
2025-10,demanda_convencional,,acumulado_anual,185470.0,GWh,-3.1,boletin,3,2026-08-07
2025-10,demanda_convencional,,mes,17887.0,GWh,-0.4,boletin,3,2026-08-07
2025-10,demanda_convencional,,tam,231268.0,GWh,-2.5,boletin,3,2026-08-07
2025-10,demanda_convencional_corregida,,acumulado_anual,-3.7,%,,boletin,5,2026-08-07
2025-10,demanda_convencional_corregida,,mes,0.6,%,,boletin,5,2026-08-07
2025-10,demanda_convencional_corregida,,tam,-3.0,%,,boletin,5,2026-08-07
2025-10,demanda_dc_pymes,,acumulado_anual,36800.0,GWh,6.6,progreso,3,2026-08-07
2025-10,demanda_dc_pymes,,mes,2100.0,GWh,-7.8,progreso,3,2026-08-07
2025-10,demanda_dc_pymes,,tam,50100.0,GWh,4.8,progreso,3,2026-08-07
2025-10,demanda_industrial,,acumulado_anual,138500.0,GWh,-5.5,progreso,3,2026-08-07
2025-10,demanda_industrial,,mes,14700.0,GWh,0.3,progreso,3,2026-08-07
2025-10,demanda_industrial,,tam,168800.0,GWh,-4.6,progreso,3,2026-08-07
2025-10,demanda_internacional,,acumulado_anual,36201.0,GWh,21.1,boletin,3,2026-08-07
2025-10,demanda_internacional,,mes,4459.0,GWh,,boletin,3,2026-08-07
2025-10,demanda_internacional,,tam,40812.0,GWh,18.3,boletin,3,2026-08-07
2025-10,demanda_nacional,,acumulado_anual,265080.0,GWh,7.2,boletin,3,2026-08-07
2025-10,demanda_nacional,,mes,29201.0,GWh,21.9,boletin,3,2026-08-07
2025-10,demanda_nacional,,tam,329688.0,GWh,5.7,boletin,3,2026-08-07
2025-10,demanda_sector_electrico,,acumulado_anual,79611.0,GWh,42.3,boletin,3,2026-08-07
2025-10,demanda_sector_electrico,,mes,11315.0,GWh,88.5,boletin,3,2026-08-07
2025-10,demanda_sector_electrico,,tam,98420.0,GWh,31.7,boletin,3,2026-08-07
2025-10,destino_cargas_pct,Bunkering,acumulado_anual,49.8,%,,boletin,18,2026-08-07
2025-10,destino_cargas_pct,Bunkering,mes,72.1,%,,boletin,18,2026-08-07
2025-10,destino_cargas_pct,EU,acumulado_anual,34.2,%,,boletin,18,2026-08-07
2025-10,destino_cargas_pct,EU,mes,16.1,%,,boletin,18,2026-08-07
2025-10,destino_cargas_pct,non EU,acumulado_anual,16.0,%,,boletin,18,2026-08-07
2025-10,destino_cargas_pct,non EU,mes,11.8,%,,boletin,18,2026-08-07
2025-10,generacion_electrica,Carbón,mes,0.0,GWh,-93.7,boletin,6,2026-08-07
2025-10,generacion_electrica,Cogeneración,mes,1400.0,GWh,10.9,boletin,6,2026-08-07
2025-10,generacion_electrica,Eólica,mes,4400.0,GWh,-22.0,boletin,6,2026-08-07
2025-10,generacion_electrica,Gas natural,mes,4500.0,GWh,99.6,boletin,6,2026-08-07
2025-10,generacion_electrica,Hidráulica,mes,2200.0,GWh,-31.3,boletin,6,2026-08-07
2025-10,generacion_electrica,Nuclear,mes,3700.0,GWh,-20.3,boletin,6,2026-08-07
2025-10,generacion_electrica,Resto renovables,mes,500.0,GWh,3.9,boletin,6,2026-08-07
2025-10,generacion_electrica,Solar,mes,4200.0,GWh,47.3,boletin,6,2026-08-07
2025-10,pct_total_gn,,mes,29.8,%,,boletin,9,2026-08-07
2025-10,pct_total_gnl,,mes,70.2,%,,boletin,9,2026-08-07
2025-10,planta_carga_cisternas,BARCELONA,mes,261.0,GWh,26.0,boletin,17,2026-08-07
2025-10,planta_carga_cisternas,BILBAO,mes,112.0,GWh,0.6,boletin,17,2026-08-07
2025-10,planta_carga_cisternas,CARTAGENA,mes,201.0,GWh,8.8,boletin,17,2026-08-07
2025-10,planta_carga_cisternas,HUELVA,mes,186.0,GWh,-14.7,boletin,17,2026-08-07
2025-10,planta_carga_cisternas,MUGARDOS,mes,79.0,GWh,9.0,boletin,17,2026-08-07
2025-10,planta_carga_cisternas,MUSEL,mes,64.0,GWh,1.4,boletin,17,2026-08-07
2025-10,planta_carga_cisternas,SAGUNTO,mes,204.0,GWh,8.0,boletin,17,2026-08-07
2025-10,planta_cargas_buques,BARCELONA,mes,278.0,GWh,12.9,boletin,17,2026-08-07
2025-10,planta_cargas_buques,BILBAO,mes,0.0,GWh,,boletin,17,2026-08-07
2025-10,planta_cargas_buques,CARTAGENA,mes,567.0,GWh,,boletin,17,2026-08-07
2025-10,planta_cargas_buques,HUELVA,mes,314.0,GWh,,boletin,17,2026-08-07
2025-10,planta_cargas_buques,MUGARDOS,mes,0.0,GWh,-100.0,boletin,17,2026-08-07
2025-10,planta_cargas_buques,MUSEL,mes,0.0,GWh,,boletin,17,2026-08-07
2025-10,planta_cargas_buques,SAGUNTO,mes,81.0,GWh,,boletin,17,2026-08-07
2025-10,planta_descargas_buques,BARCELONA,mes,4694.0,GWh,21.1,boletin,17,2026-08-07
2025-10,planta_descargas_buques,BILBAO,mes,6192.0,GWh,92.2,boletin,17,2026-08-07
2025-10,planta_descargas_buques,CARTAGENA,mes,3145.0,GWh,62.7,boletin,17,2026-08-07
2025-10,planta_descargas_buques,HUELVA,mes,4110.0,GWh,7.2,boletin,17,2026-08-07
2025-10,planta_descargas_buques,MUGARDOS,mes,1252.0,GWh,29.9,boletin,17,2026-08-07
2025-10,planta_descargas_buques,MUSEL,mes,0.0,GWh,,boletin,17,2026-08-07
2025-10,planta_descargas_buques,SAGUNTO,mes,4109.0,GWh,,boletin,17,2026-08-07
2025-10,planta_n_buques_descargados,BARCELONA,mes,5.0,nº,25.0,boletin,17,2026-08-07
2025-10,planta_n_buques_descargados,BILBAO,mes,6.0,nº,100.0,boletin,17,2026-08-07
2025-10,planta_n_buques_descargados,CARTAGENA,mes,3.0,nº,0.0,boletin,17,2026-08-07
2025-10,planta_n_buques_descargados,HUELVA,mes,4.0,nº,-20.0,boletin,17,2026-08-07
2025-10,planta_n_buques_descargados,MUGARDOS,mes,1.0,nº,0.0,boletin,17,2026-08-07
2025-10,planta_n_buques_descargados,MUSEL,mes,0.0,nº,,boletin,17,2026-08-07
2025-10,planta_n_buques_descargados,SAGUNTO,mes,4.0,nº,,boletin,17,2026-08-07
2025-10,salidas_conexiones_internacionales,,acumulado_anual,26238.0,GWh,31.6,boletin,3,2026-08-07
2025-10,salidas_conexiones_internacionales,,mes,3221.0,GWh,94.7,boletin,3,2026-08-07
2025-10,salidas_conexiones_internacionales,,tam,28774.0,GWh,28.1,boletin,3,2026-08-07
2025-10,total_salidas,,acumulado_anual,301281.0,GWh,8.7,boletin,3,2026-08-07
2025-10,total_salidas,,mes,33661.0,GWh,29.3,boletin,3,2026-08-07
2025-10,total_salidas,,tam,370500.0,GWh,7.0,boletin,3,2026-08-07
2025-10,tvb_capacidad_regasificacion_contratada,,mes,21273.0,GWh/mes,,boletin,15,2026-08-07
2025-10,tvb_capacidad_regasificacion_disponible,,mes,39022.0,GWh/mes,,boletin,15,2026-08-07
2025-10,tvb_capacidad_regasificacion_total,,mes,60295.0,GWh/mes,,boletin,15,2026-08-07
2025-10,tvb_regasificacion_comercial,,mes,20959.0,GWh,,boletin,15,2026-08-07
2025-11,aprovisionamiento_gn,Argelia,acumulado_anual,98185.0,GWh,,boletin,9,2026-08-07
2025-11,aprovisionamiento_gn,Argelia,mes,9671.0,GWh,,boletin,9,2026-08-07
2025-11,aprovisionamiento_gn,Argelia,tam,107949.0,GWh,,boletin,9,2026-08-07
2025-11,aprovisionamiento_gn,Biometano nacional,acumulado_anual,390.0,GWh,,boletin,9,2026-08-07
2025-11,aprovisionamiento_gn,Biometano nacional,mes,36.0,GWh,,boletin,9,2026-08-07
2025-11,aprovisionamiento_gn,Biometano nacional,tam,419.0,GWh,,boletin,9,2026-08-07
2025-11,aprovisionamiento_gn,Francia,acumulado_anual,7877.0,GWh,,boletin,9,2026-08-07
2025-11,aprovisionamiento_gn,Francia,mes,1041.0,GWh,,boletin,9,2026-08-07
2025-11,aprovisionamiento_gn,Francia,tam,9660.0,GWh,,boletin,9,2026-08-07
2025-11,aprovisionamiento_gn,Qatar,acumulado_anual,5636.0,GWh,,boletin,9,2026-08-07
2025-11,aprovisionamiento_gn,Qatar,mes,0.0,GWh,,boletin,9,2026-08-07
2025-11,aprovisionamiento_gn,Qatar,tam,7382.0,GWh,,boletin,9,2026-08-07
2025-11,aprovisionamiento_gn,Yacimientos nacionales,acumulado_anual,333.0,GWh,,boletin,9,2026-08-07
2025-11,aprovisionamiento_gn,Yacimientos nacionales,mes,63.0,GWh,,boletin,9,2026-08-07
2025-11,aprovisionamiento_gn,Yacimientos nacionales,tam,412.0,GWh,,boletin,9,2026-08-07
2025-11,aprovisionamiento_gnl,Angola,acumulado_anual,18605.0,GWh,,boletin,9,2026-08-07
2025-11,aprovisionamiento_gnl,Angola,mes,2051.0,GWh,,boletin,9,2026-08-07
2025-11,aprovisionamiento_gnl,Angola,tam,18605.0,GWh,,boletin,9,2026-08-07
2025-11,aprovisionamiento_gnl,Argelia,acumulado_anual,21325.0,GWh,,boletin,9,2026-08-07
2025-11,aprovisionamiento_gnl,Argelia,mes,3899.0,GWh,,boletin,9,2026-08-07
2025-11,aprovisionamiento_gnl,Argelia,tam,21325.0,GWh,,boletin,9,2026-08-07
2025-11,aprovisionamiento_gnl,Camerún,acumulado_anual,979.0,GWh,,boletin,9,2026-08-07
2025-11,aprovisionamiento_gnl,Camerún,mes,,GWh,,boletin,9,2026-08-07
2025-11,aprovisionamiento_gnl,Camerún,tam,979.0,GWh,,boletin,9,2026-08-07
2025-11,aprovisionamiento_gnl,Congo,acumulado_anual,2490.0,GWh,,boletin,9,2026-08-07
2025-11,aprovisionamiento_gnl,Congo,mes,685.0,GWh,,boletin,9,2026-08-07
2025-11,aprovisionamiento_gnl,Congo,tam,2490.0,GWh,,boletin,9,2026-08-07
2025-11,aprovisionamiento_gnl,Egipto,acumulado_anual,1034.0,GWh,,boletin,9,2026-08-07
2025-11,aprovisionamiento_gnl,Egipto,mes,,GWh,,boletin,9,2026-08-07
2025-11,aprovisionamiento_gnl,Egipto,tam,1034.0,GWh,,boletin,9,2026-08-07
2025-11,aprovisionamiento_gnl,Estados Unidos,acumulado_anual,105609.0,GWh,,boletin,9,2026-08-07
2025-11,aprovisionamiento_gnl,Estados Unidos,mes,7240.0,GWh,,boletin,9,2026-08-07
2025-11,aprovisionamiento_gnl,Estados Unidos,tam,108128.0,GWh,,boletin,9,2026-08-07
2025-11,aprovisionamiento_gnl,Guinea Ecuatorial,acumulado_anual,1129.0,GWh,,boletin,9,2026-08-07
2025-11,aprovisionamiento_gnl,Guinea Ecuatorial,mes,,GWh,,boletin,9,2026-08-07
2025-11,aprovisionamiento_gnl,Guinea Ecuatorial,tam,1129.0,GWh,,boletin,9,2026-08-07
2025-11,aprovisionamiento_gnl,Jamaica,acumulado_anual,168.0,GWh,,boletin,9,2026-08-07
2025-11,aprovisionamiento_gnl,Jamaica,mes,,GWh,,boletin,9,2026-08-07
2025-11,aprovisionamiento_gnl,Jamaica,tam,168.0,GWh,,boletin,9,2026-08-07
2025-11,aprovisionamiento_gnl,Nigeria,acumulado_anual,25277.0,GWh,,boletin,9,2026-08-07
2025-11,aprovisionamiento_gnl,Nigeria,mes,1023.0,GWh,,boletin,9,2026-08-07
2025-11,aprovisionamiento_gnl,Nigeria,tam,28377.0,GWh,,boletin,9,2026-08-07
2025-11,aprovisionamiento_gnl,Noruega,acumulado_anual,2144.0,GWh,,boletin,9,2026-08-07
2025-11,aprovisionamiento_gnl,Noruega,mes,,GWh,,boletin,9,2026-08-07
2025-11,aprovisionamiento_gnl,Noruega,tam,2144.0,GWh,,boletin,9,2026-08-07
2025-11,aprovisionamiento_gnl,Perú,acumulado_anual,5444.0,GWh,,boletin,9,2026-08-07
2025-11,aprovisionamiento_gnl,Perú,mes,,GWh,,boletin,9,2026-08-07
2025-11,aprovisionamiento_gnl,Perú,tam,5444.0,GWh,,boletin,9,2026-08-07
2025-11,aprovisionamiento_gnl,Portugal,acumulado_anual,5877.0,GWh,,boletin,9,2026-08-07
2025-11,aprovisionamiento_gnl,Portugal,mes,266.0,GWh,,boletin,9,2026-08-07
2025-11,aprovisionamiento_gnl,Portugal,tam,6514.0,GWh,,boletin,9,2026-08-07
2025-11,aprovisionamiento_gnl,Rusia,acumulado_anual,36020.0,GWh,,boletin,9,2026-08-07
2025-11,aprovisionamiento_gnl,Rusia,mes,3305.0,GWh,,boletin,9,2026-08-07
2025-11,aprovisionamiento_gnl,Rusia,tam,41505.0,GWh,,boletin,9,2026-08-07
2025-11,aprovisionamiento_gnl,Trinidad y Tobago,acumulado_anual,2673.0,GWh,,boletin,9,2026-08-07
2025-11,aprovisionamiento_gnl,Trinidad y Tobago,mes,827.0,GWh,,boletin,9,2026-08-07
2025-11,aprovisionamiento_gnl,Trinidad y Tobago,tam,3857.0,GWh,,boletin,9,2026-08-07
2025-11,biometano_distribucion,,acumulado_anual,213.2,GWh,69.4,boletin,13,2026-08-07
2025-11,biometano_distribucion,,mes,24.4,GWh,89.4,boletin,13,2026-08-07
2025-11,biometano_distribucion,,tam,225.0,GWh,63.4,boletin,13,2026-08-07
2025-11,biometano_transporte,,acumulado_anual,176.7,GWh,9.5,boletin,13,2026-08-07
2025-11,biometano_transporte,,mes,11.3,GWh,-23.9,boletin,13,2026-08-07
2025-11,biometano_transporte,,tam,193.3,GWh,8.6,boletin,13,2026-08-07
2025-11,cargas_buques,,acumulado_anual,10688.0,GWh,-7.4,boletin,3,2026-08-07
2025-11,cargas_buques,,mes,725.0,GWh,-54.1,boletin,3,2026-08-07
2025-11,cargas_buques,,tam,11184.0,GWh,-7.1,boletin,3,2026-08-07
2025-11,conexion_internacional_saldo,Almería,acumulado_anual,98185.0,GWh,3.4,boletin,11,2026-08-07
2025-11,conexion_internacional_saldo,Almería,mes,9671.0,GWh,2.6,boletin,11,2026-08-07
2025-11,conexion_internacional_saldo,Almería,tam,107949.0,GWh,3.1,boletin,11,2026-08-07
2025-11,conexion_internacional_saldo,Biometano,acumulado_anual,390.0,GWh,35.7,boletin,11,2026-08-07
2025-11,conexion_internacional_saldo,Biometano,mes,36.0,GWh,28.7,boletin,11,2026-08-07
2025-11,conexion_internacional_saldo,Biometano,tam,418.0,GWh,32.5,boletin,11,2026-08-07
2025-11,conexion_internacional_saldo,Tarifa,acumulado_anual,-9459.0,GWh,4.5,boletin,11,2026-08-07
2025-11,conexion_internacional_saldo,Tarifa,mes,-840.0,GWh,-9.5,boletin,11,2026-08-07
2025-11,conexion_internacional_saldo,Tarifa,tam,-10114.0,GWh,4.2,boletin,11,2026-08-07
2025-11,conexion_internacional_saldo,VIP Ibérico,acumulado_anual,1665.0,GWh,-79.0,boletin,11,2026-08-07
2025-11,conexion_internacional_saldo,VIP Ibérico,mes,-40.0,GWh,,boletin,11,2026-08-07
2025-11,conexion_internacional_saldo,VIP Ibérico,tam,1984.0,GWh,-76.0,boletin,11,2026-08-07
2025-11,conexion_internacional_saldo,VIP Pirineos,acumulado_anual,-5853.0,GWh,,boletin,11,2026-08-07
2025-11,conexion_internacional_saldo,VIP Pirineos,mes,986.0,GWh,,boletin,11,2026-08-07
2025-11,conexion_internacional_saldo,VIP Pirineos,tam,-4203.0,GWh,,boletin,11,2026-08-07
2025-11,conexion_internacional_saldo,Yacimiento Nacionales,acumulado_anual,333.0,GWh,,boletin,11,2026-08-07
2025-11,conexion_internacional_saldo,Yacimiento Nacionales,mes,63.0,GWh,,boletin,11,2026-08-07
2025-11,conexion_internacional_saldo,Yacimiento Nacionales,tam,412.0,GWh,82.8,boletin,11,2026-08-07
2025-11,correccion_laboralidad,,acumulado_anual,-0.5,%,,boletin,5,2026-08-07
2025-11,correccion_laboralidad,,mes,0.0,%,,boletin,5,2026-08-07
2025-11,correccion_laboralidad,,tam,-0.4,%,,boletin,5,2026-08-07
2025-11,correccion_temperatura,,acumulado_anual,1.8,%,,boletin,5,2026-08-07
2025-11,correccion_temperatura,,mes,7.4,%,,boletin,5,2026-08-07
2025-11,correccion_temperatura,,tam,1.6,%,,boletin,5,2026-08-07
2025-11,delta_temperatura,,mes,-1.96,ºC,,boletin,5,2026-08-07
2025-11,demanda_ccaa_cisternas,Andalucía,mes,149.0,GWh,-13.7,boletin,7,2026-08-07
2025-11,demanda_ccaa_cisternas,Aragón,mes,47.0,GWh,-18.2,boletin,7,2026-08-07
2025-11,demanda_ccaa_cisternas,Asturias,mes,32.0,GWh,2.9,boletin,7,2026-08-07
2025-11,demanda_ccaa_cisternas,Baleares,mes,2.0,GWh,4.2,boletin,7,2026-08-07
2025-11,demanda_ccaa_cisternas,Cantabria,mes,26.0,GWh,3.8,boletin,7,2026-08-07
2025-11,demanda_ccaa_cisternas,Castilla y León,mes,46.0,GWh,-27.6,boletin,7,2026-08-07
2025-11,demanda_ccaa_cisternas,Castilla-La Mancha,mes,59.0,GWh,2.5,boletin,7,2026-08-07
2025-11,demanda_ccaa_cisternas,Cataluña,mes,88.0,GWh,-25.0,boletin,7,2026-08-07
2025-11,demanda_ccaa_cisternas,Comunidad Valenciana,mes,70.0,GWh,-32.7,boletin,7,2026-08-07
2025-11,demanda_ccaa_cisternas,Extremadura,mes,37.0,GWh,-26.1,boletin,7,2026-08-07
2025-11,demanda_ccaa_cisternas,Galicia,mes,51.0,GWh,-11.1,boletin,7,2026-08-07
2025-11,demanda_ccaa_cisternas,La Rioja,mes,9.0,GWh,110.8,boletin,7,2026-08-07
2025-11,demanda_ccaa_cisternas,Madrid,mes,338.0,GWh,83.3,boletin,7,2026-08-07
2025-11,demanda_ccaa_cisternas,Murcia,mes,44.0,GWh,-9.5,boletin,7,2026-08-07
2025-11,demanda_ccaa_cisternas,Navarra,mes,8.0,GWh,-37.2,boletin,7,2026-08-07
2025-11,demanda_ccaa_cisternas,País Vasco,mes,35.0,GWh,68.4,boletin,7,2026-08-07
2025-11,demanda_ccaa_convencional,Andalucía,mes,2256.0,GWh,-6.2,boletin,7,2026-08-07
2025-11,demanda_ccaa_convencional,Aragón,mes,1171.0,GWh,-4.5,boletin,7,2026-08-07
2025-11,demanda_ccaa_convencional,Asturias,mes,479.0,GWh,-8.7,boletin,7,2026-08-07
2025-11,demanda_ccaa_convencional,Baleares,mes,80.0,GWh,13.0,boletin,7,2026-08-07
2025-11,demanda_ccaa_convencional,Cantabria,mes,233.0,GWh,19.3,boletin,7,2026-08-07
2025-11,demanda_ccaa_convencional,Castilla y León,mes,1887.0,GWh,11.0,boletin,7,2026-08-07
2025-11,demanda_ccaa_convencional,Castilla-La Mancha,mes,1014.0,GWh,-5.4,boletin,7,2026-08-07
2025-11,demanda_ccaa_convencional,Cataluña,mes,3791.0,GWh,1.0,boletin,7,2026-08-07
2025-11,demanda_ccaa_convencional,Comunidad Valenciana,mes,2212.0,GWh,7.2,boletin,7,2026-08-07
2025-11,demanda_ccaa_convencional,Extremadura,mes,195.0,GWh,13.9,boletin,7,2026-08-07
2025-11,demanda_ccaa_convencional,Galicia,mes,976.0,GWh,17.0,boletin,7,2026-08-07
2025-11,demanda_ccaa_convencional,La Rioja,mes,249.0,GWh,12.0,boletin,7,2026-08-07
2025-11,demanda_ccaa_convencional,Madrid,mes,2835.0,GWh,21.0,boletin,7,2026-08-07
2025-11,demanda_ccaa_convencional,Murcia,mes,1170.0,GWh,-5.7,boletin,7,2026-08-07
2025-11,demanda_ccaa_convencional,Navarra,mes,546.0,GWh,3.0,boletin,7,2026-08-07
2025-11,demanda_ccaa_convencional,País Vasco,mes,1678.0,GWh,-2.4,boletin,7,2026-08-07
2025-11,demanda_ccaa_sector_electrico,Andalucía,mes,2673.0,GWh,84.4,boletin,7,2026-08-07
2025-11,demanda_ccaa_sector_electrico,Aragón,mes,405.0,GWh,8.2,boletin,7,2026-08-07
2025-11,demanda_ccaa_sector_electrico,Asturias,mes,756.0,GWh,69.0,boletin,7,2026-08-07
2025-11,demanda_ccaa_sector_electrico,Baleares,mes,683.0,GWh,12.5,boletin,7,2026-08-07
2025-11,demanda_ccaa_sector_electrico,Cantabria,mes,0.0,GWh,,boletin,7,2026-08-07
2025-11,demanda_ccaa_sector_electrico,Castilla y León,mes,0.0,GWh,,boletin,7,2026-08-07
2025-11,demanda_ccaa_sector_electrico,Castilla-La Mancha,mes,345.0,GWh,-15.5,boletin,7,2026-08-07
2025-11,demanda_ccaa_sector_electrico,Cataluña,mes,1343.0,GWh,2.4,boletin,7,2026-08-07
2025-11,demanda_ccaa_sector_electrico,Comunidad Valenciana,mes,486.0,GWh,-43.9,boletin,7,2026-08-07
2025-11,demanda_ccaa_sector_electrico,Extremadura,mes,0.0,GWh,,boletin,7,2026-08-07
2025-11,demanda_ccaa_sector_electrico,Galicia,mes,505.0,GWh,-6.7,boletin,7,2026-08-07
2025-11,demanda_ccaa_sector_electrico,La Rioja,mes,137.0,GWh,-49.1,boletin,7,2026-08-07
2025-11,demanda_ccaa_sector_electrico,Madrid,mes,0.0,GWh,,boletin,7,2026-08-07
2025-11,demanda_ccaa_sector_electrico,Murcia,mes,1034.0,GWh,20.8,boletin,7,2026-08-07
2025-11,demanda_ccaa_sector_electrico,Navarra,mes,383.0,GWh,-37.2,boletin,7,2026-08-07
2025-11,demanda_ccaa_sector_electrico,País Vasco,mes,514.0,GWh,-12.6,boletin,7,2026-08-07
2025-11,demanda_cisternas,,acumulado_anual,11300.0,GWh,-0.3,progreso,3,2026-08-07
2025-11,demanda_cisternas,,mes,1100.0,GWh,3.5,progreso,3,2026-08-07
2025-11,demanda_cisternas,,tam,12400.0,GWh,-0.3,progreso,3,2026-08-07
2025-11,demanda_convencional,,acumulado_anual,207329.0,GWh,-2.4,boletin,3,2026-08-07
2025-11,demanda_convencional,,mes,21860.0,GWh,3.5,boletin,3,2026-08-07
2025-11,demanda_convencional,,tam,232013.0,GWh,-2.2,boletin,3,2026-08-07
2025-11,demanda_convencional_corregida,,acumulado_anual,-3.8,%,,boletin,5,2026-08-07
2025-11,demanda_convencional_corregida,,mes,-3.8,%,,boletin,5,2026-08-07
2025-11,demanda_convencional_corregida,,tam,-3.4,%,,boletin,5,2026-08-07
2025-11,demanda_dc_pymes,,acumulado_anual,42900.0,GWh,9.8,progreso,3,2026-08-07
2025-11,demanda_dc_pymes,,mes,6100.0,GWh,34.0,progreso,3,2026-08-07
2025-11,demanda_dc_pymes,,tam,51600.0,GWh,8.0,progreso,3,2026-08-07
2025-11,demanda_industrial,,acumulado_anual,153100.0,GWh,-5.5,progreso,3,2026-08-07
2025-11,demanda_industrial,,mes,14700.0,GWh,-5.5,progreso,3,2026-08-07
2025-11,demanda_industrial,,tam,168000.0,GWh,-5.0,progreso,3,2026-08-07
2025-11,demanda_internacional,,acumulado_anual,38160.0,GWh,16.0,boletin,3,2026-08-07
2025-11,demanda_internacional,,mes,1959.0,GWh,-34.9,boletin,3,2026-08-07
2025-11,demanda_internacional,,tam,39762.0,GWh,15.2,boletin,3,2026-08-07
2025-11,demanda_nacional,,acumulado_anual,296204.0,GWh,7.1,boletin,3,2026-08-07
2025-11,demanda_nacional,,mes,31124.0,GWh,5.7,boletin,3,2026-08-07
2025-11,demanda_nacional,,tam,331368.0,GWh,6.3,boletin,3,2026-08-07
2025-11,demanda_sector_electrico,,acumulado_anual,88875.0,GWh,38.3,boletin,3,2026-08-07
2025-11,demanda_sector_electrico,,mes,9265.0,GWh,11.2,boletin,3,2026-08-07
2025-11,demanda_sector_electrico,,tam,99354.0,GWh,32.9,boletin,3,2026-08-07
2025-11,destino_cargas_pct,Bunkering,acumulado_anual,32.7,%,,boletin,18,2026-08-07
2025-11,destino_cargas_pct,Bunkering,mes,11.1,%,,boletin,18,2026-08-07
2025-11,destino_cargas_pct,EU,acumulado_anual,50.8,%,,boletin,18,2026-08-07
2025-11,destino_cargas_pct,EU,mes,64.7,%,,boletin,18,2026-08-07
2025-11,destino_cargas_pct,non EU,acumulado_anual,16.5,%,,boletin,18,2026-08-07
2025-11,destino_cargas_pct,non EU,mes,24.2,%,,boletin,18,2026-08-07
2025-11,generacion_electrica,Carbón,mes,0.0,GWh,-98.9,boletin,6,2026-08-07
2025-11,generacion_electrica,Cogeneración,mes,1200.0,GWh,-20.7,boletin,6,2026-08-07
2025-11,generacion_electrica,Eólica,mes,6800.0,GWh,42.6,boletin,6,2026-08-07
2025-11,generacion_electrica,Gas natural,mes,3700.0,GWh,6.4,boletin,6,2026-08-07
2025-11,generacion_electrica,Hidráulica,mes,2500.0,GWh,-18.1,boletin,6,2026-08-07
2025-11,generacion_electrica,Nuclear,mes,3700.0,GWh,1.0,boletin,6,2026-08-07
2025-11,generacion_electrica,Resto renovables,mes,500.0,GWh,-4.5,boletin,6,2026-08-07
2025-11,generacion_electrica,Solar,mes,3200.0,GWh,35.6,boletin,6,2026-08-07
2025-11,pct_total_gn,,mes,36.8,%,,boletin,9,2026-08-07
2025-11,pct_total_gnl,,mes,63.2,%,,boletin,9,2026-08-07
2025-11,planta_carga_cisternas,BARCELONA,mes,209.0,GWh,-2.3,boletin,17,2026-08-07
2025-11,planta_carga_cisternas,BILBAO,mes,113.0,GWh,6.4,boletin,17,2026-08-07
2025-11,planta_carga_cisternas,CARTAGENA,mes,207.0,GWh,3.3,boletin,17,2026-08-07
2025-11,planta_carga_cisternas,HUELVA,mes,192.0,GWh,3.1,boletin,17,2026-08-07
2025-11,planta_carga_cisternas,MUGARDOS,mes,85.0,GWh,1.1,boletin,17,2026-08-07
2025-11,planta_carga_cisternas,MUSEL,mes,72.0,GWh,16.3,boletin,17,2026-08-07
2025-11,planta_carga_cisternas,SAGUNTO,mes,200.0,GWh,6.0,boletin,17,2026-08-07
2025-11,planta_cargas_buques,BARCELONA,mes,43.0,GWh,-86.2,boletin,17,2026-08-07
2025-11,planta_cargas_buques,BILBAO,mes,0.0,GWh,,boletin,17,2026-08-07
2025-11,planta_cargas_buques,CARTAGENA,mes,174.0,GWh,,boletin,17,2026-08-07
2025-11,planta_cargas_buques,HUELVA,mes,477.0,GWh,-62.4,boletin,17,2026-08-07
2025-11,planta_cargas_buques,MUGARDOS,mes,31.0,GWh,,boletin,17,2026-08-07
2025-11,planta_cargas_buques,MUSEL,mes,0.0,GWh,,boletin,17,2026-08-07
2025-11,planta_cargas_buques,SAGUNTO,mes,0.0,GWh,,boletin,17,2026-08-07
2025-11,planta_descargas_buques,BARCELONA,mes,2672.0,GWh,-20.3,boletin,17,2026-08-07
2025-11,planta_descargas_buques,BILBAO,mes,4233.0,GWh,-22.8,boletin,17,2026-08-07
2025-11,planta_descargas_buques,CARTAGENA,mes,4491.0,GWh,,boletin,17,2026-08-07
2025-11,planta_descargas_buques,HUELVA,mes,927.0,GWh,-15.1,boletin,17,2026-08-07
2025-11,planta_descargas_buques,MUGARDOS,mes,2623.0,GWh,27.3,boletin,17,2026-08-07
2025-11,planta_descargas_buques,MUSEL,mes,0.0,GWh,,boletin,17,2026-08-07
2025-11,planta_descargas_buques,SAGUNTO,mes,3111.0,GWh,-2.5,boletin,17,2026-08-07
2025-11,planta_n_buques_descargados,BARCELONA,mes,3.0,nº,-25.0,boletin,17,2026-08-07
2025-11,planta_n_buques_descargados,BILBAO,mes,4.0,nº,-20.0,boletin,17,2026-08-07
2025-11,planta_n_buques_descargados,CARTAGENA,mes,5.0,nº,66.7,boletin,17,2026-08-07
2025-11,planta_n_buques_descargados,HUELVA,mes,1.0,nº,0.0,boletin,17,2026-08-07
2025-11,planta_n_buques_descargados,MUGARDOS,mes,3.0,nº,50.0,boletin,17,2026-08-07
2025-11,planta_n_buques_descargados,MUSEL,mes,0.0,nº,,boletin,17,2026-08-07
2025-11,planta_n_buques_descargados,SAGUNTO,mes,4.0,nº,33.3,boletin,17,2026-08-07
2025-11,salidas_conexiones_internacionales,,acumulado_anual,27472.0,GWh,28.6,boletin,3,2026-08-07
2025-11,salidas_conexiones_internacionales,,mes,1234.0,GWh,-13.7,boletin,3,2026-08-07
2025-11,salidas_conexiones_internacionales,,tam,28578.0,GWh,27.2,boletin,3,2026-08-07
2025-11,total_salidas,,acumulado_anual,334364.0,GWh,8.0,boletin,3,2026-08-07
2025-11,total_salidas,,mes,33083.0,GWh,1.9,boletin,3,2026-08-07
2025-11,total_salidas,,tam,371129.0,GWh,7.2,boletin,3,2026-08-07
2025-11,tvb_capacidad_regasificacion_contratada,,mes,13887.0,GWh/mes,,boletin,15,2026-08-07
2025-11,tvb_capacidad_regasificacion_disponible,,mes,44463.0,GWh/mes,,boletin,15,2026-08-07
2025-11,tvb_capacidad_regasificacion_total,,mes,58350.0,GWh/mes,,boletin,15,2026-08-07
2025-11,tvb_regasificacion_comercial,,mes,20959.0,GWh,,boletin,15,2026-08-07
2025-12,aprovisionamiento_gn,Argelia,acumulado_anual,107179.0,GWh,34.5,boletin,9,2026-08-07
2025-12,aprovisionamiento_gn,Argelia,mes,8994.0,GWh,28.7,boletin,9,2026-08-07
2025-12,aprovisionamiento_gn,Argelia,tam,107179.0,GWh,34.5,boletin,9,2026-08-07
2025-12,aprovisionamiento_gn,Biometano nacional,acumulado_anual,429.0,GWh,0.1,boletin,9,2026-08-07
2025-12,aprovisionamiento_gn,Biometano nacional,mes,38.0,GWh,0.1,boletin,9,2026-08-07
2025-12,aprovisionamiento_gn,Biometano nacional,tam,429.0,GWh,0.1,boletin,9,2026-08-07
2025-12,aprovisionamiento_gn,Francia,acumulado_anual,10055.0,GWh,2.7,boletin,9,2026-08-07
2025-12,aprovisionamiento_gn,Francia,mes,2178.0,GWh,7.0,boletin,9,2026-08-07
2025-12,aprovisionamiento_gn,Francia,tam,10055.0,GWh,2.7,boletin,9,2026-08-07
2025-12,aprovisionamiento_gn,Portugal,acumulado_anual,6369.0,GWh,1.7,boletin,9,2026-08-07
2025-12,aprovisionamiento_gn,Portugal,mes,492.0,GWh,1.6,boletin,9,2026-08-07
2025-12,aprovisionamiento_gn,Portugal,tam,6369.0,GWh,1.7,boletin,9,2026-08-07
2025-12,aprovisionamiento_gn,Yacimientos nacionales,acumulado_anual,383.0,GWh,0.1,boletin,9,2026-08-07
2025-12,aprovisionamiento_gn,Yacimientos nacionales,mes,50.0,GWh,0.2,boletin,9,2026-08-07
2025-12,aprovisionamiento_gn,Yacimientos nacionales,tam,383.0,GWh,0.1,boletin,9,2026-08-07
2025-12,aprovisionamiento_gnl,Angola,acumulado_anual,20659.0,GWh,5.5,boletin,9,2026-08-07
2025-12,aprovisionamiento_gnl,Angola,mes,2054.0,GWh,6.6,boletin,9,2026-08-07
2025-12,aprovisionamiento_gnl,Angola,tam,20659.0,GWh,5.5,boletin,9,2026-08-07
2025-12,aprovisionamiento_gnl,Argelia,acumulado_anual,21325.0,GWh,,boletin,9,2026-08-07
2025-12,aprovisionamiento_gnl,Argelia,tam,21325.0,GWh,,boletin,9,2026-08-07
2025-12,aprovisionamiento_gnl,Camerún,acumulado_anual,979.0,GWh,0.3,boletin,9,2026-08-07
2025-12,aprovisionamiento_gnl,Camerún,tam,979.0,GWh,0.3,boletin,9,2026-08-07
2025-12,aprovisionamiento_gnl,Congo,acumulado_anual,2490.0,GWh,0.7,boletin,9,2026-08-07
2025-12,aprovisionamiento_gnl,Congo,tam,2490.0,GWh,0.7,boletin,9,2026-08-07
2025-12,aprovisionamiento_gnl,Egipto,acumulado_anual,1034.0,GWh,0.3,boletin,9,2026-08-07
2025-12,aprovisionamiento_gnl,Egipto,tam,1034.0,GWh,0.3,boletin,9,2026-08-07
2025-12,aprovisionamiento_gnl,Estados Unidos,acumulado_anual,111660.0,GWh,30.0,boletin,9,2026-08-07
2025-12,aprovisionamiento_gnl,Estados Unidos,mes,6051.0,GWh,19.3,boletin,9,2026-08-07
2025-12,aprovisionamiento_gnl,Estados Unidos,tam,111660.0,GWh,30.0,boletin,9,2026-08-07
2025-12,aprovisionamiento_gnl,Guinea Ecuatorial,acumulado_anual,2215.0,GWh,0.6,boletin,9,2026-08-07
2025-12,aprovisionamiento_gnl,Guinea Ecuatorial,mes,1086.0,GWh,3.5,boletin,9,2026-08-07
2025-12,aprovisionamiento_gnl,Guinea Ecuatorial,tam,2215.0,GWh,0.6,boletin,9,2026-08-07
2025-12,aprovisionamiento_gnl,Jamaica,acumulado_anual,168.0,GWh,0.0,boletin,9,2026-08-07
2025-12,aprovisionamiento_gnl,Jamaica,tam,168.0,GWh,0.0,boletin,9,2026-08-07
2025-12,aprovisionamiento_gnl,Nigeria,acumulado_anual,27157.0,GWh,7.3,boletin,9,2026-08-07
2025-12,aprovisionamiento_gnl,Nigeria,mes,1880.0,GWh,6.0,boletin,9,2026-08-07
2025-12,aprovisionamiento_gnl,Nigeria,tam,27157.0,GWh,7.3,boletin,9,2026-08-07
2025-12,aprovisionamiento_gnl,Noruega,acumulado_anual,2144.0,GWh,0.6,boletin,9,2026-08-07
2025-12,aprovisionamiento_gnl,Noruega,tam,2144.0,GWh,0.6,boletin,9,2026-08-07
2025-12,aprovisionamiento_gnl,Perú,acumulado_anual,6549.0,GWh,1.8,boletin,9,2026-08-07
2025-12,aprovisionamiento_gnl,Perú,mes,1105.0,GWh,3.5,boletin,9,2026-08-07
2025-12,aprovisionamiento_gnl,Perú,tam,6549.0,GWh,1.8,boletin,9,2026-08-07
2025-12,aprovisionamiento_gnl,Qatar,acumulado_anual,6403.0,GWh,1.7,boletin,9,2026-08-07
2025-12,aprovisionamiento_gnl,Qatar,mes,767.0,GWh,2.5,boletin,9,2026-08-07
2025-12,aprovisionamiento_gnl,Qatar,tam,6403.0,GWh,1.7,boletin,9,2026-08-07
2025-12,aprovisionamiento_gnl,Rusia,acumulado_anual,42629.0,GWh,11.4,boletin,9,2026-08-07
2025-12,aprovisionamiento_gnl,Rusia,mes,6609.0,GWh,21.1,boletin,9,2026-08-07
2025-12,aprovisionamiento_gnl,Rusia,tam,42629.0,GWh,11.4,boletin,9,2026-08-07
2025-12,aprovisionamiento_gnl,Trinidad y Tobago,acumulado_anual,2673.0,GWh,0.7,boletin,9,2026-08-07
2025-12,aprovisionamiento_gnl,Trinidad y Tobago,tam,2673.0,GWh,0.7,boletin,9,2026-08-07
2025-12,biometano_distribucion,,acumulado_anual,238.5,GWh,73.2,boletin,13,2026-08-07
2025-12,biometano_distribucion,,mes,25.3,GWh,114.2,boletin,13,2026-08-07
2025-12,biometano_distribucion,,tam,238.5,GWh,73.2,boletin,13,2026-08-07
2025-12,biometano_transporte,,acumulado_anual,189.7,GWh,6.6,boletin,13,2026-08-07
2025-12,biometano_transporte,,mes,12.9,GWh,-21.7,boletin,13,2026-08-07
2025-12,biometano_transporte,,tam,189.7,GWh,6.6,boletin,13,2026-08-07
2025-12,cargas_buques,,acumulado_anual,11756.0,GWh,-2.3,boletin,3,2026-08-07
2025-12,cargas_buques,,mes,1068.0,GWh,,boletin,3,2026-08-07
2025-12,cargas_buques,,tam,11756.0,GWh,-2.3,boletin,3,2026-08-07
2025-12,conexion_internacional_saldo,Almería,acumulado_anual,107179.0,GWh,2.4,boletin,11,2026-08-07
2025-12,conexion_internacional_saldo,Almería,mes,8994.0,GWh,-7.9,boletin,11,2026-08-07
2025-12,conexion_internacional_saldo,Almería,tam,107179.0,GWh,2.4,boletin,11,2026-08-07
2025-12,conexion_internacional_saldo,Biometano,acumulado_anual,428.0,GWh,35.6,boletin,11,2026-08-07
2025-12,conexion_internacional_saldo,Biometano,mes,38.0,GWh,34.9,boletin,11,2026-08-07
2025-12,conexion_internacional_saldo,Biometano,tam,428.0,GWh,35.6,boletin,11,2026-08-07
2025-12,conexion_internacional_saldo,Tarifa,acumulado_anual,-10375.0,GWh,6.9,boletin,11,2026-08-07
2025-12,conexion_internacional_saldo,Tarifa,mes,-916.0,GWh,39.8,boletin,11,2026-08-07
2025-12,conexion_internacional_saldo,Tarifa,tam,-10375.0,GWh,6.9,boletin,11,2026-08-07
2025-12,conexion_internacional_saldo,VIP Ibérico,acumulado_anual,1855.0,GWh,-77.5,boletin,11,2026-08-07
2025-12,conexion_internacional_saldo,VIP Ibérico,mes,191.0,GWh,,boletin,11,2026-08-07
2025-12,conexion_internacional_saldo,VIP Ibérico,tam,1855.0,GWh,-77.5,boletin,11,2026-08-07
2025-12,conexion_internacional_saldo,VIP Pirineos,acumulado_anual,-3718.0,GWh,,boletin,11,2026-08-07
2025-12,conexion_internacional_saldo,VIP Pirineos,mes,2136.0,GWh,,boletin,11,2026-08-07
2025-12,conexion_internacional_saldo,VIP Pirineos,tam,-3718.0,GWh,,boletin,11,2026-08-07
2025-12,conexion_internacional_saldo,Yacimiento Nacionales,acumulado_anual,383.0,GWh,,boletin,11,2026-08-07
2025-12,conexion_internacional_saldo,Yacimiento Nacionales,mes,50.0,GWh,,boletin,11,2026-08-07
2025-12,conexion_internacional_saldo,Yacimiento Nacionales,tam,383.0,GWh,70.1,boletin,11,2026-08-07
2025-12,correccion_laboralidad,,acumulado_anual,-0.2,%,,boletin,5,2026-08-07
2025-12,correccion_laboralidad,,mes,20.0,%,,boletin,5,2026-08-07
2025-12,correccion_laboralidad,,tam,-0.2,%,,boletin,5,2026-08-07
2025-12,correccion_temperatura,,acumulado_anual,1.6,%,,boletin,5,2026-08-07
2025-12,correccion_temperatura,,mes,1.0,%,,boletin,5,2026-08-07
2025-12,correccion_temperatura,,tam,1.6,%,,boletin,5,2026-08-07
2025-12,delta_temperatura,,mes,0.45,ºC,,boletin,5,2026-08-07
2025-12,demanda_ccaa_cisternas,Andalucía,mes,166.0,GWh,-5.2,boletin,7,2026-08-07
2025-12,demanda_ccaa_cisternas,Aragón,mes,50.0,GWh,4.9,boletin,7,2026-08-07
2025-12,demanda_ccaa_cisternas,Asturias,mes,33.0,GWh,4.7,boletin,7,2026-08-07
2025-12,demanda_ccaa_cisternas,Baleares,mes,3.0,GWh,-21.1,boletin,7,2026-08-07
2025-12,demanda_ccaa_cisternas,Cantabria,mes,24.0,GWh,-8.9,boletin,7,2026-08-07
2025-12,demanda_ccaa_cisternas,Castilla y León,mes,54.0,GWh,-11.8,boletin,7,2026-08-07
2025-12,demanda_ccaa_cisternas,Castilla-La Mancha,mes,68.0,GWh,1.7,boletin,7,2026-08-07
2025-12,demanda_ccaa_cisternas,Cataluña,mes,92.0,GWh,-19.6,boletin,7,2026-08-07
2025-12,demanda_ccaa_cisternas,Comunidad Valenciana,mes,79.0,GWh,-7.5,boletin,7,2026-08-07
2025-12,demanda_ccaa_cisternas,Extremadura,mes,37.0,GWh,-15.6,boletin,7,2026-08-07
2025-12,demanda_ccaa_cisternas,Galicia,mes,56.0,GWh,-5.6,boletin,7,2026-08-07
2025-12,demanda_ccaa_cisternas,La Rioja,mes,9.0,GWh,-12.7,boletin,7,2026-08-07
2025-12,demanda_ccaa_cisternas,Madrid,mes,322.0,GWh,53.6,boletin,7,2026-08-07
2025-12,demanda_ccaa_cisternas,Murcia,mes,54.0,GWh,-3.0,boletin,7,2026-08-07
2025-12,demanda_ccaa_cisternas,Navarra,mes,6.0,GWh,-29.2,boletin,7,2026-08-07
2025-12,demanda_ccaa_cisternas,País Vasco,mes,27.0,GWh,-1.0,boletin,7,2026-08-07
2025-12,demanda_ccaa_convencional,Andalucía,mes,2243.0,GWh,-10.3,boletin,7,2026-08-07
2025-12,demanda_ccaa_convencional,Aragón,mes,1337.0,GWh,-4.9,boletin,7,2026-08-07
2025-12,demanda_ccaa_convencional,Asturias,mes,580.0,GWh,-7.5,boletin,7,2026-08-07
2025-12,demanda_ccaa_convencional,Baleares,mes,101.0,GWh,2.0,boletin,7,2026-08-07
2025-12,demanda_ccaa_convencional,Cantabria,mes,235.0,GWh,-0.2,boletin,7,2026-08-07
2025-12,demanda_ccaa_convencional,Castilla y León,mes,2123.0,GWh,0.2,boletin,7,2026-08-07
2025-12,demanda_ccaa_convencional,Castilla-La Mancha,mes,1305.0,GWh,0.5,boletin,7,2026-08-07
2025-12,demanda_ccaa_convencional,Cataluña,mes,4587.0,GWh,-1.5,boletin,7,2026-08-07
2025-12,demanda_ccaa_convencional,Comunidad Valenciana,mes,1986.0,GWh,2.9,boletin,7,2026-08-07
2025-12,demanda_ccaa_convencional,Extremadura,mes,200.0,GWh,10.7,boletin,7,2026-08-07
2025-12,demanda_ccaa_convencional,Galicia,mes,1061.0,GWh,10.3,boletin,7,2026-08-07
2025-12,demanda_ccaa_convencional,La Rioja,mes,296.0,GWh,-1.3,boletin,7,2026-08-07
2025-12,demanda_ccaa_convencional,Madrid,mes,3536.0,GWh,-0.2,boletin,7,2026-08-07
2025-12,demanda_ccaa_convencional,Murcia,mes,1300.0,GWh,3.9,boletin,7,2026-08-07
2025-12,demanda_ccaa_convencional,Navarra,mes,604.0,GWh,-1.3,boletin,7,2026-08-07
2025-12,demanda_ccaa_convencional,País Vasco,mes,1800.0,GWh,-4.9,boletin,7,2026-08-07
2025-12,demanda_ccaa_sector_electrico,Andalucía,mes,2862.0,GWh,43.3,boletin,7,2026-08-07
2025-12,demanda_ccaa_sector_electrico,Aragón,mes,543.0,GWh,36.4,boletin,7,2026-08-07
2025-12,demanda_ccaa_sector_electrico,Asturias,mes,916.0,GWh,47.3,boletin,7,2026-08-07
2025-12,demanda_ccaa_sector_electrico,Baleares,mes,677.0,GWh,-9.3,boletin,7,2026-08-07
2025-12,demanda_ccaa_sector_electrico,Cantabria,mes,0.0,GWh,,boletin,7,2026-08-07
2025-12,demanda_ccaa_sector_electrico,Castilla y León,mes,0.0,GWh,,boletin,7,2026-08-07
2025-12,demanda_ccaa_sector_electrico,Castilla-La Mancha,mes,363.0,GWh,-19.7,boletin,7,2026-08-07
2025-12,demanda_ccaa_sector_electrico,Cataluña,mes,1365.0,GWh,-10.8,boletin,7,2026-08-07
2025-12,demanda_ccaa_sector_electrico,Comunidad Valenciana,mes,784.0,GWh,-24.2,boletin,7,2026-08-07
2025-12,demanda_ccaa_sector_electrico,Extremadura,mes,0.0,GWh,,boletin,7,2026-08-07
2025-12,demanda_ccaa_sector_electrico,Galicia,mes,522.0,GWh,-12.3,boletin,7,2026-08-07
2025-12,demanda_ccaa_sector_electrico,La Rioja,mes,232.0,GWh,-19.3,boletin,7,2026-08-07
2025-12,demanda_ccaa_sector_electrico,Madrid,mes,0.0,GWh,,boletin,7,2026-08-07
2025-12,demanda_ccaa_sector_electrico,Murcia,mes,1310.0,GWh,41.3,boletin,7,2026-08-07
2025-12,demanda_ccaa_sector_electrico,Navarra,mes,573.0,GWh,-17.0,boletin,7,2026-08-07
2025-12,demanda_ccaa_sector_electrico,País Vasco,mes,657.0,GWh,-45.1,boletin,7,2026-08-07
2025-12,demanda_cisternas,,acumulado_anual,12500.0,GWh,0.2,progreso,3,2026-08-07
2025-12,demanda_cisternas,,mes,1100.0,GWh,5.3,progreso,3,2026-08-07
2025-12,demanda_cisternas,,tam,12500.0,GWh,0.2,progreso,3,2026-08-07
2025-12,demanda_convencional,,acumulado_anual,231783.0,GWh,-2.2,boletin,3,2026-08-07
2025-12,demanda_convencional,,mes,24431.0,GWh,-1.0,boletin,3,2026-08-07
2025-12,demanda_convencional,,tam,231783.0,GWh,-2.2,boletin,3,2026-08-07
2025-12,demanda_convencional_corregida,,acumulado_anual,-3.7,%,,boletin,5,2026-08-07
2025-12,demanda_convencional_corregida,,mes,-3.1,%,,boletin,5,2026-08-07
2025-12,demanda_convencional_corregida,,tam,-3.7,%,,boletin,5,2026-08-07
2025-12,demanda_dc_pymes,,acumulado_anual,51600.0,GWh,8.1,progreso,3,2026-08-07
2025-12,demanda_dc_pymes,,mes,8800.0,GWh,0.3,progreso,3,2026-08-07
2025-12,demanda_dc_pymes,,tam,51600.0,GWh,8.1,progreso,3,2026-08-07
2025-12,demanda_industrial,,acumulado_anual,167700.0,GWh,-5.2,progreso,3,2026-08-07
2025-12,demanda_industrial,,mes,14500.0,GWh,-2.2,progreso,3,2026-08-07
2025-12,demanda_industrial,,tam,167700.0,GWh,-5.2,progreso,3,2026-08-07
2025-12,demanda_internacional,,acumulado_anual,40488.0,GWh,17.3,boletin,3,2026-08-07
2025-12,demanda_internacional,,mes,2328.0,GWh,45.3,boletin,3,2026-08-07
2025-12,demanda_internacional,,tam,40488.0,GWh,17.3,boletin,3,2026-08-07
2025-12,demanda_nacional,,acumulado_anual,331464.0,GWh,6.3,boletin,3,2026-08-07
2025-12,demanda_nacional,,mes,35236.0,GWh,0.2,boletin,3,2026-08-07
2025-12,demanda_nacional,,tam,331464.0,GWh,6.3,boletin,3,2026-08-07
2025-12,demanda_sector_electrico,,acumulado_anual,99680.0,GWh,33.4,boletin,3,2026-08-07
2025-12,demanda_sector_electrico,,mes,10805.0,GWh,3.1,boletin,3,2026-08-07
2025-12,demanda_sector_electrico,,tam,99680.0,GWh,33.4,boletin,3,2026-08-07
2025-12,destino_cargas_pct,Bunkering,acumulado_anual,53.2,%,,boletin,18,2026-08-07
2025-12,destino_cargas_pct,Bunkering,mes,78.0,%,,boletin,18,2026-08-07
2025-12,destino_cargas_pct,EU,acumulado_anual,30.2,%,,boletin,18,2026-08-07
2025-12,destino_cargas_pct,EU,mes,9.0,%,,boletin,18,2026-08-07
2025-12,destino_cargas_pct,non EU,acumulado_anual,16.6,%,,boletin,18,2026-08-07
2025-12,destino_cargas_pct,non EU,mes,13.0,%,,boletin,18,2026-08-07
2025-12,generacion_electrica,Carbón,mes,0.0,GWh,-85.4,boletin,6,2026-08-07
2025-12,generacion_electrica,Cogeneración,mes,1400.0,GWh,-6.6,boletin,6,2026-08-07
2025-12,generacion_electrica,Eólica,mes,5300.0,GWh,1.8,boletin,6,2026-08-07
2025-12,generacion_electrica,Gas natural,mes,4500.0,GWh,-0.3,boletin,6,2026-08-07
2025-12,generacion_electrica,Hidráulica,mes,3600.0,GWh,27.9,boletin,6,2026-08-07
2025-12,generacion_electrica,Nuclear,mes,4800.0,GWh,13.3,boletin,6,2026-08-07
2025-12,generacion_electrica,Resto renovables,mes,500.0,GWh,-4.0,boletin,6,2026-08-07
2025-12,generacion_electrica,Solar,mes,2300.0,GWh,-11.8,boletin,6,2026-08-07
2025-12,pct_total_gn,,mes,62.5,%,,boletin,9,2026-08-07
2025-12,pct_total_gnl,,mes,37.5,%,,boletin,9,2026-08-07
2025-12,planta_carga_cisternas,BARCELONA,mes,226.0,GWh,8.1,boletin,17,2026-08-07
2025-12,planta_carga_cisternas,BILBAO,mes,106.0,GWh,-2.7,boletin,17,2026-08-07
2025-12,planta_carga_cisternas,CARTAGENA,mes,229.0,GWh,9.9,boletin,17,2026-08-07
2025-12,planta_carga_cisternas,HUELVA,mes,204.0,GWh,-0.8,boletin,17,2026-08-07
2025-12,planta_carga_cisternas,MUGARDOS,mes,88.0,GWh,7.6,boletin,17,2026-08-07
2025-12,planta_carga_cisternas,MUSEL,mes,66.0,GWh,8.8,boletin,17,2026-08-07
2025-12,planta_carga_cisternas,SAGUNTO,mes,203.0,GWh,6.4,boletin,17,2026-08-07
2025-12,planta_cargas_buques,BARCELONA,mes,105.0,GWh,62.8,boletin,17,2026-08-07
2025-12,planta_cargas_buques,BILBAO,mes,0.0,GWh,,boletin,17,2026-08-07
2025-12,planta_cargas_buques,CARTAGENA,mes,496.0,GWh,,boletin,17,2026-08-07
2025-12,planta_cargas_buques,HUELVA,mes,427.0,GWh,91.6,boletin,17,2026-08-07
2025-12,planta_cargas_buques,MUGARDOS,mes,29.0,GWh,-25.7,boletin,17,2026-08-07
2025-12,planta_cargas_buques,MUSEL,mes,0.0,GWh,,boletin,17,2026-08-07
2025-12,planta_cargas_buques,SAGUNTO,mes,0.0,GWh,,boletin,17,2026-08-07
2025-12,planta_descargas_buques,BARCELONA,mes,3983.0,GWh,,boletin,17,2026-08-07
2025-12,planta_descargas_buques,BILBAO,mes,5511.0,GWh,67.6,boletin,17,2026-08-07
2025-12,planta_descargas_buques,CARTAGENA,mes,1048.0,GWh,,boletin,17,2026-08-07
2025-12,planta_descargas_buques,HUELVA,mes,2288.0,GWh,-27.8,boletin,17,2026-08-07
2025-12,planta_descargas_buques,MUGARDOS,mes,2351.0,GWh,7.0,boletin,17,2026-08-07
2025-12,planta_descargas_buques,MUSEL,mes,0.0,GWh,,boletin,17,2026-08-07
2025-12,planta_descargas_buques,SAGUNTO,mes,3241.0,GWh,-1.3,boletin,17,2026-08-07
2025-12,planta_n_buques_descargados,BARCELONA,mes,4.0,nº,100.0,boletin,17,2026-08-07
2025-12,planta_n_buques_descargados,BILBAO,mes,5.0,nº,66.7,boletin,17,2026-08-07
2025-12,planta_n_buques_descargados,CARTAGENA,mes,1.0,nº,,boletin,17,2026-08-07
2025-12,planta_n_buques_descargados,HUELVA,mes,3.0,nº,0.0,boletin,17,2026-08-07
2025-12,planta_n_buques_descargados,MUGARDOS,mes,2.0,nº,0.0,boletin,17,2026-08-07
2025-12,planta_n_buques_descargados,MUSEL,mes,0.0,nº,,boletin,17,2026-08-07
2025-12,planta_n_buques_descargados,SAGUNTO,mes,3.0,nº,-25.0,boletin,17,2026-08-07
2025-12,salidas_conexiones_internacionales,,acumulado_anual,28731.0,GWh,27.9,boletin,3,2026-08-07
2025-12,salidas_conexiones_internacionales,,mes,1259.0,GWh,13.9,boletin,3,2026-08-07
2025-12,salidas_conexiones_internacionales,,tam,28731.0,GWh,27.9,boletin,3,2026-08-07
2025-12,total_salidas,,acumulado_anual,371951.0,GWh,7.4,boletin,3,2026-08-07
2025-12,total_salidas,,mes,37564.0,GWh,2.2,boletin,3,2026-08-07
2025-12,total_salidas,,tam,371951.0,GWh,7.4,boletin,3,2026-08-07
2025-12,tvb_capacidad_regasificacion_contratada,,mes,20895.0,GWh/mes,,boletin,15,2026-08-07
2025-12,tvb_capacidad_regasificacion_disponible,,mes,39400.0,GWh/mes,,boletin,15,2026-08-07
2025-12,tvb_capacidad_regasificacion_total,,mes,60295.0,GWh/mes,,boletin,15,2026-08-07
2025-12,tvb_regasificacion_comercial,,mes,20959.0,GWh,,boletin,15,2026-08-07
2026-01,aprovisionamiento_gn,Argelia,acumulado_anual,10092.0,GWh,,boletin,9,2026-08-06
2026-01,aprovisionamiento_gn,Argelia,mes,10092.0,GWh,,boletin,9,2026-08-06
2026-01,aprovisionamiento_gn,Argelia,tam,107152.0,GWh,,boletin,9,2026-08-06
2026-01,aprovisionamiento_gn,Biometano nacional,acumulado_anual,38.0,GWh,,boletin,9,2026-08-06
2026-01,aprovisionamiento_gn,Biometano nacional,mes,38.0,GWh,,boletin,9,2026-08-06
2026-01,aprovisionamiento_gn,Biometano nacional,tam,439.0,GWh,,boletin,9,2026-08-06
2026-01,aprovisionamiento_gn,Francia,acumulado_anual,2448.0,GWh,,boletin,9,2026-08-06
2026-01,aprovisionamiento_gn,Francia,mes,2448.0,GWh,,boletin,9,2026-08-06
2026-01,aprovisionamiento_gn,Francia,tam,11793.0,GWh,,boletin,9,2026-08-06
2026-01,aprovisionamiento_gn,Portugal,acumulado_anual,309.0,GWh,,boletin,9,2026-08-06
2026-01,aprovisionamiento_gn,Portugal,mes,309.0,GWh,,boletin,9,2026-08-06
2026-01,aprovisionamiento_gn,Portugal,tam,5987.0,GWh,,boletin,9,2026-08-06
2026-01,aprovisionamiento_gn,Yacimientos nacionales,acumulado_anual,47.0,GWh,,boletin,9,2026-08-06
2026-01,aprovisionamiento_gn,Yacimientos nacionales,mes,47.0,GWh,,boletin,9,2026-08-06
2026-01,aprovisionamiento_gn,Yacimientos nacionales,tam,317.0,GWh,,boletin,9,2026-08-06
2026-01,aprovisionamiento_gnl,Angola,tam,19634.0,GWh,,boletin,9,2026-08-06
2026-01,aprovisionamiento_gnl,Argelia,tam,21325.0,GWh,,boletin,9,2026-08-06
2026-01,aprovisionamiento_gnl,Congo,acumulado_anual,888.0,GWh,,boletin,9,2026-08-06
2026-01,aprovisionamiento_gnl,Congo,mes,888.0,GWh,,boletin,9,2026-08-06
2026-01,aprovisionamiento_gnl,Congo,tam,3378.0,GWh,,boletin,9,2026-08-06
2026-01,aprovisionamiento_gnl,Egipto,tam,1034.0,GWh,,boletin,9,2026-08-06
2026-01,aprovisionamiento_gnl,Estados Unidos,acumulado_anual,15284.0,GWh,,boletin,9,2026-08-06
2026-01,aprovisionamiento_gnl,Estados Unidos,mes,15284.0,GWh,,boletin,9,2026-08-06
2026-01,aprovisionamiento_gnl,Estados Unidos,tam,116490.0,GWh,,boletin,9,2026-08-06
2026-01,aprovisionamiento_gnl,Guinea Ecuatorial,tam,2215.0,GWh,,boletin,9,2026-08-06
2026-01,aprovisionamiento_gnl,Jamaica,tam,168.0,GWh,,boletin,9,2026-08-06
2026-01,aprovisionamiento_gnl,Nigeria,acumulado_anual,921.0,GWh,,boletin,9,2026-08-06
2026-01,aprovisionamiento_gnl,Nigeria,mes,921.0,GWh,,boletin,9,2026-08-06
2026-01,aprovisionamiento_gnl,Nigeria,tam,24899.0,GWh,,boletin,9,2026-08-06
2026-01,aprovisionamiento_gnl,Noruega,tam,2144.0,GWh,,boletin,9,2026-08-06
2026-01,aprovisionamiento_gnl,Perú,tam,5510.0,GWh,,boletin,9,2026-08-06
2026-01,aprovisionamiento_gnl,Qatar,tam,5576.0,GWh,,boletin,9,2026-08-06
2026-01,aprovisionamiento_gnl,Rusia,acumulado_anual,4375.0,GWh,,boletin,9,2026-08-06
2026-01,aprovisionamiento_gnl,Rusia,mes,4375.0,GWh,,boletin,9,2026-08-06
2026-01,aprovisionamiento_gnl,Rusia,tam,40540.0,GWh,,boletin,9,2026-08-06
2026-01,aprovisionamiento_gnl,Trinidad y Tobago,tam,2673.0,GWh,,boletin,9,2026-08-06
2026-01,biometano_distribucion,,acumulado_anual,23.3,GWh,86.1,boletin,13,2026-08-06
2026-01,biometano_distribucion,,mes,23.3,GWh,86.1,boletin,13,2026-08-06
2026-01,biometano_distribucion,,tam,249.3,GWh,4.5,boletin,13,2026-08-06
2026-01,biometano_transporte,,acumulado_anual,15.1,GWh,1.5,boletin,13,2026-08-06
2026-01,biometano_transporte,,mes,15.1,GWh,1.5,boletin,13,2026-08-06
2026-01,biometano_transporte,,tam,189.9,GWh,0.1,boletin,13,2026-08-06
2026-01,cargas_buques,,acumulado_anual,2002.0,GWh,,boletin,3,2026-08-06
2026-01,cargas_buques,,mes,2002.0,GWh,,boletin,3,2026-08-06
2026-01,cargas_buques,,tam,13309.0,GWh,13.2,boletin,3,2026-08-06
2026-01,conexion_internacional_saldo,Almería,acumulado_anual,10092.0,GWh,-0.3,boletin,11,2026-08-06
2026-01,conexion_internacional_saldo,Almería,mes,10092.0,GWh,-0.3,boletin,11,2026-08-06
2026-01,conexion_internacional_saldo,Almería,tam,107152.0,GWh,0.0,boletin,11,2026-08-06
2026-01,conexion_internacional_saldo,Biometano,acumulado_anual,38.0,GWh,40.3,boletin,11,2026-08-06
2026-01,conexion_internacional_saldo,Biometano,mes,38.0,GWh,40.3,boletin,11,2026-08-06
2026-01,conexion_internacional_saldo,Biometano,tam,439.0,GWh,2.6,boletin,11,2026-08-06
2026-01,conexion_internacional_saldo,Tarifa,acumulado_anual,-822.0,GWh,22.3,boletin,11,2026-08-06
2026-01,conexion_internacional_saldo,Tarifa,mes,-822.0,GWh,22.3,boletin,11,2026-08-06
2026-01,conexion_internacional_saldo,Tarifa,tam,-10525.0,GWh,1.4,boletin,11,2026-08-06
2026-01,conexion_internacional_saldo,VIP Ibérico,acumulado_anual,-628.0,GWh,,boletin,11,2026-08-06
2026-01,conexion_internacional_saldo,VIP Ibérico,mes,-628.0,GWh,,boletin,11,2026-08-06
2026-01,conexion_internacional_saldo,VIP Ibérico,tam,956.0,GWh,-48.5,boletin,11,2026-08-06
2026-01,conexion_internacional_saldo,VIP Pirineos,acumulado_anual,2356.0,GWh,,boletin,11,2026-08-06
2026-01,conexion_internacional_saldo,VIP Pirineos,mes,2356.0,GWh,,boletin,11,2026-08-06
2026-01,conexion_internacional_saldo,VIP Pirineos,tam,-656.0,GWh,-82.3,boletin,11,2026-08-06
2026-01,conexion_internacional_saldo,Yacimiento Nacionales,acumulado_anual,47.0,GWh,-58.3,boletin,11,2026-08-06
2026-01,conexion_internacional_saldo,Yacimiento Nacionales,mes,47.0,GWh,-58.3,boletin,11,2026-08-06
2026-01,conexion_internacional_saldo,Yacimiento Nacionales,tam,317.0,GWh,-17.3,boletin,11,2026-08-06
2026-01,correccion_laboralidad,,acumulado_anual,-2.0,%,,boletin,5,2026-08-06
2026-01,correccion_laboralidad,,mes,-2.0,%,,boletin,5,2026-08-06
2026-01,correccion_laboralidad,,tam,-0.2,%,,boletin,5,2026-08-06
2026-01,correccion_temperatura,,acumulado_anual,5.0,%,,boletin,5,2026-08-06
2026-01,correccion_temperatura,,mes,5.0,%,,boletin,5,2026-08-06
2026-01,correccion_temperatura,,tam,0.6,%,,boletin,5,2026-08-06
2026-01,delta_temperatura,,mes,-1.41,ºC,,boletin,5,2026-08-06
2026-01,demanda_ccaa_cisternas,Andalucía,mes,180.0,GWh,-5.2,boletin,7,2026-08-06
2026-01,demanda_ccaa_cisternas,Aragón,mes,56.0,GWh,7.9,boletin,7,2026-08-06
2026-01,demanda_ccaa_cisternas,Asturias,mes,32.0,GWh,0.9,boletin,7,2026-08-06
2026-01,demanda_ccaa_cisternas,Baleares,mes,4.0,GWh,-11.0,boletin,7,2026-08-06
2026-01,demanda_ccaa_cisternas,Cantabria,mes,25.0,GWh,-7.1,boletin,7,2026-08-06
2026-01,demanda_ccaa_cisternas,Castilla y León,mes,59.0,GWh,-12.0,boletin,7,2026-08-06
2026-01,demanda_ccaa_cisternas,Castilla-La Mancha,mes,69.0,GWh,-11.5,boletin,7,2026-08-06
2026-01,demanda_ccaa_cisternas,Cataluña,mes,100.0,GWh,-20.6,boletin,7,2026-08-06
2026-01,demanda_ccaa_cisternas,Comunidad Valenciana,mes,76.0,GWh,-6.9,boletin,7,2026-08-06
2026-01,demanda_ccaa_cisternas,Extremadura,mes,43.0,GWh,-3.2,boletin,7,2026-08-06
2026-01,demanda_ccaa_cisternas,Galicia,mes,66.0,GWh,-0.5,boletin,7,2026-08-06
2026-01,demanda_ccaa_cisternas,La Rioja,mes,8.0,GWh,16.5,boletin,7,2026-08-06
2026-01,demanda_ccaa_cisternas,Madrid,mes,313.0,GWh,40.3,boletin,7,2026-08-06
2026-01,demanda_ccaa_cisternas,Murcia,mes,71.0,GWh,35.9,boletin,7,2026-08-06
2026-01,demanda_ccaa_cisternas,Navarra,mes,9.0,GWh,-55.9,boletin,7,2026-08-06
2026-01,demanda_ccaa_cisternas,País Vasco,mes,27.0,GWh,-27.7,boletin,7,2026-08-06
2026-01,demanda_ccaa_convencional,Andalucía,mes,2606.0,GWh,6.6,boletin,7,2026-08-06
2026-01,demanda_ccaa_convencional,Aragón,mes,1409.0,GWh,-3.8,boletin,7,2026-08-06
2026-01,demanda_ccaa_convencional,Asturias,mes,658.0,GWh,4.1,boletin,7,2026-08-06
2026-01,demanda_ccaa_convencional,Baleares,mes,112.0,GWh,2.0,boletin,7,2026-08-06
2026-01,demanda_ccaa_convencional,Cantabria,mes,286.0,GWh,-8.2,boletin,7,2026-08-06
2026-01,demanda_ccaa_convencional,Castilla y León,mes,2305.0,GWh,3.1,boletin,7,2026-08-06
2026-01,demanda_ccaa_convencional,Castilla-La Mancha,mes,1143.0,GWh,-5.7,boletin,7,2026-08-06
2026-01,demanda_ccaa_convencional,Cataluña,mes,5159.0,GWh,7.0,boletin,7,2026-08-06
2026-01,demanda_ccaa_convencional,Comunidad Valenciana,mes,2263.0,GWh,6.4,boletin,7,2026-08-06
2026-01,demanda_ccaa_convencional,Extremadura,mes,238.0,GWh,10.9,boletin,7,2026-08-06
2026-01,demanda_ccaa_convencional,Galicia,mes,1173.0,GWh,20.9,boletin,7,2026-08-06
2026-01,demanda_ccaa_convencional,La Rioja,mes,342.0,GWh,5.4,boletin,7,2026-08-06
2026-01,demanda_ccaa_convencional,Madrid,mes,4158.0,GWh,7.3,boletin,7,2026-08-06
2026-01,demanda_ccaa_convencional,Murcia,mes,1290.0,GWh,0.9,boletin,7,2026-08-06
2026-01,demanda_ccaa_convencional,Navarra,mes,687.0,GWh,2.1,boletin,7,2026-08-06
2026-01,demanda_ccaa_convencional,País Vasco,mes,2137.0,GWh,7.1,boletin,7,2026-08-06
2026-01,demanda_ccaa_sector_electrico,Andalucía,mes,2146.0,GWh,51.6,boletin,7,2026-08-06
2026-01,demanda_ccaa_sector_electrico,Aragón,mes,445.0,GWh,28.6,boletin,7,2026-08-06
2026-01,demanda_ccaa_sector_electrico,Asturias,mes,810.0,GWh,130.0,boletin,7,2026-08-06
2026-01,demanda_ccaa_sector_electrico,Baleares,mes,699.0,GWh,-3.4,boletin,7,2026-08-06
2026-01,demanda_ccaa_sector_electrico,Cantabria,mes,0.0,GWh,,boletin,7,2026-08-06
2026-01,demanda_ccaa_sector_electrico,Castilla y León,mes,0.0,GWh,,boletin,7,2026-08-06
2026-01,demanda_ccaa_sector_electrico,Castilla-La Mancha,mes,286.0,GWh,-14.8,boletin,7,2026-08-06
2026-01,demanda_ccaa_sector_electrico,Cataluña,mes,1139.0,GWh,28.2,boletin,7,2026-08-06
2026-01,demanda_ccaa_sector_electrico,Comunidad Valenciana,mes,553.0,GWh,1.6,boletin,7,2026-08-06
2026-01,demanda_ccaa_sector_electrico,Extremadura,mes,0.0,GWh,,boletin,7,2026-08-06
2026-01,demanda_ccaa_sector_electrico,Galicia,mes,449.0,GWh,9.0,boletin,7,2026-08-06
2026-01,demanda_ccaa_sector_electrico,La Rioja,mes,188.0,GWh,-28.4,boletin,7,2026-08-06
2026-01,demanda_ccaa_sector_electrico,Madrid,mes,0.0,GWh,,boletin,7,2026-08-06
2026-01,demanda_ccaa_sector_electrico,Murcia,mes,1221.0,GWh,103.5,boletin,7,2026-08-06
2026-01,demanda_ccaa_sector_electrico,Navarra,mes,498.0,GWh,26.7,boletin,7,2026-08-06
2026-01,demanda_ccaa_sector_electrico,País Vasco,mes,598.0,GWh,-12.1,boletin,7,2026-08-06
2026-01,demanda_cisternas,,acumulado_anual,1200.0,GWh,1.7,progreso,3,2026-08-06
2026-01,demanda_cisternas,,mes,1200.0,GWh,1.7,progreso,3,2026-08-06
2026-01,demanda_cisternas,,tam,12500.0,GWh,0.2,progreso,3,2026-08-06
2026-01,demanda_convencional,,acumulado_anual,27138.0,GWh,5.0,boletin,3,2026-08-06
2026-01,demanda_convencional,,mes,27138.0,GWh,5.0,boletin,3,2026-08-06
2026-01,demanda_convencional,,tam,233067.0,GWh,0.6,boletin,3,2026-08-06
2026-01,demanda_convencional_corregida,,acumulado_anual,2.0,%,,boletin,5,2026-08-06
2026-01,demanda_convencional_corregida,,mes,2.0,%,,boletin,5,2026-08-06
2026-01,demanda_convencional_corregida,,tam,0.2,%,,boletin,5,2026-08-06
2026-01,demanda_dc_pymes,,acumulado_anual,10700.0,GWh,13.7,progreso,3,2026-08-06
2026-01,demanda_dc_pymes,,mes,10700.0,GWh,13.7,progreso,3,2026-08-06
2026-01,demanda_dc_pymes,,tam,52900.0,GWh,2.5,progreso,3,2026-08-06
2026-01,demanda_industrial,,acumulado_anual,15300.0,GWh,-0.1,progreso,3,2026-08-06
2026-01,demanda_industrial,,mes,15300.0,GWh,-0.1,progreso,3,2026-08-06
2026-01,demanda_industrial,,tam,167700.0,GWh,0.0,progreso,3,2026-08-06
2026-01,demanda_internacional,,acumulado_anual,3854.0,GWh,30.3,boletin,3,2026-08-06
2026-01,demanda_internacional,,mes,3854.0,GWh,30.3,boletin,3,2026-08-06
2026-01,demanda_internacional,,tam,41383.0,GWh,2.2,boletin,3,2026-08-06
2026-01,demanda_nacional,,acumulado_anual,36172.0,GWh,10.2,boletin,3,2026-08-06
2026-01,demanda_nacional,,mes,36172.0,GWh,10.2,boletin,3,2026-08-06
2026-01,demanda_nacional,,tam,334826.0,GWh,1.0,boletin,3,2026-08-06
2026-01,demanda_sector_electrico,,acumulado_anual,9034.0,GWh,29.9,boletin,3,2026-08-06
2026-01,demanda_sector_electrico,,mes,9034.0,GWh,29.9,boletin,3,2026-08-06
2026-01,demanda_sector_electrico,,tam,101759.0,GWh,2.1,boletin,3,2026-08-06
2026-01,destino_cargas_pct,Bunkering,acumulado_anual,43.4,%,,boletin,18,2026-08-06
2026-01,destino_cargas_pct,Bunkering,mes,43.4,%,,boletin,18,2026-08-06
2026-01,destino_cargas_pct,EU,acumulado_anual,29.7,%,,boletin,18,2026-08-06
2026-01,destino_cargas_pct,EU,mes,29.7,%,,boletin,18,2026-08-06
2026-01,destino_cargas_pct,non EU,acumulado_anual,27.0,%,,boletin,18,2026-08-06
2026-01,destino_cargas_pct,non EU,mes,27.0,%,,boletin,18,2026-08-06
2026-01,generacion_electrica,Carbón,mes,0.0,GWh,-93.6,boletin,6,2026-08-06
2026-01,generacion_electrica,Cogeneración,mes,1200.0,GWh,-12.5,boletin,6,2026-08-06
2026-01,generacion_electrica,Eólica,mes,8000.0,GWh,6.6,boletin,6,2026-08-06
2026-01,generacion_electrica,Gas natural,mes,3600.0,GWh,30.0,boletin,6,2026-08-06
2026-01,generacion_electrica,Hidráulica,mes,3600.0,GWh,2.4,boletin,6,2026-08-06
2026-01,generacion_electrica,Nuclear,mes,5200.0,GWh,0.1,boletin,6,2026-08-06
2026-01,generacion_electrica,Resto renovables,mes,500.0,GWh,-4.4,boletin,6,2026-08-06
2026-01,generacion_electrica,Solar,mes,2300.0,GWh,-2.2,boletin,6,2026-08-06
2026-01,pct_total_gn,,mes,37.6,%,,boletin,9,2026-08-06
2026-01,pct_total_gnl,,mes,62.4,%,,boletin,9,2026-08-06
2026-01,planta_carga_cisternas,BARCELONA,mes,219.0,GWh,2.2,boletin,17,2026-08-06
2026-01,planta_carga_cisternas,BILBAO,mes,109.0,GWh,-13.6,boletin,17,2026-08-06
2026-01,planta_carga_cisternas,CARTAGENA,mes,242.0,GWh,7.3,boletin,17,2026-08-06
2026-01,planta_carga_cisternas,HUELVA,mes,211.0,GWh,-2.3,boletin,17,2026-08-06
2026-01,planta_carga_cisternas,MUGARDOS,mes,96.0,GWh,12.2,boletin,17,2026-08-06
2026-01,planta_carga_cisternas,MUSEL,mes,71.0,GWh,-2.0,boletin,17,2026-08-06
2026-01,planta_carga_cisternas,SAGUNTO,mes,214.0,GWh,5.4,boletin,17,2026-08-06
2026-01,planta_cargas_buques,BARCELONA,mes,399.0,GWh,,boletin,17,2026-08-06
2026-01,planta_cargas_buques,BILBAO,mes,0.0,GWh,,boletin,17,2026-08-06
2026-01,planta_cargas_buques,CARTAGENA,mes,363.0,GWh,,boletin,17,2026-08-06
2026-01,planta_cargas_buques,HUELVA,mes,118.0,GWh,-47.9,boletin,17,2026-08-06
2026-01,planta_cargas_buques,MUGARDOS,mes,118.0,GWh,,boletin,17,2026-08-06
2026-01,planta_cargas_buques,MUSEL,mes,0.0,GWh,,boletin,17,2026-08-06
2026-01,planta_cargas_buques,SAGUNTO,mes,868.0,GWh,,boletin,17,2026-08-06
2026-01,planta_descargas_buques,BARCELONA,mes,4271.0,GWh,52.9,boletin,17,2026-08-06
2026-01,planta_descargas_buques,BILBAO,mes,3229.0,GWh,-38.4,boletin,17,2026-08-06
2026-01,planta_descargas_buques,CARTAGENA,mes,2978.0,GWh,-22.1,boletin,17,2026-08-06
2026-01,planta_descargas_buques,HUELVA,mes,4995.0,GWh,-13.2,boletin,17,2026-08-06
2026-01,planta_descargas_buques,MUGARDOS,mes,1889.0,GWh,-14.0,boletin,17,2026-08-06
2026-01,planta_descargas_buques,MUSEL,mes,0.0,GWh,,boletin,17,2026-08-06
2026-01,planta_descargas_buques,SAGUNTO,mes,3017.0,GWh,-5.8,boletin,17,2026-08-06
2026-01,planta_n_buques_descargados,BARCELONA,mes,4.0,nº,33.3,boletin,17,2026-08-06
2026-01,planta_n_buques_descargados,BILBAO,mes,3.0,nº,-40.0,boletin,17,2026-08-06
2026-01,planta_n_buques_descargados,CARTAGENA,mes,3.0,nº,-25.0,boletin,17,2026-08-06
2026-01,planta_n_buques_descargados,HUELVA,mes,5.0,nº,-16.7,boletin,17,2026-08-06
2026-01,planta_n_buques_descargados,MUGARDOS,mes,2.0,nº,0.0,boletin,17,2026-08-06
2026-01,planta_n_buques_descargados,MUSEL,mes,0.0,nº,,boletin,17,2026-08-06
2026-01,planta_n_buques_descargados,SAGUNTO,mes,4.0,nº,0.0,boletin,17,2026-08-06
2026-01,salidas_conexiones_internacionales,,acumulado_anual,1852.0,GWh,-26.2,boletin,3,2026-08-06
2026-01,salidas_conexiones_internacionales,,mes,1852.0,GWh,-26.2,boletin,3,2026-08-06
2026-01,salidas_conexiones_internacionales,,tam,28074.0,GWh,-2.3,boletin,3,2026-08-06
2026-01,total_salidas,,acumulado_anual,40026.0,GWh,11.9,boletin,3,2026-08-06
2026-01,total_salidas,,mes,40026.0,GWh,11.9,boletin,3,2026-08-06
2026-01,total_salidas,,tam,376209.0,GWh,1.1,boletin,3,2026-08-06
2026-01,tvb_capacidad_regasificacion_contratada,,mes,22094.0,GWh/mes,,boletin,15,2026-08-06
2026-01,tvb_capacidad_regasificacion_disponible,,mes,38201.0,GWh/mes,,boletin,15,2026-08-06
2026-01,tvb_capacidad_regasificacion_total,,mes,60295.0,GWh/mes,,boletin,15,2026-08-06
2026-01,tvb_regasificacion_comercial,,mes,21463.0,GWh,,boletin,15,2026-08-06
2026-02,aprovisionamiento_gn,Argelia,acumulado_anual,19243.0,GWh,,boletin,9,2026-08-06
2026-02,aprovisionamiento_gn,Argelia,mes,9151.0,GWh,,boletin,9,2026-08-06
2026-02,aprovisionamiento_gn,Argelia,tam,107114.0,GWh,,boletin,9,2026-08-06
2026-02,aprovisionamiento_gn,Biometano nacional,acumulado_anual,82.0,GWh,,boletin,9,2026-08-06
2026-02,aprovisionamiento_gn,Biometano nacional,mes,44.0,GWh,,boletin,9,2026-08-06
2026-02,aprovisionamiento_gn,Biometano nacional,tam,456.0,GWh,,boletin,9,2026-08-06
2026-02,aprovisionamiento_gn,Francia,acumulado_anual,2651.0,GWh,,boletin,9,2026-08-06
2026-02,aprovisionamiento_gn,Francia,mes,203.0,GWh,,boletin,9,2026-08-06
2026-02,aprovisionamiento_gn,Francia,tam,11762.0,GWh,,boletin,9,2026-08-06
2026-02,aprovisionamiento_gn,Portugal,acumulado_anual,687.0,GWh,,boletin,9,2026-08-06
2026-02,aprovisionamiento_gn,Portugal,mes,378.0,GWh,,boletin,9,2026-08-06
2026-02,aprovisionamiento_gn,Portugal,tam,5856.0,GWh,,boletin,9,2026-08-06
2026-02,aprovisionamiento_gn,Yacimientos nacionales,acumulado_anual,67.0,GWh,,boletin,9,2026-08-06
2026-02,aprovisionamiento_gn,Yacimientos nacionales,mes,20.0,GWh,,boletin,9,2026-08-06
2026-02,aprovisionamiento_gn,Yacimientos nacionales,tam,265.0,GWh,,boletin,9,2026-08-06
2026-02,aprovisionamiento_gnl,Angola,acumulado_anual,2045.0,GWh,,boletin,9,2026-08-06
2026-02,aprovisionamiento_gnl,Angola,mes,2045.0,GWh,,boletin,9,2026-08-06
2026-02,aprovisionamiento_gnl,Angola,tam,20657.0,GWh,,boletin,9,2026-08-06
2026-02,aprovisionamiento_gnl,Argelia,acumulado_anual,0.0,GWh,,boletin,9,2026-08-06
2026-02,aprovisionamiento_gnl,Argelia,mes,,GWh,,boletin,9,2026-08-06
2026-02,aprovisionamiento_gnl,Argelia,tam,21325.0,GWh,,boletin,9,2026-08-06
2026-02,aprovisionamiento_gnl,Congo,acumulado_anual,1405.0,GWh,,boletin,9,2026-08-06
2026-02,aprovisionamiento_gnl,Congo,mes,517.0,GWh,,boletin,9,2026-08-06
2026-02,aprovisionamiento_gnl,Congo,tam,3008.0,GWh,,boletin,9,2026-08-06
2026-02,aprovisionamiento_gnl,Egipto,acumulado_anual,,GWh,,boletin,9,2026-08-06
2026-02,aprovisionamiento_gnl,Egipto,mes,,GWh,,boletin,9,2026-08-06
2026-02,aprovisionamiento_gnl,Egipto,tam,1034.0,GWh,,boletin,9,2026-08-06
2026-02,aprovisionamiento_gnl,Estados Unidos,acumulado_anual,25871.0,GWh,,boletin,9,2026-08-06
2026-02,aprovisionamiento_gnl,Estados Unidos,mes,10612.0,GWh,,boletin,9,2026-08-06
2026-02,aprovisionamiento_gnl,Estados Unidos,tam,117819.0,GWh,,boletin,9,2026-08-06
2026-02,aprovisionamiento_gnl,Francia,acumulado_anual,,GWh,,boletin,9,2026-08-06
2026-02,aprovisionamiento_gnl,Francia,mes,,GWh,,boletin,9,2026-08-06
2026-02,aprovisionamiento_gnl,Francia,tam,,GWh,,boletin,9,2026-08-06
2026-02,aprovisionamiento_gnl,Guinea Ecuatorial,acumulado_anual,,GWh,,boletin,9,2026-08-06
2026-02,aprovisionamiento_gnl,Guinea Ecuatorial,mes,,GWh,,boletin,9,2026-08-06
2026-02,aprovisionamiento_gnl,Guinea Ecuatorial,tam,2215.0,GWh,,boletin,9,2026-08-06
2026-02,aprovisionamiento_gnl,Jamaica,acumulado_anual,,GWh,,boletin,9,2026-08-06
2026-02,aprovisionamiento_gnl,Jamaica,mes,,GWh,,boletin,9,2026-08-06
2026-02,aprovisionamiento_gnl,Jamaica,tam,168.0,GWh,,boletin,9,2026-08-06
2026-02,aprovisionamiento_gnl,Mauritania,acumulado_anual,30.0,GWh,,boletin,9,2026-08-06
2026-02,aprovisionamiento_gnl,Mauritania,mes,30.0,GWh,,boletin,9,2026-08-06
2026-02,aprovisionamiento_gnl,Mauritania,tam,30.0,GWh,,boletin,9,2026-08-06
2026-02,aprovisionamiento_gnl,Nigeria,acumulado_anual,4762.0,GWh,,boletin,9,2026-08-06
2026-02,aprovisionamiento_gnl,Nigeria,mes,3841.0,GWh,,boletin,9,2026-08-06
2026-02,aprovisionamiento_gnl,Nigeria,tam,26634.0,GWh,,boletin,9,2026-08-06
2026-02,aprovisionamiento_gnl,Noruega,acumulado_anual,,GWh,,boletin,9,2026-08-06
2026-02,aprovisionamiento_gnl,Noruega,mes,,GWh,,boletin,9,2026-08-06
2026-02,aprovisionamiento_gnl,Noruega,tam,2144.0,GWh,,boletin,9,2026-08-06
2026-02,aprovisionamiento_gnl,Perú,acumulado_anual,,GWh,,boletin,9,2026-08-06
2026-02,aprovisionamiento_gnl,Perú,mes,,GWh,,boletin,9,2026-08-06
2026-02,aprovisionamiento_gnl,Perú,tam,5510.0,GWh,,boletin,9,2026-08-06
2026-02,aprovisionamiento_gnl,Qatar,acumulado_anual,,GWh,,boletin,9,2026-08-06
2026-02,aprovisionamiento_gnl,Qatar,mes,,GWh,,boletin,9,2026-08-06
2026-02,aprovisionamiento_gnl,Qatar,tam,4752.0,GWh,,boletin,9,2026-08-06
2026-02,aprovisionamiento_gnl,Rusia,acumulado_anual,8957.0,GWh,,boletin,9,2026-08-06
2026-02,aprovisionamiento_gnl,Rusia,mes,4582.0,GWh,,boletin,9,2026-08-06
2026-02,aprovisionamiento_gnl,Rusia,tam,42931.0,GWh,,boletin,9,2026-08-06
2026-02,aprovisionamiento_gnl,Trinidad y Tobago,acumulado_anual,,GWh,,boletin,9,2026-08-06
2026-02,aprovisionamiento_gnl,Trinidad y Tobago,mes,,GWh,,boletin,9,2026-08-06
2026-02,aprovisionamiento_gnl,Trinidad y Tobago,tam,2673.0,GWh,,boletin,9,2026-08-06
2026-02,biometano_distribucion,,acumulado_anual,49.8,GWh,,boletin,13,2026-08-06
2026-02,biometano_distribucion,,mes,26.5,GWh,,boletin,13,2026-08-06
2026-02,biometano_distribucion,,tam,263.6,GWh,10.5,boletin,13,2026-08-06
2026-02,biometano_transporte,,acumulado_anual,32.6,GWh,6.6,boletin,13,2026-08-06
2026-02,biometano_transporte,,mes,17.6,GWh,11.4,boletin,13,2026-08-06
2026-02,biometano_transporte,,tam,191.7,GWh,1.1,boletin,13,2026-08-06
2026-02,cargas_buques,,acumulado_anual,2480.0,GWh,,boletin,3,2026-08-06
2026-02,cargas_buques,,mes,477.0,GWh,-26.7,boletin,3,2026-08-06
2026-02,cargas_buques,,tam,13135.0,GWh,11.7,boletin,3,2026-08-06
2026-02,conexion_internacional_saldo,Almería,acumulado_anual,19243.0,GWh,-0.3,boletin,11,2026-08-06
2026-02,conexion_internacional_saldo,Almería,mes,9151.0,GWh,-0.4,boletin,11,2026-08-06
2026-02,conexion_internacional_saldo,Almería,tam,107114.0,GWh,-0.1,boletin,11,2026-08-06
2026-02,conexion_internacional_saldo,Biometano,acumulado_anual,82.0,GWh,49.2,boletin,11,2026-08-06
2026-02,conexion_internacional_saldo,Biometano,mes,44.0,GWh,57.9,boletin,11,2026-08-06
2026-02,conexion_internacional_saldo,Biometano,tam,455.0,GWh,6.3,boletin,11,2026-08-06
2026-02,conexion_internacional_saldo,Tarifa,acumulado_anual,-1394.0,GWh,1.6,boletin,11,2026-08-06
2026-02,conexion_internacional_saldo,Tarifa,mes,-572.0,GWh,-18.3,boletin,11,2026-08-06
2026-02,conexion_internacional_saldo,Tarifa,tam,-10397.0,GWh,0.2,boletin,11,2026-08-06
2026-02,conexion_internacional_saldo,VIP Ibérico,acumulado_anual,-1495.0,GWh,,boletin,11,2026-08-06
2026-02,conexion_internacional_saldo,VIP Ibérico,mes,-866.0,GWh,,boletin,11,2026-08-06
2026-02,conexion_internacional_saldo,VIP Ibérico,tam,-88.0,GWh,,boletin,11,2026-08-06
2026-02,conexion_internacional_saldo,VIP Pirineos,acumulado_anual,1138.0,GWh,,boletin,11,2026-08-06
2026-02,conexion_internacional_saldo,VIP Pirineos,mes,-1218.0,GWh,-45.1,boletin,11,2026-08-06
2026-02,conexion_internacional_saldo,VIP Pirineos,tam,346.0,GWh,,boletin,11,2026-08-06
2026-02,conexion_internacional_saldo,Yacimiento Nacionales,acumulado_anual,67.0,GWh,-63.8,boletin,11,2026-08-06
2026-02,conexion_internacional_saldo,Yacimiento Nacionales,mes,20.0,GWh,-72.6,boletin,11,2026-08-06
2026-02,conexion_internacional_saldo,Yacimiento Nacionales,tam,265.0,GWh,-30.8,boletin,11,2026-08-06
2026-02,correccion_laboralidad,,acumulado_anual,-1.1,%,,boletin,5,2026-08-06
2026-02,correccion_laboralidad,,mes,0.0,%,,boletin,5,2026-08-06
2026-02,correccion_laboralidad,,tam,-0.2,%,,boletin,5,2026-08-06
2026-02,correccion_temperatura,,acumulado_anual,2.6,%,,boletin,5,2026-08-06
2026-02,correccion_temperatura,,mes,-0.2,%,,boletin,5,2026-08-06
2026-02,correccion_temperatura,,tam,0.5,%,,boletin,5,2026-08-06
2026-02,delta_temperatura,,mes,1.06,ºC,,boletin,5,2026-08-06
2026-02,demanda_ccaa_cisternas,Andalucía,mes,159.0,GWh,-2.0,boletin,7,2026-08-06
2026-02,demanda_ccaa_cisternas,Aragón,mes,41.0,GWh,-6.7,boletin,7,2026-08-06
2026-02,demanda_ccaa_cisternas,Asturias,mes,28.0,GWh,-1.2,boletin,7,2026-08-06
2026-02,demanda_ccaa_cisternas,Baleares,mes,4.0,GWh,-34.7,boletin,7,2026-08-06
2026-02,demanda_ccaa_cisternas,Cantabria,mes,27.0,GWh,2.3,boletin,7,2026-08-06
2026-02,demanda_ccaa_cisternas,Castilla y León,mes,51.0,GWh,-14.9,boletin,7,2026-08-06
2026-02,demanda_ccaa_cisternas,Castilla-La Mancha,mes,60.0,GWh,-5.6,boletin,7,2026-08-06
2026-02,demanda_ccaa_cisternas,Cataluña,mes,82.0,GWh,-27.1,boletin,7,2026-08-06
2026-02,demanda_ccaa_cisternas,Comunidad Valenciana,mes,67.0,GWh,-18.1,boletin,7,2026-08-06
2026-02,demanda_ccaa_cisternas,Extremadura,mes,35.0,GWh,15.5,boletin,7,2026-08-06
2026-02,demanda_ccaa_cisternas,Galicia,mes,64.0,GWh,2.0,boletin,7,2026-08-06
2026-02,demanda_ccaa_cisternas,La Rioja,mes,5.0,GWh,100.9,boletin,7,2026-08-06
2026-02,demanda_ccaa_cisternas,Madrid,mes,317.0,GWh,40.9,boletin,7,2026-08-06
2026-02,demanda_ccaa_cisternas,Murcia,mes,55.0,GWh,12.6,boletin,7,2026-08-06
2026-02,demanda_ccaa_cisternas,Navarra,mes,9.0,GWh,-59.8,boletin,7,2026-08-06
2026-02,demanda_ccaa_cisternas,País Vasco,mes,27.0,GWh,-17.2,boletin,7,2026-08-06
2026-02,demanda_ccaa_convencional,Andalucía,mes,2124.0,GWh,-5.3,boletin,7,2026-08-06
2026-02,demanda_ccaa_convencional,Aragón,mes,979.0,GWh,-23.1,boletin,7,2026-08-06
2026-02,demanda_ccaa_convencional,Asturias,mes,484.0,GWh,-5.8,boletin,7,2026-08-06
2026-02,demanda_ccaa_convencional,Baleares,mes,92.0,GWh,-19.7,boletin,7,2026-08-06
2026-02,demanda_ccaa_convencional,Cantabria,mes,250.0,GWh,9.7,boletin,7,2026-08-06
2026-02,demanda_ccaa_convencional,Castilla y León,mes,1585.0,GWh,-17.5,boletin,7,2026-08-06
2026-02,demanda_ccaa_convencional,Castilla-La Mancha,mes,977.0,GWh,3.2,boletin,7,2026-08-06
2026-02,demanda_ccaa_convencional,Cataluña,mes,3904.0,GWh,-6.7,boletin,7,2026-08-06
2026-02,demanda_ccaa_convencional,Comunidad Valenciana,mes,2103.0,GWh,-5.1,boletin,7,2026-08-06
2026-02,demanda_ccaa_convencional,Extremadura,mes,199.0,GWh,2.3,boletin,7,2026-08-06
2026-02,demanda_ccaa_convencional,Galicia,mes,910.0,GWh,5.9,boletin,7,2026-08-06
2026-02,demanda_ccaa_convencional,La Rioja,mes,261.0,GWh,-2.7,boletin,7,2026-08-06
2026-02,demanda_ccaa_convencional,Madrid,mes,3027.0,GWh,2.5,boletin,7,2026-08-06
2026-02,demanda_ccaa_convencional,Murcia,mes,1066.0,GWh,21.6,boletin,7,2026-08-06
2026-02,demanda_ccaa_convencional,Navarra,mes,531.0,GWh,-5.0,boletin,7,2026-08-06
2026-02,demanda_ccaa_convencional,País Vasco,mes,1537.0,GWh,-8.3,boletin,7,2026-08-06
2026-02,demanda_ccaa_sector_electrico,Andalucía,mes,1685.0,GWh,32.7,boletin,7,2026-08-06
2026-02,demanda_ccaa_sector_electrico,Aragón,mes,297.0,GWh,-31.4,boletin,7,2026-08-06
2026-02,demanda_ccaa_sector_electrico,Asturias,mes,553.0,GWh,29.0,boletin,7,2026-08-06
2026-02,demanda_ccaa_sector_electrico,Baleares,mes,575.0,GWh,16.4,boletin,7,2026-08-06
2026-02,demanda_ccaa_sector_electrico,Cantabria,mes,0.0,GWh,,boletin,7,2026-08-06
2026-02,demanda_ccaa_sector_electrico,Castilla y León,mes,0.0,GWh,,boletin,7,2026-08-06
2026-02,demanda_ccaa_sector_electrico,Castilla-La Mancha,mes,338.0,GWh,5.6,boletin,7,2026-08-06
2026-02,demanda_ccaa_sector_electrico,Cataluña,mes,654.0,GWh,-28.1,boletin,7,2026-08-06
2026-02,demanda_ccaa_sector_electrico,Comunidad Valenciana,mes,399.0,GWh,-36.2,boletin,7,2026-08-06
2026-02,demanda_ccaa_sector_electrico,Extremadura,mes,0.0,GWh,,boletin,7,2026-08-06
2026-02,demanda_ccaa_sector_electrico,Galicia,mes,295.0,GWh,10.2,boletin,7,2026-08-06
2026-02,demanda_ccaa_sector_electrico,La Rioja,mes,113.0,GWh,-64.4,boletin,7,2026-08-06
2026-02,demanda_ccaa_sector_electrico,Madrid,mes,0.0,GWh,,boletin,7,2026-08-06
2026-02,demanda_ccaa_sector_electrico,Murcia,mes,935.0,GWh,47.2,boletin,7,2026-08-06
2026-02,demanda_ccaa_sector_electrico,Navarra,mes,205.0,GWh,-16.8,boletin,7,2026-08-06
2026-02,demanda_ccaa_sector_electrico,País Vasco,mes,445.0,GWh,-25.7,boletin,7,2026-08-06
2026-02,demanda_cisternas,,acumulado_anual,2200.0,GWh,2.1,progreso,3,2026-08-06
2026-02,demanda_cisternas,,mes,1100.0,GWh,2.6,progreso,3,2026-08-06
2026-02,demanda_cisternas,,tam,12500.0,GWh,0.4,progreso,3,2026-08-06
2026-02,demanda_convencional,,acumulado_anual,48226.0,GWh,0.6,boletin,3,2026-08-06
2026-02,demanda_convencional,,mes,21088.0,GWh,-4.5,boletin,3,2026-08-06
2026-02,demanda_convencional,,tam,232067.0,GWh,0.1,boletin,3,2026-08-06
2026-02,demanda_convencional_corregida,,acumulado_anual,-0.9,%,,boletin,5,2026-08-06
2026-02,demanda_convencional_corregida,,mes,-4.3,%,,boletin,5,2026-08-06
2026-02,demanda_convencional_corregida,,tam,-0.2,%,,boletin,5,2026-08-06
2026-02,demanda_dc_pymes,,acumulado_anual,17700.0,GWh,7.6,progreso,3,2026-08-06
2026-02,demanda_dc_pymes,,mes,7000.0,GWh,-0.6,progreso,3,2026-08-06
2026-02,demanda_dc_pymes,,tam,52900.0,GWh,2.4,progreso,3,2026-08-06
2026-02,demanda_industrial,,acumulado_anual,28300.0,GWh,-3.4,progreso,3,2026-08-06
2026-02,demanda_industrial,,mes,13000.0,GWh,-7.0,progreso,3,2026-08-06
2026-02,demanda_industrial,,tam,166700.0,GWh,-0.6,progreso,3,2026-08-06
2026-02,demanda_internacional,,acumulado_anual,7568.0,GWh,6.7,boletin,3,2026-08-06
2026-02,demanda_internacional,,mes,3714.0,GWh,-10.2,boletin,3,2026-08-06
2026-02,demanda_internacional,,tam,40961.0,GWh,1.2,boletin,3,2026-08-06
2026-02,demanda_nacional,,acumulado_anual,63753.0,GWh,3.8,boletin,3,2026-08-06
2026-02,demanda_nacional,,mes,27582.0,GWh,-3.7,boletin,3,2026-08-06
2026-02,demanda_nacional,,tam,333775.0,GWh,0.7,boletin,3,2026-08-06
2026-02,demanda_sector_electrico,,acumulado_anual,15528.0,GWh,15.0,boletin,3,2026-08-06
2026-02,demanda_sector_electrico,,mes,6493.0,GWh,-0.8,boletin,3,2026-08-06
2026-02,demanda_sector_electrico,,tam,101708.0,GWh,2.0,boletin,3,2026-08-06
2026-02,destino_cargas_pct,Bunkering,acumulado_anual,39.9,%,,boletin,18,2026-08-06
2026-02,destino_cargas_pct,Bunkering,mes,78.5,%,,boletin,18,2026-08-06
2026-02,destino_cargas_pct,EU,acumulado_anual,21.8,%,,boletin,18,2026-08-06
2026-02,destino_cargas_pct,EU,mes,4.4,%,,boletin,18,2026-08-06
2026-02,destino_cargas_pct,non EU,acumulado_anual,38.3,%,,boletin,18,2026-08-06
2026-02,destino_cargas_pct,non EU,mes,17.1,%,,boletin,18,2026-08-06
2026-02,generacion_electrica,Carbón,mes,0.0,GWh,-100.1,boletin,6,2026-08-06
2026-02,generacion_electrica,Cogeneración,mes,600.0,GWh,-56.6,boletin,6,2026-08-06
2026-02,generacion_electrica,Eólica,mes,6200.0,GWh,70.8,boletin,6,2026-08-06
2026-02,generacion_electrica,Gas natural,mes,2400.0,GWh,-5.9,boletin,6,2026-08-06
2026-02,generacion_electrica,Hidráulica,mes,4900.0,GWh,9.0,boletin,6,2026-08-06
2026-02,generacion_electrica,Nuclear,mes,4000.0,GWh,-14.9,boletin,6,2026-08-06
2026-02,generacion_electrica,Resto renovables,mes,300.0,GWh,-34.1,boletin,6,2026-08-06
2026-02,generacion_electrica,Solar,mes,2600.0,GWh,-22.7,boletin,6,2026-08-06
2026-02,pct_total_gn,,mes,31.2,%,,boletin,9,2026-08-06
2026-02,pct_total_gnl,,mes,68.8,%,,boletin,9,2026-08-06
2026-02,planta_carga_cisternas,BARCELONA,mes,203.0,GWh,3.6,boletin,17,2026-08-06
2026-02,planta_carga_cisternas,BILBAO,mes,111.0,GWh,0.9,boletin,17,2026-08-06
2026-02,planta_carga_cisternas,CARTAGENA,mes,209.0,GWh,3.0,boletin,17,2026-08-06
2026-02,planta_carga_cisternas,HUELVA,mes,191.0,GWh,1.3,boletin,17,2026-08-06
2026-02,planta_carga_cisternas,MUGARDOS,mes,91.0,GWh,13.5,boletin,17,2026-08-06
2026-02,planta_carga_cisternas,MUSEL,mes,67.0,GWh,-1.9,boletin,17,2026-08-06
2026-02,planta_carga_cisternas,SAGUNTO,mes,186.0,GWh,0.3,boletin,17,2026-08-06
2026-02,planta_cargas_buques,BARCELONA,mes,98.0,GWh,-56.4,boletin,17,2026-08-06
2026-02,planta_cargas_buques,BILBAO,mes,0.0,GWh,,boletin,17,2026-08-06
2026-02,planta_cargas_buques,CARTAGENA,mes,174.0,GWh,68.7,boletin,17,2026-08-06
2026-02,planta_cargas_buques,HUELVA,mes,205.0,GWh,-4.9,boletin,17,2026-08-06
2026-02,planta_cargas_buques,MUGARDOS,mes,0.0,GWh,-100.0,boletin,17,2026-08-06
2026-02,planta_cargas_buques,MUSEL,mes,0.0,GWh,,boletin,17,2026-08-06
2026-02,planta_cargas_buques,SAGUNTO,mes,0.0,GWh,-100.0,boletin,17,2026-08-06
2026-02,planta_descargas_buques,BARCELONA,mes,2106.0,GWh,41.3,boletin,17,2026-08-06
2026-02,planta_descargas_buques,BILBAO,mes,5469.0,GWh,-5.8,boletin,17,2026-08-06
2026-02,planta_descargas_buques,CARTAGENA,mes,1898.0,GWh,-6.9,boletin,17,2026-08-06
2026-02,planta_descargas_buques,HUELVA,mes,5282.0,GWh,63.4,boletin,17,2026-08-06
2026-02,planta_descargas_buques,MUGARDOS,mes,2827.0,GWh,,boletin,17,2026-08-06
2026-02,planta_descargas_buques,MUSEL,mes,0.0,GWh,,boletin,17,2026-08-06
2026-02,planta_descargas_buques,SAGUNTO,mes,3184.0,GWh,,boletin,17,2026-08-06
2026-02,planta_n_buques_descargados,BARCELONA,mes,2.0,nº,-50.0,boletin,17,2026-08-06
2026-02,planta_n_buques_descargados,BILBAO,mes,6.0,nº,0.0,boletin,17,2026-08-06
2026-02,planta_n_buques_descargados,CARTAGENA,mes,3.0,nº,50.0,boletin,17,2026-08-06
2026-02,planta_n_buques_descargados,HUELVA,mes,6.0,nº,100.0,boletin,17,2026-08-06
2026-02,planta_n_buques_descargados,MUGARDOS,mes,3.0,nº,,boletin,17,2026-08-06
2026-02,planta_n_buques_descargados,MUSEL,mes,0.0,nº,,boletin,17,2026-08-06
2026-02,planta_n_buques_descargados,SAGUNTO,mes,4.0,nº,33.3,boletin,17,2026-08-06
2026-02,salidas_conexiones_internacionales,,acumulado_anual,5088.0,GWh,-15.1,boletin,3,2026-08-06
2026-02,salidas_conexiones_internacionales,,mes,3237.0,GWh,-7.1,boletin,3,2026-08-06
2026-02,salidas_conexiones_internacionales,,tam,27825.0,GWh,-3.2,boletin,3,2026-08-06
2026-02,total_salidas,,acumulado_anual,71321.0,GWh,4.1,boletin,3,2026-08-06
2026-02,total_salidas,,mes,31295.0,GWh,-4.5,boletin,3,2026-08-06
2026-02,total_salidas,,tam,374736.0,GWh,0.7,boletin,3,2026-08-06
2026-02,tvb_capacidad_regasificacion_contratada,,mes,19126.0,GWh/mes,,boletin,15,2026-08-06
2026-02,tvb_capacidad_regasificacion_disponible,,mes,35334.0,GWh/mes,,boletin,15,2026-08-06
2026-02,tvb_capacidad_regasificacion_total,,mes,54460.0,GWh/mes,,boletin,15,2026-08-06
2026-02,tvb_regasificacion_comercial,,mes,18506.0,GWh,,boletin,15,2026-08-06
2026-03,aprovisionamiento_gn,Argelia,acumulado_anual,29505.0,GWh,,boletin,9,2026-08-06
2026-03,aprovisionamiento_gn,Argelia,mes,10262.0,GWh,,boletin,9,2026-08-06
2026-03,aprovisionamiento_gn,Argelia,tam,107867.0,GWh,,boletin,9,2026-08-06
2026-03,aprovisionamiento_gn,Francia,acumulado_anual,2840.0,GWh,,boletin,9,2026-08-06
2026-03,aprovisionamiento_gn,Francia,mes,189.0,GWh,,boletin,9,2026-08-06
2026-03,aprovisionamiento_gn,Francia,tam,11580.0,GWh,,boletin,9,2026-08-06
2026-03,aprovisionamiento_gn,Portugal,acumulado_anual,719.0,GWh,,boletin,9,2026-08-06
2026-03,aprovisionamiento_gn,Portugal,mes,32.0,GWh,,boletin,9,2026-08-06
2026-03,aprovisionamiento_gn,Portugal,tam,5559.0,GWh,,boletin,9,2026-08-06
2026-03,aprovisionamiento_gnl,Angola,acumulado_anual,2045.0,GWh,,boletin,9,2026-08-06
2026-03,aprovisionamiento_gnl,Angola,mes,0.0,GWh,,boletin,9,2026-08-06
2026-03,aprovisionamiento_gnl,Angola,tam,17588.0,GWh,,boletin,9,2026-08-06
2026-03,aprovisionamiento_gnl,Argelia,acumulado_anual,1111.0,GWh,,boletin,9,2026-08-06
2026-03,aprovisionamiento_gnl,Argelia,mes,1111.0,GWh,,boletin,9,2026-08-06
2026-03,aprovisionamiento_gnl,Argelia,tam,19734.0,GWh,,boletin,9,2026-08-06
2026-03,aprovisionamiento_gnl,Camerún,acumulado_anual,75.0,GWh,,boletin,9,2026-08-06
2026-03,aprovisionamiento_gnl,Camerún,mes,75.0,GWh,,boletin,9,2026-08-06
2026-03,aprovisionamiento_gnl,Camerún,tam,75.0,GWh,,boletin,9,2026-08-06
2026-03,aprovisionamiento_gnl,Congo,acumulado_anual,1927.0,GWh,,boletin,9,2026-08-06
2026-03,aprovisionamiento_gnl,Congo,mes,521.0,GWh,,boletin,9,2026-08-06
2026-03,aprovisionamiento_gnl,Congo,tam,3530.0,GWh,,boletin,9,2026-08-06
2026-03,aprovisionamiento_gnl,Egipto,acumulado_anual,,GWh,,boletin,9,2026-08-06
2026-03,aprovisionamiento_gnl,Egipto,mes,,GWh,,boletin,9,2026-08-06
2026-03,aprovisionamiento_gnl,Egipto,tam,1034.0,GWh,,boletin,9,2026-08-06
2026-03,aprovisionamiento_gnl,Estados Unidos,acumulado_anual,37809.0,GWh,,boletin,9,2026-08-06
2026-03,aprovisionamiento_gnl,Estados Unidos,mes,11938.0,GWh,,boletin,9,2026-08-06
2026-03,aprovisionamiento_gnl,Estados Unidos,tam,117999.0,GWh,,boletin,9,2026-08-06
2026-03,aprovisionamiento_gnl,Guinea Ecuatorial,acumulado_anual,,GWh,,boletin,9,2026-08-06
2026-03,aprovisionamiento_gnl,Guinea Ecuatorial,mes,,GWh,,boletin,9,2026-08-06
2026-03,aprovisionamiento_gnl,Guinea Ecuatorial,tam,2215.0,GWh,,boletin,9,2026-08-06
2026-03,aprovisionamiento_gnl,Jamaica,acumulado_anual,,GWh,,boletin,9,2026-08-06
2026-03,aprovisionamiento_gnl,Jamaica,mes,,GWh,,boletin,9,2026-08-06
2026-03,aprovisionamiento_gnl,Jamaica,tam,168.0,GWh,,boletin,9,2026-08-06
2026-03,aprovisionamiento_gnl,Mauritania,acumulado_anual,679.0,GWh,,boletin,9,2026-08-06
2026-03,aprovisionamiento_gnl,Mauritania,mes,649.0,GWh,,boletin,9,2026-08-06
2026-03,aprovisionamiento_gnl,Mauritania,tam,679.0,GWh,,boletin,9,2026-08-06
2026-03,aprovisionamiento_gnl,Nigeria,acumulado_anual,7733.0,GWh,,boletin,9,2026-08-06
2026-03,aprovisionamiento_gnl,Nigeria,mes,2971.0,GWh,,boletin,9,2026-08-06
2026-03,aprovisionamiento_gnl,Nigeria,tam,27602.0,GWh,,boletin,9,2026-08-06
2026-03,aprovisionamiento_gnl,Noruega,acumulado_anual,,GWh,,boletin,9,2026-08-06
2026-03,aprovisionamiento_gnl,Noruega,mes,,GWh,,boletin,9,2026-08-06
2026-03,aprovisionamiento_gnl,Noruega,tam,1486.0,GWh,,boletin,9,2026-08-06
2026-03,aprovisionamiento_gnl,Perú,acumulado_anual,,GWh,,boletin,9,2026-08-06
2026-03,aprovisionamiento_gnl,Perú,mes,,GWh,,boletin,9,2026-08-06
2026-03,aprovisionamiento_gnl,Perú,tam,5510.0,GWh,,boletin,9,2026-08-06
2026-03,aprovisionamiento_gnl,Qatar,acumulado_anual,,GWh,,boletin,9,2026-08-06
2026-03,aprovisionamiento_gnl,Qatar,mes,,GWh,,boletin,9,2026-08-06
2026-03,aprovisionamiento_gnl,Qatar,tam,3100.0,GWh,,boletin,9,2026-08-06
2026-03,aprovisionamiento_gnl,Rusia,acumulado_anual,18763.0,GWh,,boletin,9,2026-08-06
2026-03,aprovisionamiento_gnl,Rusia,mes,9807.0,GWh,,boletin,9,2026-08-06
2026-03,aprovisionamiento_gnl,Rusia,tam,48345.0,GWh,,boletin,9,2026-08-06
2026-03,aprovisionamiento_gnl,Trinidad y Tobago,acumulado_anual,,GWh,,boletin,9,2026-08-06
2026-03,aprovisionamiento_gnl,Trinidad y Tobago,mes,,GWh,,boletin,9,2026-08-06
2026-03,aprovisionamiento_gnl,Trinidad y Tobago,tam,2673.0,GWh,,boletin,9,2026-08-06
2026-03,biometano_distribucion,,acumulado_anual,79.1,GWh,,boletin,13,2026-08-06
2026-03,biometano_distribucion,,mes,29.3,GWh,,boletin,13,2026-08-06
2026-03,biometano_distribucion,,tam,278.7,GWh,16.9,boletin,13,2026-08-06
2026-03,biometano_transporte,,acumulado_anual,52.4,GWh,11.2,boletin,13,2026-08-06
2026-03,biometano_transporte,,mes,19.7,GWh,19.6,boletin,13,2026-08-06
2026-03,biometano_transporte,,tam,194.9,GWh,2.8,boletin,13,2026-08-06
2026-03,cargas_buques,,acumulado_anual,3324.0,GWh,,boletin,3,2026-08-06
2026-03,cargas_buques,,mes,844.0,GWh,56.3,boletin,3,2026-08-06
2026-03,cargas_buques,,tam,13440.0,GWh,14.3,boletin,3,2026-08-06
2026-03,conexion_internacional_saldo,Almería,acumulado_anual,29505.0,GWh,2.4,boletin,11,2026-08-06
2026-03,conexion_internacional_saldo,Almería,mes,10262.0,GWh,7.9,boletin,11,2026-08-06
2026-03,conexion_internacional_saldo,Almería,tam,107867.0,GWh,0.6,boletin,11,2026-08-06
2026-03,conexion_internacional_saldo,Tarifa,acumulado_anual,-1978.0,GWh,-15.0,boletin,11,2026-08-06
2026-03,conexion_internacional_saldo,Tarifa,mes,-584.0,GWh,-38.9,boletin,11,2026-08-06
2026-03,conexion_internacional_saldo,Tarifa,tam,-10025.0,GWh,-3.4,boletin,11,2026-08-06
2026-03,conexion_internacional_saldo,VIP Ibérico,acumulado_anual,-1630.0,GWh,,boletin,11,2026-08-06
2026-03,conexion_internacional_saldo,VIP Ibérico,mes,-135.0,GWh,,boletin,11,2026-08-06
2026-03,conexion_internacional_saldo,VIP Ibérico,tam,387.0,GWh,,boletin,11,2026-08-06
2026-03,conexion_internacional_saldo,VIP Pirineos,acumulado_anual,-757.0,GWh,,boletin,11,2026-08-06
2026-03,conexion_internacional_saldo,VIP Pirineos,mes,-1895.0,GWh,262.6,boletin,11,2026-08-06
2026-03,conexion_internacional_saldo,VIP Pirineos,tam,-1026.0,GWh,,boletin,11,2026-08-06
2026-03,correccion_laboralidad,,acumulado_anual,0.0,%,,boletin,5,2026-08-06
2026-03,correccion_laboralidad,,mes,2.0,%,,boletin,5,2026-08-06
2026-03,correccion_laboralidad,,tam,0.0,%,,boletin,5,2026-08-06
2026-03,correccion_temperatura,,acumulado_anual,-0.2,%,,boletin,5,2026-08-06
2026-03,correccion_temperatura,,mes,-6.0,%,,boletin,5,2026-08-06
2026-03,correccion_temperatura,,tam,-0.1,%,,boletin,5,2026-08-06
2026-03,delta_temperatura,,mes,0.8,ºC,,boletin,5,2026-08-06
2026-03,demanda_ccaa_cisternas,Andalucía,mes,170.0,GWh,-3.4,boletin,7,2026-08-06
2026-03,demanda_ccaa_cisternas,Aragón,mes,41.0,GWh,0.7,boletin,7,2026-08-06
2026-03,demanda_ccaa_cisternas,Asturias,mes,11.0,GWh,-66.8,boletin,7,2026-08-06
2026-03,demanda_ccaa_cisternas,Baleares,mes,6.0,GWh,7.5,boletin,7,2026-08-06
2026-03,demanda_ccaa_cisternas,Cantabria,mes,28.0,GWh,10.3,boletin,7,2026-08-06
2026-03,demanda_ccaa_cisternas,Castilla y León,mes,53.0,GWh,-11.5,boletin,7,2026-08-06
2026-03,demanda_ccaa_cisternas,Castilla-La Mancha,mes,67.0,GWh,3.1,boletin,7,2026-08-06
2026-03,demanda_ccaa_cisternas,Cataluña,mes,101.0,GWh,-4.2,boletin,7,2026-08-06
2026-03,demanda_ccaa_cisternas,Comunidad Valenciana,mes,63.0,GWh,-15.6,boletin,7,2026-08-06
2026-03,demanda_ccaa_cisternas,Extremadura,mes,29.0,GWh,-4.6,boletin,7,2026-08-06
2026-03,demanda_ccaa_cisternas,Galicia,mes,59.0,GWh,-3.0,boletin,7,2026-08-06
2026-03,demanda_ccaa_cisternas,La Rioja,mes,10.0,GWh,121.8,boletin,7,2026-08-06
2026-03,demanda_ccaa_cisternas,Madrid,mes,340.0,GWh,21.5,boletin,7,2026-08-06
2026-03,demanda_ccaa_cisternas,Murcia,mes,66.0,GWh,17.7,boletin,7,2026-08-06
2026-03,demanda_ccaa_cisternas,Navarra,mes,12.0,GWh,-15.0,boletin,7,2026-08-06
2026-03,demanda_ccaa_cisternas,País Vasco,mes,35.0,GWh,-7.9,boletin,7,2026-08-06
2026-03,demanda_ccaa_convencional,Andalucía,mes,2073.0,GWh,-18.7,boletin,7,2026-08-06
2026-03,demanda_ccaa_convencional,Aragón,mes,997.0,GWh,-17.0,boletin,7,2026-08-06
2026-03,demanda_ccaa_convencional,Asturias,mes,498.0,GWh,-9.9,boletin,7,2026-08-06
2026-03,demanda_ccaa_convencional,Baleares,mes,109.0,GWh,-23.0,boletin,7,2026-08-06
2026-03,demanda_ccaa_convencional,Cantabria,mes,245.0,GWh,-13.1,boletin,7,2026-08-06
2026-03,demanda_ccaa_convencional,Castilla y León,mes,1548.0,GWh,-16.1,boletin,7,2026-08-06
2026-03,demanda_ccaa_convencional,Castilla-La Mancha,mes,1074.0,GWh,3.7,boletin,7,2026-08-06
2026-03,demanda_ccaa_convencional,Cataluña,mes,3933.0,GWh,-4.5,boletin,7,2026-08-06
2026-03,demanda_ccaa_convencional,Comunidad Valenciana,mes,2268.0,GWh,-3.4,boletin,7,2026-08-06
2026-03,demanda_ccaa_convencional,Extremadura,mes,190.0,GWh,-5.3,boletin,7,2026-08-06
2026-03,demanda_ccaa_convencional,Galicia,mes,907.0,GWh,1.6,boletin,7,2026-08-06
2026-03,demanda_ccaa_convencional,La Rioja,mes,237.0,GWh,-14.6,boletin,7,2026-08-06
2026-03,demanda_ccaa_convencional,Madrid,mes,2564.0,GWh,-23.7,boletin,7,2026-08-06
2026-03,demanda_ccaa_convencional,Murcia,mes,1140.0,GWh,30.3,boletin,7,2026-08-06
2026-03,demanda_ccaa_convencional,Navarra,mes,487.0,GWh,-16.2,boletin,7,2026-08-06
2026-03,demanda_ccaa_convencional,País Vasco,mes,1513.0,GWh,-11.2,boletin,7,2026-08-06
2026-03,demanda_ccaa_sector_electrico,Andalucía,mes,1977.0,GWh,77.1,boletin,7,2026-08-06
2026-03,demanda_ccaa_sector_electrico,Aragón,mes,339.0,GWh,38.5,boletin,7,2026-08-06
2026-03,demanda_ccaa_sector_electrico,Asturias,mes,609.0,GWh,152.5,boletin,7,2026-08-06
2026-03,demanda_ccaa_sector_electrico,Baleares,mes,689.0,GWh,20.0,boletin,7,2026-08-06
2026-03,demanda_ccaa_sector_electrico,Cantabria,mes,0.0,GWh,,boletin,7,2026-08-06
2026-03,demanda_ccaa_sector_electrico,Castilla y León,mes,0.0,GWh,,boletin,7,2026-08-06
2026-03,demanda_ccaa_sector_electrico,Castilla-La Mancha,mes,529.0,GWh,87.1,boletin,7,2026-08-06
2026-03,demanda_ccaa_sector_electrico,Cataluña,mes,825.0,GWh,-9.4,boletin,7,2026-08-06
2026-03,demanda_ccaa_sector_electrico,Comunidad Valenciana,mes,441.0,GWh,3.0,boletin,7,2026-08-06
2026-03,demanda_ccaa_sector_electrico,Extremadura,mes,0.0,GWh,,boletin,7,2026-08-06
2026-03,demanda_ccaa_sector_electrico,Galicia,mes,440.0,GWh,-3.9,boletin,7,2026-08-06
2026-03,demanda_ccaa_sector_electrico,La Rioja,mes,191.0,GWh,-11.2,boletin,7,2026-08-06
2026-03,demanda_ccaa_sector_electrico,Madrid,mes,0.0,GWh,,boletin,7,2026-08-06
2026-03,demanda_ccaa_sector_electrico,Murcia,mes,1160.0,GWh,189.0,boletin,7,2026-08-06
2026-03,demanda_ccaa_sector_electrico,Navarra,mes,153.0,GWh,93.9,boletin,7,2026-08-06
2026-03,demanda_ccaa_sector_electrico,País Vasco,mes,501.0,GWh,25.9,boletin,7,2026-08-06
2026-03,demanda_cisternas,,acumulado_anual,3300.0,GWh,2.1,progreso,3,2026-08-06
2026-03,demanda_cisternas,,mes,1100.0,GWh,2.0,progreso,3,2026-08-06
2026-03,demanda_cisternas,,tam,12500.0,GWh,0.5,progreso,3,2026-08-06
2026-03,demanda_convencional,,acumulado_anual,69139.0,GWh,-2.6,boletin,3,2026-08-06
2026-03,demanda_convencional,,mes,20913.0,GWh,-9.3,boletin,3,2026-08-06
2026-03,demanda_convencional,,tam,229926.0,GWh,-0.8,boletin,3,2026-08-06
2026-03,demanda_convencional_corregida,,acumulado_anual,-2.4,%,,boletin,5,2026-08-06
2026-03,demanda_convencional_corregida,,mes,-5.3,%,,boletin,5,2026-08-06
2026-03,demanda_convencional_corregida,,tam,-0.7,%,,boletin,5,2026-08-06
2026-03,demanda_dc_pymes,,acumulado_anual,23700.0,GWh,-0.6,progreso,3,2026-08-06
2026-03,demanda_dc_pymes,,mes,6000.0,GWh,-18.6,progreso,3,2026-08-06
2026-03,demanda_dc_pymes,,tam,51500.0,GWh,-0.3,progreso,3,2026-08-06
2026-03,demanda_industrial,,acumulado_anual,42100.0,GWh,-4.1,progreso,3,2026-08-06
2026-03,demanda_industrial,,mes,13800.0,GWh,-5.4,progreso,3,2026-08-06
2026-03,demanda_industrial,,tam,165900.0,GWh,-1.1,progreso,3,2026-08-06
2026-03,demanda_internacional,,acumulado_anual,11248.0,GWh,7.2,boletin,3,2026-08-06
2026-03,demanda_internacional,,mes,3680.0,GWh,8.3,boletin,3,2026-08-06
2026-03,demanda_internacional,,tam,41242.0,GWh,1.9,boletin,3,2026-08-06
2026-03,demanda_nacional,,acumulado_anual,92518.0,GWh,3.0,boletin,3,2026-08-06
2026-03,demanda_nacional,,mes,28765.0,GWh,1.3,boletin,3,2026-08-06
2026-03,demanda_nacional,,tam,334138.0,GWh,0.8,boletin,3,2026-08-06
2026-03,demanda_sector_electrico,,acumulado_anual,23380.0,GWh,24.0,boletin,3,2026-08-06
2026-03,demanda_sector_electrico,,mes,7852.0,GWh,46.8,boletin,3,2026-08-06
2026-03,demanda_sector_electrico,,tam,104212.0,GWh,4.5,boletin,3,2026-08-06
2026-03,destino_cargas_pct,Bunkering,acumulado_anual,27.1,%,,boletin,18,2026-08-06
2026-03,destino_cargas_pct,Bunkering,mes,2.2,%,,boletin,18,2026-08-06
2026-03,destino_cargas_pct,EU,acumulado_anual,48.6,%,,boletin,18,2026-08-06
2026-03,destino_cargas_pct,EU,mes,67.2,%,,boletin,18,2026-08-06
2026-03,destino_cargas_pct,non EU,acumulado_anual,24.3,%,,boletin,18,2026-08-06
2026-03,destino_cargas_pct,non EU,mes,30.6,%,,boletin,18,2026-08-06
2026-03,generacion_electrica,Carbón,acumulado_anual,0.0,GWh,-93.6,boletin,6,2026-08-06
2026-03,generacion_electrica,Cogeneración,acumulado_anual,600.0,GWh,-45.9,boletin,6,2026-08-06
2026-03,generacion_electrica,Eólica,acumulado_anual,5000.0,GWh,-25.4,boletin,6,2026-08-06
2026-03,generacion_electrica,Gas natural,acumulado_anual,3000.0,GWh,49.9,boletin,6,2026-08-06
2026-03,generacion_electrica,Hidráulica,acumulado_anual,4900.0,GWh,7.3,boletin,6,2026-08-06
2026-03,generacion_electrica,Nuclear,acumulado_anual,3900.0,GWh,-19.7,boletin,6,2026-08-06
2026-03,generacion_electrica,Resto renovables,acumulado_anual,400.0,GWh,1.6,boletin,6,2026-08-06
2026-03,generacion_electrica,Solar,acumulado_anual,4500.0,GWh,39.9,boletin,6,2026-08-06
2026-03,pct_total_gn,,mes,28.1,%,,boletin,9,2026-08-06
2026-03,pct_total_gnl,,mes,71.9,%,,boletin,9,2026-08-06
2026-03,planta_carga_cisternas,BARCELONA,mes,233.0,GWh,10.7,boletin,17,2026-08-06
2026-03,planta_carga_cisternas,BILBAO,mes,121.0,GWh,-0.7,boletin,17,2026-08-06
2026-03,planta_carga_cisternas,CARTAGENA,mes,221.0,GWh,11.7,boletin,17,2026-08-06
2026-03,planta_carga_cisternas,HUELVA,mes,193.0,GWh,-8.6,boletin,17,2026-08-06
2026-03,planta_carga_cisternas,MUGARDOS,mes,87.0,GWh,9.2,boletin,17,2026-08-06
2026-03,planta_carga_cisternas,MUSEL,mes,76.0,GWh,2.5,boletin,17,2026-08-06
2026-03,planta_carga_cisternas,SAGUNTO,mes,187.0,GWh,-6.5,boletin,17,2026-08-06
2026-03,planta_cargas_buques,BARCELONA,mes,254.0,GWh,,boletin,17,2026-08-06
2026-03,planta_cargas_buques,BILBAO,mes,0.0,GWh,,boletin,17,2026-08-06
2026-03,planta_cargas_buques,CARTAGENA,mes,333.0,GWh,74.1,boletin,17,2026-08-06
2026-03,planta_cargas_buques,HUELVA,mes,202.0,GWh,-6.7,boletin,17,2026-08-06
2026-03,planta_cargas_buques,MUGARDOS,mes,0.0,GWh,-100.0,boletin,17,2026-08-06
2026-03,planta_cargas_buques,MUSEL,mes,0.0,GWh,,boletin,17,2026-08-06
2026-03,planta_cargas_buques,SAGUNTO,mes,56.0,GWh,,boletin,17,2026-08-06
2026-03,planta_descargas_buques,BARCELONA,mes,5276.0,GWh,14.3,boletin,17,2026-08-06
2026-03,planta_descargas_buques,BILBAO,mes,7602.0,GWh,21.6,boletin,17,2026-08-06
2026-03,planta_descargas_buques,CARTAGENA,mes,4827.0,GWh,-6.8,boletin,17,2026-08-06
2026-03,planta_descargas_buques,HUELVA,mes,1252.0,GWh,9.8,boletin,17,2026-08-06
2026-03,planta_descargas_buques,MUGARDOS,mes,2197.0,GWh,-30.5,boletin,17,2026-08-06
2026-03,planta_descargas_buques,MUSEL,mes,0.0,GWh,,boletin,17,2026-08-06
2026-03,planta_descargas_buques,SAGUNTO,mes,5020.0,GWh,3.0,boletin,17,2026-08-06
2026-03,planta_n_buques_descargados,BARCELONA,mes,6.0,nº,20.0,boletin,17,2026-08-06
2026-03,planta_n_buques_descargados,BILBAO,mes,7.0,nº,16.7,boletin,17,2026-08-06
2026-03,planta_n_buques_descargados,CARTAGENA,mes,6.0,nº,20.0,boletin,17,2026-08-06
2026-03,planta_n_buques_descargados,HUELVA,mes,1.0,nº,0.0,boletin,17,2026-08-06
2026-03,planta_n_buques_descargados,MUGARDOS,mes,2.0,nº,-33.3,boletin,17,2026-08-06
2026-03,planta_n_buques_descargados,MUSEL,mes,0.0,nº,,boletin,17,2026-08-06
2026-03,planta_n_buques_descargados,SAGUNTO,mes,6.0,nº,-14.3,boletin,17,2026-08-06
2026-03,salidas_conexiones_internacionales,,acumulado_anual,7924.0,GWh,-10.5,boletin,3,2026-08-06
2026-03,salidas_conexiones_internacionales,,mes,2836.0,GWh,-0.8,boletin,3,2026-08-06
2026-03,salidas_conexiones_internacionales,,tam,27803.0,GWh,-3.2,boletin,3,2026-08-06
2026-03,total_salidas,,acumulado_anual,103766.0,GWh,3.4,boletin,3,2026-08-06
2026-03,total_salidas,,mes,32445.0,GWh,2.0,boletin,3,2026-08-06
2026-03,total_salidas,,tam,375380.0,GWh,0.9,boletin,3,2026-08-06
2026-03,tvb_capacidad_regasificacion_contratada,,mes,21338.0,GWh/mes,,boletin,15,2026-08-06
2026-03,tvb_capacidad_regasificacion_disponible,,mes,38957.0,GWh/mes,,boletin,15,2026-08-06
2026-03,tvb_capacidad_regasificacion_total,,mes,60295.0,GWh/mes,,boletin,15,2026-08-06
2026-03,tvb_regasificacion_comercial,,mes,19871.0,GWh,,boletin,15,2026-08-06
2026-04,aprovisionamiento_gn,Argelia,acumulado_anual,39292.0,GWh,,boletin,9,2026-08-06
2026-04,aprovisionamiento_gn,Argelia,mes,9787.0,GWh,,boletin,9,2026-08-06
2026-04,aprovisionamiento_gn,Argelia,tam,109836.0,GWh,,boletin,9,2026-08-06
2026-04,aprovisionamiento_gn,Biometano nacional,acumulado_anual,182.0,GWh,,boletin,9,2026-08-06
2026-04,aprovisionamiento_gn,Biometano nacional,mes,50.0,GWh,,boletin,9,2026-08-06
2026-04,aprovisionamiento_gn,Biometano nacional,tam,493.0,GWh,,boletin,9,2026-08-06
2026-04,aprovisionamiento_gn,Francia,acumulado_anual,2969.0,GWh,,boletin,9,2026-08-06
2026-04,aprovisionamiento_gn,Francia,mes,128.0,GWh,,boletin,9,2026-08-06
2026-04,aprovisionamiento_gn,Francia,tam,11605.0,GWh,,boletin,9,2026-08-06
2026-04,aprovisionamiento_gn,Portugal,acumulado_anual,1753.0,GWh,,boletin,9,2026-08-06
2026-04,aprovisionamiento_gn,Portugal,mes,1034.0,GWh,,boletin,9,2026-08-06
2026-04,aprovisionamiento_gn,Portugal,tam,5181.0,GWh,,boletin,9,2026-08-06
2026-04,aprovisionamiento_gn,Yacimientos nacionales,acumulado_anual,109.0,GWh,,boletin,9,2026-08-06
2026-04,aprovisionamiento_gn,Yacimientos nacionales,mes,14.0,GWh,,boletin,9,2026-08-06
2026-04,aprovisionamiento_gn,Yacimientos nacionales,tam,249.0,GWh,,boletin,9,2026-08-06
2026-04,aprovisionamiento_gnl,Angola,acumulado_anual,2045.0,GWh,,boletin,9,2026-08-06
2026-04,aprovisionamiento_gnl,Angola,mes,0.0,GWh,,boletin,9,2026-08-06
2026-04,aprovisionamiento_gnl,Angola,tam,17588.0,GWh,,boletin,9,2026-08-06
2026-04,aprovisionamiento_gnl,Argelia,acumulado_anual,1111.0,GWh,,boletin,9,2026-08-06
2026-04,aprovisionamiento_gnl,Argelia,mes,0.0,GWh,,boletin,9,2026-08-06
2026-04,aprovisionamiento_gnl,Argelia,tam,17684.0,GWh,,boletin,9,2026-08-06
2026-04,aprovisionamiento_gnl,Camerún,acumulado_anual,75.0,GWh,,boletin,9,2026-08-06
2026-04,aprovisionamiento_gnl,Camerún,mes,0.0,GWh,,boletin,9,2026-08-06
2026-04,aprovisionamiento_gnl,Camerún,tam,75.0,GWh,,boletin,9,2026-08-06
2026-04,aprovisionamiento_gnl,Congo,acumulado_anual,1927.0,GWh,,boletin,9,2026-08-06
2026-04,aprovisionamiento_gnl,Congo,mes,0.0,GWh,,boletin,9,2026-08-06
2026-04,aprovisionamiento_gnl,Congo,tam,2612.0,GWh,,boletin,9,2026-08-06
2026-04,aprovisionamiento_gnl,Egipto,acumulado_anual,0.0,GWh,,boletin,9,2026-08-06
2026-04,aprovisionamiento_gnl,Egipto,mes,0.0,GWh,,boletin,9,2026-08-06
2026-04,aprovisionamiento_gnl,Egipto,tam,1034.0,GWh,,boletin,9,2026-08-06
2026-04,aprovisionamiento_gnl,Estados Unidos,acumulado_anual,47901.0,GWh,,boletin,9,2026-08-06
2026-04,aprovisionamiento_gnl,Estados Unidos,mes,10071.0,GWh,,boletin,9,2026-08-06
2026-04,aprovisionamiento_gnl,Estados Unidos,tam,113628.0,GWh,,boletin,9,2026-08-06
2026-04,aprovisionamiento_gnl,Guinea Ecuatorial,acumulado_anual,129.0,GWh,,boletin,9,2026-08-06
2026-04,aprovisionamiento_gnl,Guinea Ecuatorial,mes,129.0,GWh,,boletin,9,2026-08-06
2026-04,aprovisionamiento_gnl,Guinea Ecuatorial,tam,2344.0,GWh,,boletin,9,2026-08-06
2026-04,aprovisionamiento_gnl,Jamaica,acumulado_anual,0.0,GWh,,boletin,9,2026-08-06
2026-04,aprovisionamiento_gnl,Jamaica,mes,0.0,GWh,,boletin,9,2026-08-06
2026-04,aprovisionamiento_gnl,Jamaica,tam,168.0,GWh,,boletin,9,2026-08-06
2026-04,aprovisionamiento_gnl,Mauritania,acumulado_anual,767.0,GWh,,boletin,9,2026-08-06
2026-04,aprovisionamiento_gnl,Mauritania,mes,88.0,GWh,,boletin,9,2026-08-06
2026-04,aprovisionamiento_gnl,Mauritania,tam,767.0,GWh,,boletin,9,2026-08-06
2026-04,aprovisionamiento_gnl,Nigeria,acumulado_anual,10769.0,GWh,,boletin,9,2026-08-06
2026-04,aprovisionamiento_gnl,Nigeria,mes,3036.0,GWh,,boletin,9,2026-08-06
2026-04,aprovisionamiento_gnl,Nigeria,tam,30638.0,GWh,,boletin,9,2026-08-06
2026-04,aprovisionamiento_gnl,Noruega,acumulado_anual,0.0,GWh,,boletin,9,2026-08-06
2026-04,aprovisionamiento_gnl,Noruega,mes,0.0,GWh,,boletin,9,2026-08-06
2026-04,aprovisionamiento_gnl,Noruega,tam,873.0,GWh,,boletin,9,2026-08-06
2026-04,aprovisionamiento_gnl,Omán,acumulado_anual,0.0,GWh,,boletin,9,2026-08-06
2026-04,aprovisionamiento_gnl,Omán,mes,0.0,GWh,,boletin,9,2026-08-06
2026-04,aprovisionamiento_gnl,Omán,tam,0.0,GWh,,boletin,9,2026-08-06
2026-04,aprovisionamiento_gnl,Perú,acumulado_anual,0.0,GWh,,boletin,9,2026-08-06
2026-04,aprovisionamiento_gnl,Perú,mes,0.0,GWh,,boletin,9,2026-08-06
2026-04,aprovisionamiento_gnl,Perú,tam,4406.0,GWh,,boletin,9,2026-08-06
2026-04,aprovisionamiento_gnl,Qatar,acumulado_anual,0.0,GWh,,boletin,9,2026-08-06
2026-04,aprovisionamiento_gnl,Qatar,mes,0.0,GWh,,boletin,9,2026-08-06
2026-04,aprovisionamiento_gnl,Qatar,tam,3100.0,GWh,,boletin,9,2026-08-06
2026-04,aprovisionamiento_gnl,Rusia,acumulado_anual,23157.0,GWh,,boletin,9,2026-08-06
2026-04,aprovisionamiento_gnl,Rusia,mes,4394.0,GWh,,boletin,9,2026-08-06
2026-04,aprovisionamiento_gnl,Rusia,tam,48351.0,GWh,,boletin,9,2026-08-06
2026-04,aprovisionamiento_gnl,Trinidad y Tobago,acumulado_anual,0.0,GWh,,boletin,9,2026-08-06
2026-04,aprovisionamiento_gnl,Trinidad y Tobago,mes,0.0,GWh,,boletin,9,2026-08-06
2026-04,aprovisionamiento_gnl,Trinidad y Tobago,tam,2673.0,GWh,,boletin,9,2026-08-06
2026-04,biometano_distribucion,,acumulado_anual,110.7,GWh,,boletin,13,2026-08-06
2026-04,biometano_distribucion,,mes,31.6,GWh,,boletin,13,2026-08-06
2026-04,biometano_distribucion,,tam,294.5,GWh,23.5,boletin,13,2026-08-06
2026-04,biometano_transporte,,acumulado_anual,71.0,GWh,13.5,boletin,13,2026-08-06
2026-04,biometano_transporte,,mes,18.6,GWh,20.5,boletin,13,2026-08-06
2026-04,biometano_transporte,,tam,198.1,GWh,4.4,boletin,13,2026-08-06
2026-04,cargas_buques,,acumulado_anual,5072.0,GWh,91.5,boletin,3,2026-08-06
2026-04,cargas_buques,,mes,1748.0,GWh,73.5,boletin,3,2026-08-06
2026-04,cargas_buques,,tam,14180.0,GWh,20.6,boletin,3,2026-08-06
2026-04,conexion_internacional_saldo,Almería,acumulado_anual,39292.0,GWh,7.3,boletin,11,2026-08-06
2026-04,conexion_internacional_saldo,Almería,mes,9787.0,GWh,25.2,boletin,11,2026-08-06
2026-04,conexion_internacional_saldo,Almería,tam,109836.0,GWh,2.5,boletin,11,2026-08-06
2026-04,conexion_internacional_saldo,Biometano,acumulado_anual,182.0,GWh,55.0,boletin,11,2026-08-06
2026-04,conexion_internacional_saldo,Biometano,mes,50.0,GWh,60.9,boletin,11,2026-08-06
2026-04,conexion_internacional_saldo,Biometano,tam,493.0,GWh,15.1,boletin,11,2026-08-06
2026-04,conexion_internacional_saldo,Tarifa,acumulado_anual,-2319.0,GWh,-24.3,boletin,11,2026-08-06
2026-04,conexion_internacional_saldo,Tarifa,mes,-342.0,GWh,-53.7,boletin,11,2026-08-06
2026-04,conexion_internacional_saldo,Tarifa,tam,-9628.0,GWh,-7.2,boletin,11,2026-08-06
2026-04,conexion_internacional_saldo,VIP Ibérico,acumulado_anual,-693.0,GWh,,boletin,11,2026-08-06
2026-04,conexion_internacional_saldo,VIP Ibérico,mes,936.0,GWh,-22.0,boletin,11,2026-08-06
2026-04,conexion_internacional_saldo,VIP Ibérico,tam,123.0,GWh,-93.4,boletin,11,2026-08-06
2026-04,conexion_internacional_saldo,VIP Pirineos,acumulado_anual,-3045.0,GWh,-60.9,boletin,11,2026-08-06
2026-04,conexion_internacional_saldo,VIP Pirineos,mes,-2288.0,GWh,-47.2,boletin,11,2026-08-06
2026-04,conexion_internacional_saldo,VIP Pirineos,tam,1020.0,GWh,,boletin,11,2026-08-06
2026-04,conexion_internacional_saldo,Yacimiento Nacionales,acumulado_anual,109.0,GWh,-55.2,boletin,11,2026-08-06
2026-04,conexion_internacional_saldo,Yacimiento Nacionales,mes,14.0,GWh,,boletin,11,2026-08-06
2026-04,conexion_internacional_saldo,Yacimiento Nacionales,tam,249.0,GWh,-35.0,boletin,11,2026-08-06
2026-04,correccion_laboralidad,,acumulado_anual,0.0,%,,boletin,5,2026-08-06
2026-04,correccion_laboralidad,,mes,0.0,%,,boletin,5,2026-08-06
2026-04,correccion_laboralidad,,tam,0.0,%,,boletin,5,2026-08-06
2026-04,correccion_temperatura,,acumulado_anual,-0.9,%,,boletin,5,2026-08-06
2026-04,correccion_temperatura,,mes,-3.8,%,,boletin,5,2026-08-06
2026-04,correccion_temperatura,,tam,-0.4,%,,boletin,5,2026-08-06
2026-04,delta_temperatura,,mes,1.81,ºC,,boletin,5,2026-08-06
2026-04,demanda_ccaa_cisternas,Andalucía,mes,120.0,GWh,-17.4,boletin,7,2026-08-06
2026-04,demanda_ccaa_cisternas,Aragón,mes,43.0,GWh,15.1,boletin,7,2026-08-06
2026-04,demanda_ccaa_cisternas,Asturias,mes,6.0,GWh,-80.1,boletin,7,2026-08-06
2026-04,demanda_ccaa_cisternas,Baleares,mes,9.0,GWh,33.3,boletin,7,2026-08-06
2026-04,demanda_ccaa_cisternas,Cantabria,mes,23.0,GWh,2.6,boletin,7,2026-08-06
2026-04,demanda_ccaa_cisternas,Castilla y León,mes,40.0,GWh,-3.7,boletin,7,2026-08-06
2026-04,demanda_ccaa_cisternas,Castilla-La Mancha,mes,40.0,GWh,-7.6,boletin,7,2026-08-06
2026-04,demanda_ccaa_cisternas,Cataluña,mes,64.0,GWh,-24.1,boletin,7,2026-08-06
2026-04,demanda_ccaa_cisternas,Comunidad Valenciana,mes,54.0,GWh,-30.4,boletin,7,2026-08-06
2026-04,demanda_ccaa_cisternas,Extremadura,mes,14.0,GWh,-28.5,boletin,7,2026-08-06
2026-04,demanda_ccaa_cisternas,Galicia,mes,50.0,GWh,-9.8,boletin,7,2026-08-06
2026-04,demanda_ccaa_cisternas,La Rioja,mes,4.0,GWh,-25.0,boletin,7,2026-08-06
2026-04,demanda_ccaa_cisternas,Madrid,mes,367.0,GWh,43.0,boletin,7,2026-08-06
2026-04,demanda_ccaa_cisternas,Murcia,mes,48.0,GWh,7.8,boletin,7,2026-08-06
2026-04,demanda_ccaa_cisternas,Navarra,mes,9.0,GWh,63.0,boletin,7,2026-08-06
2026-04,demanda_ccaa_cisternas,País Vasco,mes,40.0,GWh,8.8,boletin,7,2026-08-06
2026-04,demanda_ccaa_convencional,Andalucía,mes,1974.0,GWh,-12.7,boletin,7,2026-08-06
2026-04,demanda_ccaa_convencional,Aragón,mes,742.0,GWh,-14.1,boletin,7,2026-08-06
2026-04,demanda_ccaa_convencional,Asturias,mes,441.0,GWh,-8.2,boletin,7,2026-08-06
2026-04,demanda_ccaa_convencional,Baleares,mes,103.0,GWh,-18.0,boletin,7,2026-08-06
2026-04,demanda_ccaa_convencional,Cantabria,mes,187.0,GWh,-15.3,boletin,7,2026-08-06
2026-04,demanda_ccaa_convencional,Castilla y León,mes,1257.0,GWh,-3.5,boletin,7,2026-08-06
2026-04,demanda_ccaa_convencional,Castilla-La Mancha,mes,771.0,GWh,-11.3,boletin,7,2026-08-06
2026-04,demanda_ccaa_convencional,Cataluña,mes,2960.0,GWh,2.1,boletin,7,2026-08-06
2026-04,demanda_ccaa_convencional,Comunidad Valenciana,mes,1959.0,GWh,-2.5,boletin,7,2026-08-06
2026-04,demanda_ccaa_convencional,Extremadura,mes,144.0,GWh,-1.3,boletin,7,2026-08-06
2026-04,demanda_ccaa_convencional,Galicia,mes,788.0,GWh,5.4,boletin,7,2026-08-06
2026-04,demanda_ccaa_convencional,La Rioja,mes,157.0,GWh,-12.1,boletin,7,2026-08-06
2026-04,demanda_ccaa_convencional,Madrid,mes,1309.0,GWh,-25.9,boletin,7,2026-08-06
2026-04,demanda_ccaa_convencional,Murcia,mes,1066.0,GWh,7.1,boletin,7,2026-08-06
2026-04,demanda_ccaa_convencional,Navarra,mes,395.0,GWh,-9.4,boletin,7,2026-08-06
2026-04,demanda_ccaa_convencional,País Vasco,mes,1243.0,GWh,-3.1,boletin,7,2026-08-06
2026-04,demanda_ccaa_sector_electrico,Andalucía,mes,1829.0,GWh,43.5,boletin,7,2026-08-06
2026-04,demanda_ccaa_sector_electrico,Aragón,mes,291.0,GWh,157.5,boletin,7,2026-08-06
2026-04,demanda_ccaa_sector_electrico,Asturias,mes,631.0,GWh,172.0,boletin,7,2026-08-06
2026-04,demanda_ccaa_sector_electrico,Baleares,mes,613.0,GWh,-3.4,boletin,7,2026-08-06
2026-04,demanda_ccaa_sector_electrico,Cantabria,mes,0.0,GWh,,boletin,7,2026-08-06
2026-04,demanda_ccaa_sector_electrico,Castilla y León,mes,0.0,GWh,,boletin,7,2026-08-06
2026-04,demanda_ccaa_sector_electrico,Castilla-La Mancha,mes,491.0,GWh,32.4,boletin,7,2026-08-06
2026-04,demanda_ccaa_sector_electrico,Cataluña,mes,607.0,GWh,-23.3,boletin,7,2026-08-06
2026-04,demanda_ccaa_sector_electrico,Comunidad Valenciana,mes,378.0,GWh,-32.7,boletin,7,2026-08-06
2026-04,demanda_ccaa_sector_electrico,Extremadura,mes,0.0,GWh,,boletin,7,2026-08-06
2026-04,demanda_ccaa_sector_electrico,Galicia,mes,390.0,GWh,-24.2,boletin,7,2026-08-06
2026-04,demanda_ccaa_sector_electrico,La Rioja,mes,53.0,GWh,-8.6,boletin,7,2026-08-06
2026-04,demanda_ccaa_sector_electrico,Madrid,mes,0.0,GWh,,boletin,7,2026-08-06
2026-04,demanda_ccaa_sector_electrico,Murcia,mes,837.0,GWh,86.1,boletin,7,2026-08-06
2026-04,demanda_ccaa_sector_electrico,Navarra,mes,73.0,GWh,-22.0,boletin,7,2026-08-06
2026-04,demanda_ccaa_sector_electrico,País Vasco,mes,425.0,GWh,-3.1,boletin,7,2026-08-06
2026-04,demanda_cisternas,,acumulado_anual,4300.0,GWh,1.8,progreso,3,2026-08-06
2026-04,demanda_cisternas,,mes,900.0,GWh,0.7,progreso,3,2026-08-06
2026-04,demanda_cisternas,,tam,12500.0,GWh,0.6,progreso,3,2026-08-06
2026-04,demanda_convencional,,acumulado_anual,85586.0,GWh,-3.4,boletin,3,2026-08-06
2026-04,demanda_convencional,,mes,16448.0,GWh,-6.3,boletin,3,2026-08-06
2026-04,demanda_convencional,,tam,228816.0,GWh,-1.3,boletin,3,2026-08-06
2026-04,demanda_convencional_corregida,,acumulado_anual,-2.4,%,,boletin,5,2026-08-06
2026-04,demanda_convencional_corregida,,mes,-2.5,%,,boletin,5,2026-08-06
2026-04,demanda_convencional_corregida,,tam,-0.9,%,,boletin,5,2026-08-06
2026-04,demanda_dc_pymes,,acumulado_anual,26400.0,GWh,-3.0,progreso,3,2026-08-06
2026-04,demanda_dc_pymes,,mes,2700.0,GWh,-19.9,progreso,3,2026-08-06
2026-04,demanda_dc_pymes,,tam,50800.0,GWh,-1.6,progreso,3,2026-08-06
2026-04,demanda_industrial,,acumulado_anual,54900.0,GWh,-3.9,progreso,3,2026-08-06
2026-04,demanda_industrial,,mes,12800.0,GWh,-3.3,progreso,3,2026-08-06
2026-04,demanda_industrial,,tam,165500.0,GWh,-1.3,progreso,3,2026-08-06
2026-04,demanda_internacional,,acumulado_anual,15851.0,GWh,-6.1,boletin,3,2026-08-06
2026-04,demanda_internacional,,mes,4604.0,GWh,-28.0,boletin,3,2026-08-06
2026-04,demanda_internacional,,tam,39452.0,GWh,-2.6,boletin,3,2026-08-06
2026-04,demanda_nacional,,acumulado_anual,115583.0,GWh,2.3,boletin,3,2026-08-06
2026-04,demanda_nacional,,mes,23065.0,GWh,-0.1,boletin,3,2026-08-06
2026-04,demanda_nacional,,tam,334113.0,GWh,0.8,boletin,3,2026-08-06
2026-04,demanda_sector_electrico,,acumulado_anual,29997.0,GWh,23.0,boletin,3,2026-08-06
2026-04,demanda_sector_electrico,,mes,6617.0,GWh,19.6,boletin,3,2026-08-06
2026-04,demanda_sector_electrico,,tam,105297.0,GWh,5.6,boletin,3,2026-08-06
2026-04,destino_cargas_pct,Bunkering,acumulado_anual,22.5,%,,boletin,18,2026-08-06
2026-04,destino_cargas_pct,Bunkering,mes,19.2,%,,boletin,18,2026-08-06
2026-04,destino_cargas_pct,EU,acumulado_anual,45.4,%,,boletin,18,2026-08-06
2026-04,destino_cargas_pct,EU,mes,39.2,%,,boletin,18,2026-08-06
2026-04,destino_cargas_pct,non EU,acumulado_anual,32.1,%,,boletin,18,2026-08-06
2026-04,destino_cargas_pct,non EU,mes,41.6,%,,boletin,18,2026-08-06
2026-04,generacion_electrica,Carbón,mes,0.0,GWh,-102.0,boletin,6,2026-08-06
2026-04,generacion_electrica,Cogeneración,mes,900.0,GWh,-17.9,boletin,6,2026-08-06
2026-04,generacion_electrica,Eólica,mes,3600.0,GWh,-16.0,boletin,6,2026-08-06
2026-04,generacion_electrica,Gas natural,mes,2400.0,GWh,19.1,boletin,6,2026-08-06
2026-04,generacion_electrica,Hidráulica,mes,3200.0,GWh,-30.2,boletin,6,2026-08-06
2026-04,generacion_electrica,Nuclear,mes,3900.0,GWh,31.0,boletin,6,2026-08-06
2026-04,generacion_electrica,Resto renovables,mes,400.0,GWh,2.7,boletin,6,2026-08-06
2026-04,generacion_electrica,Solar,mes,5400.0,GWh,25.0,boletin,6,2026-08-06
2026-04,pct_total_gn,,mes,61.7,%,,boletin,9,2026-08-06
2026-04,pct_total_gnl,,mes,38.3,%,,boletin,9,2026-08-06
2026-04,planta_carga_cisternas,BARCELONA,mes,213.0,GWh,17.6,boletin,17,2026-08-06
2026-04,planta_carga_cisternas,BILBAO,mes,107.0,GWh,3.3,boletin,17,2026-08-06
2026-04,planta_carga_cisternas,CARTAGENA,mes,200.0,GWh,20.5,boletin,17,2026-08-06
2026-04,planta_carga_cisternas,HUELVA,mes,117.0,GWh,-28.2,boletin,17,2026-08-06
2026-04,planta_carga_cisternas,MUGARDOS,mes,83.0,GWh,10.6,boletin,17,2026-08-06
2026-04,planta_carga_cisternas,MUSEL,mes,68.0,GWh,17.4,boletin,17,2026-08-06
2026-04,planta_carga_cisternas,SAGUNTO,mes,164.0,GWh,-9.4,boletin,17,2026-08-06
2026-04,planta_cargas_buques,BARCELONA,mes,303.0,GWh,,boletin,17,2026-08-06
2026-04,planta_cargas_buques,BILBAO,mes,645.0,GWh,,boletin,17,2026-08-06
2026-04,planta_cargas_buques,CARTAGENA,mes,205.0,GWh,-38.4,boletin,17,2026-08-06
2026-04,planta_cargas_buques,HUELVA,mes,319.0,GWh,63.3,boletin,17,2026-08-06
2026-04,planta_cargas_buques,MUGARDOS,mes,86.0,GWh,-33.2,boletin,17,2026-08-06
2026-04,planta_cargas_buques,MUSEL,mes,0.0,GWh,,boletin,17,2026-08-06
2026-04,planta_cargas_buques,SAGUNTO,mes,191.0,GWh,-17.2,boletin,17,2026-08-06
2026-04,planta_descargas_buques,BARCELONA,mes,4590.0,GWh,-13.1,boletin,17,2026-08-06
2026-04,planta_descargas_buques,BILBAO,mes,4417.0,GWh,-19.2,boletin,17,2026-08-06
2026-04,planta_descargas_buques,CARTAGENA,mes,401.0,GWh,-79.9,boletin,17,2026-08-06
2026-04,planta_descargas_buques,HUELVA,mes,3182.0,GWh,-47.8,boletin,17,2026-08-06
2026-04,planta_descargas_buques,MUGARDOS,mes,2192.0,GWh,-26.8,boletin,17,2026-08-06
2026-04,planta_descargas_buques,MUSEL,mes,0.0,GWh,,boletin,17,2026-08-06
2026-04,planta_descargas_buques,SAGUNTO,mes,1869.0,GWh,,boletin,17,2026-08-06
2026-04,planta_n_buques_descargados,BARCELONA,mes,6.0,nº,20.0,boletin,17,2026-08-06
2026-04,planta_n_buques_descargados,BILBAO,mes,4.0,nº,-20.0,boletin,17,2026-08-06
2026-04,planta_n_buques_descargados,CARTAGENA,mes,2.0,nº,0.0,boletin,17,2026-08-06
2026-04,planta_n_buques_descargados,HUELVA,mes,3.0,nº,-50.0,boletin,17,2026-08-06
2026-04,planta_n_buques_descargados,MUGARDOS,mes,2.0,nº,-33.3,boletin,17,2026-08-06
2026-04,planta_n_buques_descargados,MUSEL,mes,0.0,nº,,boletin,17,2026-08-06
2026-04,planta_n_buques_descargados,SAGUNTO,mes,4.0,nº,,boletin,17,2026-08-06
2026-04,salidas_conexiones_internacionales,,acumulado_anual,10779.0,GWh,-24.3,boletin,3,2026-08-06
2026-04,salidas_conexiones_internacionales,,mes,2855.0,GWh,-47.0,boletin,3,2026-08-06
2026-04,salidas_conexiones_internacionales,,tam,25272.0,GWh,-12.0,boletin,3,2026-08-06
2026-04,total_salidas,,acumulado_anual,131435.0,GWh,1.2,boletin,3,2026-08-06
2026-04,total_salidas,,mes,27669.0,GWh,-6.2,boletin,3,2026-08-06
2026-04,total_salidas,,tam,373565.0,GWh,0.4,boletin,3,2026-08-06
2026-04,tvb_capacidad_regasificacion_contratada,,mes,18030.0,GWh/mes,,boletin,15,2026-08-06
2026-04,tvb_capacidad_regasificacion_disponible,,mes,40320.0,GWh/mes,,boletin,15,2026-08-06
2026-04,tvb_capacidad_regasificacion_total,,mes,58350.0,GWh/mes,,boletin,15,2026-08-06
2026-04,tvb_regasificacion_comercial,,mes,15992.0,GWh,,boletin,15,2026-08-06
2026-05,aprovisionamiento_gn,Argelia,acumulado_anual,49657.0,GWh,,boletin,9,2026-08-06
2026-05,aprovisionamiento_gn,Argelia,mes,10365.0,GWh,,boletin,9,2026-08-06
2026-05,aprovisionamiento_gn,Argelia,tam,112061.0,GWh,,boletin,9,2026-08-06
2026-05,aprovisionamiento_gn,Biometano nacional,acumulado_anual,231.0,GWh,,boletin,9,2026-08-06
2026-05,aprovisionamiento_gn,Biometano nacional,mes,49.0,GWh,,boletin,9,2026-08-06
2026-05,aprovisionamiento_gn,Biometano nacional,tam,504.0,GWh,,boletin,9,2026-08-06
2026-05,aprovisionamiento_gn,Francia,acumulado_anual,3141.0,GWh,,boletin,9,2026-08-06
2026-05,aprovisionamiento_gn,Francia,mes,172.0,GWh,,boletin,9,2026-08-06
2026-05,aprovisionamiento_gn,Francia,tam,11505.0,GWh,,boletin,9,2026-08-06
2026-05,aprovisionamiento_gn,Portugal,acumulado_anual,2896.0,GWh,,boletin,9,2026-08-06
2026-05,aprovisionamiento_gn,Portugal,mes,1143.0,GWh,,boletin,9,2026-08-06
2026-05,aprovisionamiento_gn,Portugal,tam,5568.0,GWh,,boletin,9,2026-08-06
2026-05,aprovisionamiento_gn,Yacimientos nacionales,acumulado_anual,144.0,GWh,,boletin,9,2026-08-06
2026-05,aprovisionamiento_gn,Yacimientos nacionales,mes,35.0,GWh,,boletin,9,2026-08-06
2026-05,aprovisionamiento_gn,Yacimientos nacionales,tam,284.0,GWh,,boletin,9,2026-08-06
2026-05,aprovisionamiento_gnl,Angola,acumulado_anual,3071.0,GWh,,boletin,9,2026-08-06
2026-05,aprovisionamiento_gnl,Angola,mes,1026.0,GWh,,boletin,9,2026-08-06
2026-05,aprovisionamiento_gnl,Angola,tam,17604.0,GWh,,boletin,9,2026-08-06
2026-05,aprovisionamiento_gnl,Argelia,acumulado_anual,4113.0,GWh,,boletin,9,2026-08-06
2026-05,aprovisionamiento_gnl,Argelia,mes,3002.0,GWh,,boletin,9,2026-08-06
2026-05,aprovisionamiento_gnl,Argelia,tam,20685.0,GWh,,boletin,9,2026-08-06
2026-05,aprovisionamiento_gnl,Camerún,acumulado_anual,75.0,GWh,,boletin,9,2026-08-06
2026-05,aprovisionamiento_gnl,Camerún,mes,,GWh,,boletin,9,2026-08-06
2026-05,aprovisionamiento_gnl,Camerún,tam,75.0,GWh,,boletin,9,2026-08-06
2026-05,aprovisionamiento_gnl,Congo,acumulado_anual,1927.0,GWh,,boletin,9,2026-08-06
2026-05,aprovisionamiento_gnl,Congo,mes,,GWh,,boletin,9,2026-08-06
2026-05,aprovisionamiento_gnl,Congo,tam,2612.0,GWh,,boletin,9,2026-08-06
2026-05,aprovisionamiento_gnl,Egipto,acumulado_anual,0.0,GWh,,boletin,9,2026-08-06
2026-05,aprovisionamiento_gnl,Egipto,mes,,GWh,,boletin,9,2026-08-06
2026-05,aprovisionamiento_gnl,Egipto,tam,1034.0,GWh,,boletin,9,2026-08-06
2026-05,aprovisionamiento_gnl,Estados Unidos,acumulado_anual,52663.0,GWh,,boletin,9,2026-08-06
2026-05,aprovisionamiento_gnl,Estados Unidos,mes,4763.0,GWh,,boletin,9,2026-08-06
2026-05,aprovisionamiento_gnl,Estados Unidos,tam,109207.0,GWh,,boletin,9,2026-08-06
2026-05,aprovisionamiento_gnl,Guinea Ecuatorial,acumulado_anual,129.0,GWh,,boletin,9,2026-08-06
2026-05,aprovisionamiento_gnl,Guinea Ecuatorial,mes,,GWh,,boletin,9,2026-08-06
2026-05,aprovisionamiento_gnl,Guinea Ecuatorial,tam,2344.0,GWh,,boletin,9,2026-08-06
2026-05,aprovisionamiento_gnl,Jamaica,acumulado_anual,0.0,GWh,,boletin,9,2026-08-06
2026-05,aprovisionamiento_gnl,Jamaica,mes,,GWh,,boletin,9,2026-08-06
2026-05,aprovisionamiento_gnl,Jamaica,tam,0.0,GWh,,boletin,9,2026-08-06
2026-05,aprovisionamiento_gnl,Mauritania,acumulado_anual,1885.0,GWh,,boletin,9,2026-08-06
2026-05,aprovisionamiento_gnl,Mauritania,mes,1118.0,GWh,,boletin,9,2026-08-06
2026-05,aprovisionamiento_gnl,Mauritania,tam,1885.0,GWh,,boletin,9,2026-08-06
2026-05,aprovisionamiento_gnl,Mexico,acumulado_anual,999.0,GWh,,boletin,9,2026-08-06
2026-05,aprovisionamiento_gnl,Mexico,mes,999.0,GWh,,boletin,9,2026-08-06
2026-05,aprovisionamiento_gnl,Mexico,tam,999.0,GWh,,boletin,9,2026-08-06
2026-05,aprovisionamiento_gnl,Nigeria,acumulado_anual,10769.0,GWh,,boletin,9,2026-08-06
2026-05,aprovisionamiento_gnl,Nigeria,mes,,GWh,,boletin,9,2026-08-06
2026-05,aprovisionamiento_gnl,Nigeria,tam,25690.0,GWh,,boletin,9,2026-08-06
2026-05,aprovisionamiento_gnl,Noruega,acumulado_anual,0.0,GWh,,boletin,9,2026-08-06
2026-05,aprovisionamiento_gnl,Noruega,mes,,GWh,,boletin,9,2026-08-06
2026-05,aprovisionamiento_gnl,Noruega,tam,873.0,GWh,,boletin,9,2026-08-06
2026-05,aprovisionamiento_gnl,Perú,acumulado_anual,0.0,GWh,,boletin,9,2026-08-06
2026-05,aprovisionamiento_gnl,Perú,mes,,GWh,,boletin,9,2026-08-06
2026-05,aprovisionamiento_gnl,Perú,tam,4406.0,GWh,,boletin,9,2026-08-06
2026-05,aprovisionamiento_gnl,Qatar,acumulado_anual,0.0,GWh,,boletin,9,2026-08-06
2026-05,aprovisionamiento_gnl,Qatar,mes,,GWh,,boletin,9,2026-08-06
2026-05,aprovisionamiento_gnl,Qatar,tam,2321.0,GWh,,boletin,9,2026-08-06
2026-05,aprovisionamiento_gnl,Rusia,acumulado_anual,31883.0,GWh,,boletin,9,2026-08-06
2026-05,aprovisionamiento_gnl,Rusia,mes,8726.0,GWh,,boletin,9,2026-08-06
2026-05,aprovisionamiento_gnl,Rusia,tam,51571.0,GWh,,boletin,9,2026-08-06
2026-05,aprovisionamiento_gnl,Trinidad y Tobago,acumulado_anual,0.0,GWh,,boletin,9,2026-08-06
2026-05,aprovisionamiento_gnl,Trinidad y Tobago,mes,,GWh,,boletin,9,2026-08-06
2026-05,aprovisionamiento_gnl,Trinidad y Tobago,tam,2673.0,GWh,,boletin,9,2026-08-06
2026-05,biometano_distribucion,,acumulado_anual,141.3,GWh,,boletin,13,2026-08-06
2026-05,biometano_distribucion,,mes,30.6,GWh,,boletin,13,2026-08-06
2026-05,biometano_distribucion,,tam,305.8,GWh,28.2,boletin,13,2026-08-06
2026-05,biometano_transporte,,acumulado_anual,89.9,GWh,10.3,boletin,13,2026-08-06
2026-05,biometano_transporte,,mes,19.0,GWh,0.0,boletin,13,2026-08-06
2026-05,biometano_transporte,,tam,198.1,GWh,4.4,boletin,13,2026-08-06
2026-05,cargas_buques,,acumulado_anual,6240.0,GWh,61.1,boletin,3,2026-08-06
2026-05,cargas_buques,,mes,1168.0,GWh,-4.6,boletin,3,2026-08-06
2026-05,cargas_buques,,tam,14123.0,GWh,20.1,boletin,3,2026-08-06
2026-05,conexion_internacional_saldo,Almería,acumulado_anual,49657.0,GWh,10.9,boletin,11,2026-08-06
2026-05,conexion_internacional_saldo,Almería,mes,10365.0,GWh,27.3,boletin,11,2026-08-06
2026-05,conexion_internacional_saldo,Almería,tam,112061.0,GWh,4.6,boletin,11,2026-08-06
2026-05,conexion_internacional_saldo,Biometano,acumulado_anual,231.0,GWh,48.7,boletin,11,2026-08-06
2026-05,conexion_internacional_saldo,Biometano,mes,50.0,GWh,29.4,boletin,11,2026-08-06
2026-05,conexion_internacional_saldo,Biometano,tam,504.0,GWh,17.7,boletin,11,2026-08-06
2026-05,conexion_internacional_saldo,Tarifa,acumulado_anual,-3100.0,GWh,-20.3,boletin,11,2026-08-06
2026-05,conexion_internacional_saldo,Tarifa,mes,-781.0,GWh,-5.1,boletin,11,2026-08-06
2026-05,conexion_internacional_saldo,Tarifa,tam,-9586.0,GWh,-7.6,boletin,11,2026-08-06
2026-05,conexion_internacional_saldo,VIP Ibérico,acumulado_anual,333.0,GWh,-78.7,boletin,11,2026-08-06
2026-05,conexion_internacional_saldo,VIP Ibérico,mes,1026.0,GWh,95.1,boletin,11,2026-08-06
2026-05,conexion_internacional_saldo,VIP Ibérico,tam,623.0,GWh,-66.4,boletin,11,2026-08-06
2026-05,conexion_internacional_saldo,VIP Pirineos,acumulado_anual,-4938.0,GWh,-44.8,boletin,11,2026-08-06
2026-05,conexion_internacional_saldo,VIP Pirineos,mes,-1893.0,GWh,63.3,boletin,11,2026-08-06
2026-05,conexion_internacional_saldo,VIP Pirineos,tam,286.0,GWh,,boletin,11,2026-08-06
2026-05,conexion_internacional_saldo,Yacimiento Nacionales,acumulado_anual,144.0,GWh,-40.8,boletin,11,2026-08-06
2026-05,conexion_internacional_saldo,Yacimiento Nacionales,mes,35.0,GWh,,boletin,11,2026-08-06
2026-05,conexion_internacional_saldo,Yacimiento Nacionales,tam,284.0,GWh,-25.9,boletin,11,2026-08-06
2026-05,correccion_laboralidad,,acumulado_anual,0.0,%,,boletin,5,2026-08-06
2026-05,correccion_laboralidad,,mes,0.0,%,,boletin,5,2026-08-06
2026-05,correccion_laboralidad,,tam,0.0,%,,boletin,5,2026-08-06
2026-05,correccion_temperatura,,acumulado_anual,-0.9,%,,boletin,5,2026-08-06
2026-05,correccion_temperatura,,mes,-0.9,%,,boletin,5,2026-08-06
2026-05,correccion_temperatura,,tam,-0.4,%,,boletin,5,2026-08-06
2026-05,delta_temperatura,,mes,1.02,ºC,,boletin,5,2026-08-06
2026-05,demanda_ccaa_cisternas,Andalucía,mes,124.0,GWh,-18.3,boletin,7,2026-08-06
2026-05,demanda_ccaa_cisternas,Aragón,mes,38.0,GWh,-17.5,boletin,7,2026-08-06
2026-05,demanda_ccaa_cisternas,Asturias,mes,5.0,GWh,-83.3,boletin,7,2026-08-06
2026-05,demanda_ccaa_cisternas,Baleares,mes,9.0,GWh,-8.8,boletin,7,2026-08-06
2026-05,demanda_ccaa_cisternas,Cantabria,mes,27.0,GWh,17.0,boletin,7,2026-08-06
2026-05,demanda_ccaa_cisternas,Castilla y León,mes,38.0,GWh,-19.8,boletin,7,2026-08-06
2026-05,demanda_ccaa_cisternas,Castilla-La Mancha,mes,39.0,GWh,-9.6,boletin,7,2026-08-06
2026-05,demanda_ccaa_cisternas,Cataluña,mes,72.0,GWh,-22.7,boletin,7,2026-08-06
2026-05,demanda_ccaa_cisternas,Comunidad Valenciana,mes,55.0,GWh,-42.2,boletin,7,2026-08-06
2026-05,demanda_ccaa_cisternas,Extremadura,mes,15.0,GWh,-43.1,boletin,7,2026-08-06
2026-05,demanda_ccaa_cisternas,Galicia,mes,47.0,GWh,-11.8,boletin,7,2026-08-06
2026-05,demanda_ccaa_cisternas,La Rioja,mes,6.0,GWh,-35.4,boletin,7,2026-08-06
2026-05,demanda_ccaa_cisternas,Madrid,mes,346.0,GWh,33.3,boletin,7,2026-08-06
2026-05,demanda_ccaa_cisternas,Murcia,mes,58.0,GWh,23.3,boletin,7,2026-08-06
2026-05,demanda_ccaa_cisternas,Navarra,mes,11.0,GWh,10.1,boletin,7,2026-08-06
2026-05,demanda_ccaa_cisternas,País Vasco,mes,44.0,GWh,15.7,boletin,7,2026-08-06
2026-05,demanda_ccaa_convencional,Andalucía,mes,2183.0,GWh,0.0,boletin,7,2026-08-06
2026-05,demanda_ccaa_convencional,Aragón,mes,859.0,GWh,-0.9,boletin,7,2026-08-06
2026-05,demanda_ccaa_convencional,Asturias,mes,441.0,GWh,-6.3,boletin,7,2026-08-06
2026-05,demanda_ccaa_convencional,Baleares,mes,101.0,GWh,-0.1,boletin,7,2026-08-06
2026-05,demanda_ccaa_convencional,Cantabria,mes,183.0,GWh,-3.2,boletin,7,2026-08-06
2026-05,demanda_ccaa_convencional,Castilla y León,mes,1218.0,GWh,3.9,boletin,7,2026-08-06
2026-05,demanda_ccaa_convencional,Castilla-La Mancha,mes,891.0,GWh,1.5,boletin,7,2026-08-06
2026-05,demanda_ccaa_convencional,Cataluña,mes,2893.0,GWh,-4.3,boletin,7,2026-08-06
2026-05,demanda_ccaa_convencional,Comunidad Valenciana,mes,2068.0,GWh,-2.7,boletin,7,2026-08-06
2026-05,demanda_ccaa_convencional,Extremadura,mes,152.0,GWh,6.5,boletin,7,2026-08-06
2026-05,demanda_ccaa_convencional,Galicia,mes,842.0,GWh,6.7,boletin,7,2026-08-06
2026-05,demanda_ccaa_convencional,La Rioja,mes,153.0,GWh,-0.3,boletin,7,2026-08-06
2026-05,demanda_ccaa_convencional,Madrid,mes,1161.0,GWh,-8.2,boletin,7,2026-08-06
2026-05,demanda_ccaa_convencional,Murcia,mes,1046.0,GWh,-2.4,boletin,7,2026-08-06
2026-05,demanda_ccaa_convencional,Navarra,mes,395.0,GWh,-3.7,boletin,7,2026-08-06
2026-05,demanda_ccaa_convencional,País Vasco,mes,1374.0,GWh,0.5,boletin,7,2026-08-06
2026-05,demanda_ccaa_sector_electrico,Andalucía,mes,1959.0,GWh,6.3,boletin,7,2026-08-06
2026-05,demanda_ccaa_sector_electrico,Aragón,mes,340.0,GWh,0.2,boletin,7,2026-08-06
2026-05,demanda_ccaa_sector_electrico,Asturias,mes,730.0,GWh,98.9,boletin,7,2026-08-06
2026-05,demanda_ccaa_sector_electrico,Baleares,mes,694.0,GWh,0.2,boletin,7,2026-08-06
2026-05,demanda_ccaa_sector_electrico,Cantabria,mes,0.0,GWh,,boletin,7,2026-08-06
2026-05,demanda_ccaa_sector_electrico,Castilla y León,mes,0.0,GWh,,boletin,7,2026-08-06
2026-05,demanda_ccaa_sector_electrico,Castilla-La Mancha,mes,282.0,GWh,-47.8,boletin,7,2026-08-06
2026-05,demanda_ccaa_sector_electrico,Cataluña,mes,965.0,GWh,-14.5,boletin,7,2026-08-06
2026-05,demanda_ccaa_sector_electrico,Comunidad Valenciana,mes,673.0,GWh,68.6,boletin,7,2026-08-06
2026-05,demanda_ccaa_sector_electrico,Extremadura,mes,0.0,GWh,,boletin,7,2026-08-06
2026-05,demanda_ccaa_sector_electrico,Galicia,mes,416.0,GWh,18.7,boletin,7,2026-08-06
2026-05,demanda_ccaa_sector_electrico,La Rioja,mes,46.0,GWh,-45.4,boletin,7,2026-08-06
2026-05,demanda_ccaa_sector_electrico,Madrid,mes,0.0,GWh,,boletin,7,2026-08-06
2026-05,demanda_ccaa_sector_electrico,Murcia,mes,616.0,GWh,-24.3,boletin,7,2026-08-06
2026-05,demanda_ccaa_sector_electrico,Navarra,mes,48.0,GWh,-78.0,boletin,7,2026-08-06
2026-05,demanda_ccaa_sector_electrico,País Vasco,mes,462.0,GWh,13.9,boletin,7,2026-08-06
2026-05,demanda_cisternas,,acumulado_anual,5200.0,GWh,0.4,progreso,3,2026-08-06
2026-05,demanda_cisternas,,mes,1000.0,GWh,-5.5,progreso,3,2026-08-06
2026-05,demanda_cisternas,,tam,12500.0,GWh,0.2,progreso,3,2026-08-06
2026-05,demanda_convencional,,acumulado_anual,102551.0,GWh,-3.1,boletin,3,2026-08-06
2026-05,demanda_convencional,,mes,16964.0,GWh,-1.7,boletin,3,2026-08-06
2026-05,demanda_convencional,,tam,228518.0,GWh,-1.4,boletin,3,2026-08-06
2026-05,demanda_convencional_corregida,,acumulado_anual,-2.2,%,,boletin,5,2026-08-06
2026-05,demanda_convencional_corregida,,mes,-0.9,%,,boletin,5,2026-08-06
2026-05,demanda_convencional_corregida,,tam,-1.0,%,,boletin,5,2026-08-06
2026-05,demanda_dc_pymes,,acumulado_anual,28600.0,GWh,-3.2,progreso,3,2026-08-06
2026-05,demanda_dc_pymes,,mes,2200.0,GWh,-6.3,progreso,3,2026-08-06
2026-05,demanda_dc_pymes,,tam,50700.0,GWh,-1.9,progreso,3,2026-08-06
2026-05,demanda_industrial,,acumulado_anual,68700.0,GWh,-3.3,progreso,3,2026-08-06
2026-05,demanda_industrial,,mes,13800.0,GWh,-0.7,progreso,3,2026-08-06
2026-05,demanda_industrial,,tam,165400.0,GWh,-1.4,progreso,3,2026-08-06
2026-05,demanda_internacional,,acumulado_anual,19983.0,GWh,-3.0,boletin,3,2026-08-06
2026-05,demanda_internacional,,mes,4132.0,GWh,11.4,boletin,3,2026-08-06
2026-05,demanda_internacional,,tam,39874.0,GWh,-1.5,boletin,3,2026-08-06
2026-05,demanda_nacional,,acumulado_anual,139780.0,GWh,1.7,boletin,3,2026-08-06
2026-05,demanda_nacional,,mes,24196.0,GWh,-1.0,boletin,3,2026-08-06
2026-05,demanda_nacional,,tam,333863.0,GWh,0.7,boletin,3,2026-08-06
2026-05,demanda_sector_electrico,,acumulado_anual,37229.0,GWh,17.9,boletin,3,2026-08-06
2026-05,demanda_sector_electrico,,mes,7232.0,GWh,0.7,boletin,3,2026-08-06
2026-05,demanda_sector_electrico,,tam,105345.0,GWh,5.7,boletin,3,2026-08-06
2026-05,destino_cargas_pct,Bunkering,acumulado_anual,48.4,%,,boletin,18,2026-08-06
2026-05,destino_cargas_pct,Bunkering,mes,61.5,%,,boletin,18,2026-08-06
2026-05,destino_cargas_pct,EU,acumulado_anual,23.7,%,,boletin,18,2026-08-06
2026-05,destino_cargas_pct,EU,mes,28.6,%,,boletin,18,2026-08-06
2026-05,destino_cargas_pct,non EU,acumulado_anual,27.9,%,,boletin,18,2026-08-06
2026-05,destino_cargas_pct,non EU,mes,9.9,%,,boletin,18,2026-08-06
2026-05,generacion_electrica,Carbón,mes,100.0,GWh,-45.4,boletin,6,2026-08-06
2026-05,generacion_electrica,Cogeneración,mes,1100.0,GWh,-2.0,boletin,6,2026-08-06
2026-05,generacion_electrica,Eólica,mes,3100.0,GWh,-7.7,boletin,6,2026-08-06
2026-05,generacion_electrica,Gas natural,mes,2700.0,GWh,0.2,boletin,6,2026-08-06
2026-05,generacion_electrica,Hidráulica,mes,3300.0,GWh,-21.4,boletin,6,2026-08-06
2026-05,generacion_electrica,Nuclear,mes,3800.0,GWh,22.6,boletin,6,2026-08-06
2026-05,generacion_electrica,Resto renovables,mes,400.0,GWh,8.0,boletin,6,2026-08-06
2026-05,generacion_electrica,Solar,mes,6700.0,GWh,27.1,boletin,6,2026-08-06
2026-05,pct_total_gn,,mes,37.5,%,,boletin,9,2026-08-06
2026-05,pct_total_gnl,,mes,62.5,%,,boletin,9,2026-08-06
2026-05,planta_carga_cisternas,BARCELONA,mes,203.0,GWh,-3.7,boletin,17,2026-08-06
2026-05,planta_carga_cisternas,BILBAO,mes,115.0,GWh,4.5,boletin,17,2026-08-06
2026-05,planta_carga_cisternas,CARTAGENA,mes,183.0,GWh,10.3,boletin,17,2026-08-06
2026-05,planta_carga_cisternas,HUELVA,mes,139.0,GWh,-19.1,boletin,17,2026-08-06
2026-05,planta_carga_cisternas,MUGARDOS,mes,76.0,GWh,2.9,boletin,17,2026-08-06
2026-05,planta_carga_cisternas,MUSEL,mes,68.0,GWh,-2.4,boletin,17,2026-08-06
2026-05,planta_carga_cisternas,SAGUNTO,mes,172.0,GWh,-15.0,boletin,17,2026-08-06
2026-05,planta_cargas_buques,BARCELONA,mes,434.0,GWh,-11.5,boletin,17,2026-08-06
2026-05,planta_cargas_buques,BILBAO,mes,0.0,GWh,,boletin,17,2026-08-06
2026-05,planta_cargas_buques,CARTAGENA,mes,49.0,GWh,,boletin,17,2026-08-06
2026-05,planta_cargas_buques,HUELVA,mes,543.0,GWh,14.9,boletin,17,2026-08-06
2026-05,planta_cargas_buques,MUGARDOS,mes,151.0,GWh,,boletin,17,2026-08-06
2026-05,planta_cargas_buques,MUSEL,mes,0.0,GWh,,boletin,17,2026-08-06
2026-05,planta_cargas_buques,SAGUNTO,mes,0.0,GWh,-100.0,boletin,17,2026-08-06
2026-05,planta_descargas_buques,BARCELONA,mes,2493.0,GWh,-38.0,boletin,17,2026-08-06
2026-05,planta_descargas_buques,BILBAO,mes,5472.0,GWh,70.8,boletin,17,2026-08-06
2026-05,planta_descargas_buques,CARTAGENA,mes,2586.0,GWh,16.3,boletin,17,2026-08-06
2026-05,planta_descargas_buques,HUELVA,mes,1560.0,GWh,-68.4,boletin,17,2026-08-06
2026-05,planta_descargas_buques,MUGARDOS,mes,2198.0,GWh,-27.9,boletin,17,2026-08-06
2026-05,planta_descargas_buques,MUSEL,mes,0.0,GWh,,boletin,17,2026-08-06
2026-05,planta_descargas_buques,SAGUNTO,mes,4224.0,GWh,37.5,boletin,17,2026-08-06
2026-05,planta_n_buques_descargados,BARCELONA,mes,3.0,nº,-40.0,boletin,17,2026-08-06
2026-05,planta_n_buques_descargados,BILBAO,mes,5.0,nº,66.7,boletin,17,2026-08-06
2026-05,planta_n_buques_descargados,CARTAGENA,mes,3.0,nº,50.0,boletin,17,2026-08-06
2026-05,planta_n_buques_descargados,HUELVA,mes,2.0,nº,-60.0,boletin,17,2026-08-06
2026-05,planta_n_buques_descargados,MUGARDOS,mes,2.0,nº,-33.3,boletin,17,2026-08-06
2026-05,planta_n_buques_descargados,MUSEL,mes,0.0,nº,,boletin,17,2026-08-06
2026-05,planta_n_buques_descargados,SAGUNTO,mes,4.0,nº,33.3,boletin,17,2026-08-06
2026-05,salidas_conexiones_internacionales,,acumulado_anual,13743.0,GWh,-17.8,boletin,3,2026-08-06
2026-05,salidas_conexiones_internacionales,,mes,2964.0,GWh,19.3,boletin,3,2026-08-06
2026-05,salidas_conexiones_internacionales,,tam,25751.0,GWh,-10.4,boletin,3,2026-08-06
2026-05,total_salidas,,acumulado_anual,159763.0,GWh,1.1,boletin,3,2026-08-06
2026-05,total_salidas,,mes,28328.0,GWh,0.6,boletin,3,2026-08-06
2026-05,total_salidas,,tam,373737.0,GWh,0.5,boletin,3,2026-08-06
2026-05,tvb_capacidad_regasificacion_contratada,,mes,18120.0,GWh/mes,,boletin,15,2026-08-06
2026-05,tvb_capacidad_regasificacion_disponible,,mes,42175.0,GWh/mes,,boletin,15,2026-08-06
2026-05,tvb_capacidad_regasificacion_total,,mes,60295.0,GWh/mes,,boletin,15,2026-08-06
2026-05,tvb_regasificacion_comercial,,mes,15743.0,GWh,,boletin,15,2026-08-06
2026-06,aprovisionamiento_gn,Argelia,acumulado_anual,59635.0,GWh,33.9,boletin,9,2026-08-06
2026-06,aprovisionamiento_gn,Argelia,mes,9978.0,GWh,40.5,boletin,9,2026-08-06
2026-06,aprovisionamiento_gn,Argelia,tam,114149.0,GWh,35.2,boletin,9,2026-08-06
2026-06,aprovisionamiento_gn,Francia,acumulado_anual,3659.0,GWh,1.9,boletin,9,2026-08-06
2026-06,aprovisionamiento_gn,Francia,mes,518.0,GWh,2.0,boletin,9,2026-08-06
2026-06,aprovisionamiento_gn,Francia,tam,11422.0,GWh,3.1,boletin,9,2026-08-06
2026-06,aprovisionamiento_gn,Portugal,acumulado_anual,5112.0,GWh,2.7,boletin,9,2026-08-06
2026-06,aprovisionamiento_gn,Portugal,mes,2216.0,GWh,8.5,boletin,9,2026-08-06
2026-06,aprovisionamiento_gn,Portugal,tam,7641.0,GWh,2.1,boletin,9,2026-08-06
2026-06,aprovisionamiento_gnl,Angola,acumulado_anual,3071.0,GWh,1.6,boletin,9,2026-08-06
2026-06,aprovisionamiento_gnl,Angola,mes,,GWh,,boletin,9,2026-08-06
2026-06,aprovisionamiento_gnl,Angola,tam,14453.0,GWh,3.9,boletin,9,2026-08-06
2026-06,aprovisionamiento_gnl,Argelia,acumulado_anual,4595.0,GWh,,boletin,9,2026-08-06
2026-06,aprovisionamiento_gnl,Argelia,mes,482.0,GWh,,boletin,9,2026-08-06
2026-06,aprovisionamiento_gnl,Argelia,tam,17017.0,GWh,,boletin,9,2026-08-06
2026-06,aprovisionamiento_gnl,Camerún,acumulado_anual,75.0,GWh,0.0,boletin,9,2026-08-06
2026-06,aprovisionamiento_gnl,Camerún,mes,,GWh,,boletin,9,2026-08-06
2026-06,aprovisionamiento_gnl,Camerún,tam,75.0,GWh,0.0,boletin,9,2026-08-06
2026-06,aprovisionamiento_gnl,Congo,acumulado_anual,1927.0,GWh,1.0,boletin,9,2026-08-06
2026-06,aprovisionamiento_gnl,Congo,mes,,GWh,,boletin,9,2026-08-06
2026-06,aprovisionamiento_gnl,Congo,tam,2612.0,GWh,0.7,boletin,9,2026-08-06
2026-06,aprovisionamiento_gnl,Egipto,acumulado_anual,,GWh,,boletin,9,2026-08-06
2026-06,aprovisionamiento_gnl,Egipto,mes,,GWh,,boletin,9,2026-08-06
2026-06,aprovisionamiento_gnl,Egipto,tam,1034.0,GWh,0.3,boletin,9,2026-08-06
2026-06,aprovisionamiento_gnl,Estados Unidos,acumulado_anual,55790.0,GWh,29.4,boletin,9,2026-08-06
2026-06,aprovisionamiento_gnl,Estados Unidos,mes,3127.0,GWh,12.0,boletin,9,2026-08-06
2026-06,aprovisionamiento_gnl,Estados Unidos,tam,108201.0,GWh,29.1,boletin,9,2026-08-06
2026-06,aprovisionamiento_gnl,Guinea Ecuatorial,acumulado_anual,129.0,GWh,0.1,boletin,9,2026-08-06
2026-06,aprovisionamiento_gnl,Guinea Ecuatorial,mes,,GWh,,boletin,9,2026-08-06
2026-06,aprovisionamiento_gnl,Guinea Ecuatorial,tam,2344.0,GWh,0.6,boletin,9,2026-08-06
2026-06,aprovisionamiento_gnl,Mauritania,acumulado_anual,1885.0,GWh,1.0,boletin,9,2026-08-06
2026-06,aprovisionamiento_gnl,Mauritania,mes,,GWh,,boletin,9,2026-08-06
2026-06,aprovisionamiento_gnl,Mauritania,tam,1885.0,GWh,0.5,boletin,9,2026-08-06
2026-06,aprovisionamiento_gnl,Mexico,acumulado_anual,999.0,GWh,0.5,boletin,9,2026-08-06
2026-06,aprovisionamiento_gnl,Mexico,mes,,GWh,,boletin,9,2026-08-06
2026-06,aprovisionamiento_gnl,Mexico,tam,999.0,GWh,0.3,boletin,9,2026-08-06
2026-06,aprovisionamiento_gnl,Nigeria,acumulado_anual,13793.0,GWh,7.3,boletin,9,2026-08-06
2026-06,aprovisionamiento_gnl,Nigeria,mes,3024.0,GWh,11.7,boletin,9,2026-08-06
2026-06,aprovisionamiento_gnl,Nigeria,tam,26667.0,GWh,7.2,boletin,9,2026-08-06
2026-06,aprovisionamiento_gnl,Noruega,acumulado_anual,,GWh,,boletin,9,2026-08-06
2026-06,aprovisionamiento_gnl,Noruega,mes,,GWh,,boletin,9,2026-08-06
2026-06,aprovisionamiento_gnl,Noruega,tam,873.0,GWh,0.2,boletin,9,2026-08-06
2026-06,aprovisionamiento_gnl,Perú,acumulado_anual,1065.0,GWh,0.6,boletin,9,2026-08-06
2026-06,aprovisionamiento_gnl,Perú,mes,1065.0,GWh,4.1,boletin,9,2026-08-06
2026-06,aprovisionamiento_gnl,Perú,tam,3266.0,GWh,0.9,boletin,9,2026-08-06
2026-06,aprovisionamiento_gnl,Qatar,acumulado_anual,,GWh,,boletin,9,2026-08-06
2026-06,aprovisionamiento_gnl,Qatar,mes,,GWh,,boletin,9,2026-08-06
2026-06,aprovisionamiento_gnl,Qatar,tam,2321.0,GWh,0.6,boletin,9,2026-08-06
2026-06,aprovisionamiento_gnl,Rusia,acumulado_anual,37356.0,GWh,19.7,boletin,9,2026-08-06
2026-06,aprovisionamiento_gnl,Rusia,mes,5473.0,GWh,21.1,boletin,9,2026-08-06
2026-06,aprovisionamiento_gnl,Rusia,tam,53777.0,GWh,14.4,boletin,9,2026-08-06
2026-06,aprovisionamiento_gnl,Trinidad y Tobago,acumulado_anual,,GWh,,boletin,9,2026-08-06
2026-06,aprovisionamiento_gnl,Trinidad y Tobago,mes,,GWh,,boletin,9,2026-08-06
2026-06,aprovisionamiento_gnl,Trinidad y Tobago,tam,2673.0,GWh,0.7,boletin,9,2026-08-06
2026-06,biometano_distribucion,,acumulado_anual,172.9,GWh,,boletin,13,2026-08-06
2026-06,biometano_distribucion,,mes,31.6,GWh,53.5,boletin,13,2026-08-06
2026-06,biometano_distribucion,,tam,316.8,GWh,32.9,boletin,13,2026-08-06
2026-06,biometano_transporte,,acumulado_anual,105.8,GWh,6.5,boletin,13,2026-08-06
2026-06,biometano_transporte,,mes,15.8,GWh,-10.8,boletin,13,2026-08-06
2026-06,biometano_transporte,,tam,196.2,GWh,3.4,boletin,13,2026-08-06
2026-06,cargas_buques,,acumulado_anual,7268.0,GWh,46.4,boletin,3,2026-08-06
2026-06,cargas_buques,,mes,1019.0,GWh,-6.7,boletin,3,2026-08-06
2026-06,cargas_buques,,tam,14060.0,GWh,19.6,boletin,3,2026-08-06
2026-06,conexion_internacional_saldo,Almería,acumulado_anual,59635.0,GWh,13.2,boletin,11,2026-08-06
2026-06,conexion_internacional_saldo,Almería,mes,9978.0,GWh,26.5,boletin,11,2026-08-06
2026-06,conexion_internacional_saldo,Almería,tam,114149.0,GWh,6.5,boletin,11,2026-08-06
2026-06,conexion_internacional_saldo,Tarifa,acumulado_anual,-3958.0,GWh,-16.6,boletin,11,2026-08-06
2026-06,conexion_internacional_saldo,Tarifa,mes,-858.0,GWh,0.0,boletin,11,2026-08-06
2026-06,conexion_internacional_saldo,Tarifa,tam,-9586.0,GWh,-7.6,boletin,11,2026-08-06
2026-06,conexion_internacional_saldo,VIP Ibérico,acumulado_anual,2456.0,GWh,60.3,boletin,11,2026-08-06
2026-06,conexion_internacional_saldo,VIP Ibérico,mes,2124.0,GWh,,boletin,11,2026-08-06
2026-06,conexion_internacional_saldo,VIP Ibérico,tam,2779.0,GWh,49.8,boletin,11,2026-08-06
2026-06,conexion_internacional_saldo,VIP Pirineos,acumulado_anual,-4841.0,GWh,-43.5,boletin,11,2026-08-06
2026-06,conexion_internacional_saldo,VIP Pirineos,mes,97.0,GWh,-74.2,boletin,11,2026-08-06
2026-06,conexion_internacional_saldo,VIP Pirineos,tam,7.0,GWh,,boletin,11,2026-08-06
2026-06,correccion_laboralidad,,acumulado_anual,0.4,%,,boletin,5,2026-08-06
2026-06,correccion_laboralidad,,mes,2.9,%,,boletin,5,2026-08-06
2026-06,correccion_laboralidad,,tam,0.2,%,,boletin,5,2026-08-06
2026-06,correccion_temperatura,,acumulado_anual,-0.8,%,,boletin,5,2026-08-06
2026-06,correccion_temperatura,,mes,0.0,%,,boletin,5,2026-08-06
2026-06,correccion_temperatura,,tam,-0.4,%,,boletin,5,2026-08-06
2026-06,delta_temperatura,,mes,-0.09,ºC,,boletin,5,2026-08-06
2026-06,demanda_ccaa_cisternas,Andalucía,mes,113.0,GWh,-4.9,boletin,7,2026-08-06
2026-06,demanda_ccaa_cisternas,Aragón,mes,33.0,GWh,-17.5,boletin,7,2026-08-06
2026-06,demanda_ccaa_cisternas,Asturias,mes,4.0,GWh,-86.0,boletin,7,2026-08-06
2026-06,demanda_ccaa_cisternas,Baleares,mes,9.0,GWh,4.9,boletin,7,2026-08-06
2026-06,demanda_ccaa_cisternas,Cantabria,mes,25.0,GWh,18.0,boletin,7,2026-08-06
2026-06,demanda_ccaa_cisternas,Castilla y León,mes,30.0,GWh,-30.4,boletin,7,2026-08-06
2026-06,demanda_ccaa_cisternas,Castilla-La Mancha,mes,36.0,GWh,-10.9,boletin,7,2026-08-06
2026-06,demanda_ccaa_cisternas,Cataluña,mes,62.0,GWh,-8.2,boletin,7,2026-08-06
2026-06,demanda_ccaa_cisternas,Comunidad Valenciana,mes,36.0,GWh,-25.5,boletin,7,2026-08-06
2026-06,demanda_ccaa_cisternas,Extremadura,mes,14.0,GWh,-32.3,boletin,7,2026-08-06
2026-06,demanda_ccaa_cisternas,Galicia,mes,47.0,GWh,-13.5,boletin,7,2026-08-06
2026-06,demanda_ccaa_cisternas,La Rioja,mes,4.0,GWh,-54.2,boletin,7,2026-08-06
2026-06,demanda_ccaa_cisternas,Madrid,mes,414.0,GWh,28.4,boletin,7,2026-08-06
2026-06,demanda_ccaa_cisternas,Murcia,mes,44.0,GWh,0.8,boletin,7,2026-08-06
2026-06,demanda_ccaa_cisternas,Navarra,mes,10.0,GWh,5.5,boletin,7,2026-08-06
2026-06,demanda_ccaa_cisternas,País Vasco,mes,49.0,GWh,26.1,boletin,7,2026-08-06
2026-06,demanda_ccaa_convencional,Andalucía,mes,2186.0,GWh,8.0,boletin,7,2026-08-06
2026-06,demanda_ccaa_convencional,Aragón,mes,750.0,GWh,-14.3,boletin,7,2026-08-06
2026-06,demanda_ccaa_convencional,Asturias,mes,398.0,GWh,-3.5,boletin,7,2026-08-06
2026-06,demanda_ccaa_convencional,Baleares,mes,97.0,GWh,-13.1,boletin,7,2026-08-06
2026-06,demanda_ccaa_convencional,Cantabria,mes,194.0,GWh,1.2,boletin,7,2026-08-06
2026-06,demanda_ccaa_convencional,Castilla y León,mes,1058.0,GWh,-0.4,boletin,7,2026-08-06
2026-06,demanda_ccaa_convencional,Castilla-La Mancha,mes,772.0,GWh,3.4,boletin,7,2026-08-06
2026-06,demanda_ccaa_convencional,Cataluña,mes,2450.0,GWh,-11.3,boletin,7,2026-08-06
2026-06,demanda_ccaa_convencional,Comunidad Valenciana,mes,1946.0,GWh,-3.3,boletin,7,2026-08-06
2026-06,demanda_ccaa_convencional,Extremadura,mes,140.0,GWh,8.3,boletin,7,2026-08-06
2026-06,demanda_ccaa_convencional,Galicia,mes,710.0,GWh,7.0,boletin,7,2026-08-06
2026-06,demanda_ccaa_convencional,La Rioja,mes,129.0,GWh,3.8,boletin,7,2026-08-06
2026-06,demanda_ccaa_convencional,Madrid,mes,863.0,GWh,-2.0,boletin,7,2026-08-06
2026-06,demanda_ccaa_convencional,Murcia,mes,1017.0,GWh,-2.6,boletin,7,2026-08-06
2026-06,demanda_ccaa_convencional,Navarra,mes,318.0,GWh,-16.8,boletin,7,2026-08-06
2026-06,demanda_ccaa_convencional,País Vasco,mes,1292.0,GWh,-2.1,boletin,7,2026-08-06
2026-06,demanda_ccaa_sector_electrico,Andalucía,mes,2030.0,GWh,-24.0,boletin,7,2026-08-06
2026-06,demanda_ccaa_sector_electrico,Aragón,mes,408.0,GWh,-12.6,boletin,7,2026-08-06
2026-06,demanda_ccaa_sector_electrico,Asturias,mes,625.0,GWh,3.7,boletin,7,2026-08-06
2026-06,demanda_ccaa_sector_electrico,Baleares,mes,826.0,GWh,0.0,boletin,7,2026-08-06
2026-06,demanda_ccaa_sector_electrico,Castilla-La Mancha,mes,265.0,GWh,-39.5,boletin,7,2026-08-06
2026-06,demanda_ccaa_sector_electrico,Cataluña,mes,1575.0,GWh,16.3,boletin,7,2026-08-06
2026-06,demanda_ccaa_sector_electrico,Comunidad Valenciana,mes,726.0,GWh,4.4,boletin,7,2026-08-06
2026-06,demanda_ccaa_sector_electrico,Galicia,mes,468.0,GWh,-18.7,boletin,7,2026-08-06
2026-06,demanda_ccaa_sector_electrico,La Rioja,mes,172.0,GWh,-5.9,boletin,7,2026-08-06
2026-06,demanda_ccaa_sector_electrico,Murcia,mes,783.0,GWh,-23.2,boletin,7,2026-08-06
2026-06,demanda_ccaa_sector_electrico,Navarra,mes,123.0,GWh,-73.7,boletin,7,2026-08-06
2026-06,demanda_ccaa_sector_electrico,País Vasco,mes,572.0,GWh,5.9,boletin,7,2026-08-06
2026-06,demanda_cisternas,,acumulado_anual,6200.0,GWh,0.4,progreso,3,2026-08-06
2026-06,demanda_cisternas,,mes,900.0,GWh,0.9,progreso,3,2026-08-06
2026-06,demanda_cisternas,,tam,12500.0,GWh,0.2,progreso,3,2026-08-06
2026-06,demanda_convencional,,acumulado_anual,117818.0,GWh,-3.1,boletin,3,2026-08-06
2026-06,demanda_convencional,,mes,15267.0,GWh,-2.8,boletin,3,2026-08-06
2026-06,demanda_convencional,,tam,228076.0,GWh,-1.6,boletin,3,2026-08-06
2026-06,demanda_convencional_corregida,,acumulado_anual,-2.6,%,,boletin,5,2026-08-06
2026-06,demanda_convencional_corregida,,mes,-5.7,%,,boletin,5,2026-08-06
2026-06,demanda_convencional_corregida,,tam,-1.4,%,,boletin,5,2026-08-06
2026-06,demanda_dc_pymes,,acumulado_anual,29900.0,GWh,-3.2,progreso,3,2026-08-06
2026-06,demanda_dc_pymes,,mes,1300.0,GWh,-2.9,progreso,3,2026-08-06
2026-06,demanda_dc_pymes,,tam,50600.0,GWh,-1.9,progreso,3,2026-08-06
2026-06,demanda_industrial,,acumulado_anual,81700.0,GWh,-3.2,progreso,3,2026-08-06
2026-06,demanda_industrial,,mes,13000.0,GWh,-3.1,progreso,3,2026-08-06
2026-06,demanda_industrial,,tam,165000.0,GWh,-1.6,progreso,3,2026-08-06
2026-06,demanda_internacional,,acumulado_anual,22382.0,GWh,-2.5,boletin,3,2026-08-06
2026-06,demanda_internacional,,mes,2391.0,GWh,1.7,boletin,3,2026-08-06
2026-06,demanda_internacional,,tam,39923.0,GWh,-1.4,boletin,3,2026-08-06
2026-06,demanda_nacional,,acumulado_anual,163620.0,GWh,0.4,boletin,3,2026-08-06
2026-06,demanda_nacional,,mes,23840.0,GWh,-6.7,boletin,3,2026-08-06
2026-06,demanda_nacional,,tam,332154.0,GWh,0.2,boletin,3,2026-08-06
2026-06,demanda_sector_electrico,,acumulado_anual,45802.0,GWh,10.6,boletin,3,2026-08-06
2026-06,demanda_sector_electrico,,mes,8573.0,GWh,-12.9,boletin,3,2026-08-06
2026-06,demanda_sector_electrico,,tam,104078.0,GWh,4.4,boletin,3,2026-08-06
2026-06,destino_cargas_pct,Bunkering,acumulado_anual,46.7,%,,boletin,18,2026-08-06
2026-06,destino_cargas_pct,Bunkering,mes,36.2,%,,boletin,18,2026-08-06
2026-06,destino_cargas_pct,EU,acumulado_anual,27.8,%,,boletin,18,2026-08-06
2026-06,destino_cargas_pct,EU,mes,53.2,%,,boletin,18,2026-08-06
2026-06,destino_cargas_pct,non EU,acumulado_anual,25.5,%,,boletin,18,2026-08-06
2026-06,destino_cargas_pct,non EU,mes,10.6,%,,boletin,18,2026-08-06
2026-06,generacion_electrica,Carbón,acumulado_anual,0.0,GWh,,boletin,6,2026-08-06
2026-06,generacion_electrica,Cogeneración,acumulado_anual,1100.0,GWh,-17.9,boletin,6,2026-08-06
2026-06,generacion_electrica,Demanda eléctrica,acumulado_anual,20600.0,GWh,0.6,boletin,6,2026-08-06
2026-06,generacion_electrica,Eólica,acumulado_anual,3600.0,GWh,18.4,boletin,6,2026-08-06
2026-06,generacion_electrica,Gas natural,acumulado_anual,3400.0,GWh,-14.7,boletin,6,2026-08-06
2026-06,generacion_electrica,Hidráulica,acumulado_anual,2700.0,GWh,-5.6,boletin,6,2026-08-06
2026-06,generacion_electrica,Nuclear,acumulado_anual,4400.0,GWh,8.6,boletin,6,2026-08-06
2026-06,generacion_electrica,Resto renovables,acumulado_anual,500.0,GWh,16.6,boletin,6,2026-08-06
2026-06,generacion_electrica,Solar,acumulado_anual,7600.0,GWh,18.4,boletin,6,2026-08-06
2026-06,pct_total_gn,,mes,50.7,%,,boletin,9,2026-08-06
2026-06,pct_total_gnl,,mes,49.3,%,,boletin,9,2026-08-06
2026-06,planta_carga_cisternas,BARCELONA,mes,207.0,GWh,5.1,boletin,17,2026-08-06
2026-06,planta_carga_cisternas,BILBAO,mes,113.0,GWh,12.4,boletin,17,2026-08-06
2026-06,planta_carga_cisternas,CARTAGENA,mes,171.0,GWh,6.2,boletin,17,2026-08-06
2026-06,planta_carga_cisternas,HUELVA,mes,140.0,GWh,-7.9,boletin,17,2026-08-06
2026-06,planta_carga_cisternas,MUGARDOS,mes,79.0,GWh,8.1,boletin,17,2026-08-06
2026-06,planta_carga_cisternas,MUSEL,mes,67.0,GWh,1.2,boletin,17,2026-08-06
2026-06,planta_carga_cisternas,SAGUNTO,mes,169.0,GWh,-8.0,boletin,17,2026-08-06
2026-06,planta_cargas_buques,BARCELONA,mes,167.0,GWh,-31.4,boletin,17,2026-08-06
2026-06,planta_cargas_buques,BILBAO,mes,0.0,GWh,,boletin,17,2026-08-06
2026-06,planta_cargas_buques,CARTAGENA,mes,397.0,GWh,,boletin,17,2026-08-06
2026-06,planta_cargas_buques,HUELVA,mes,455.0,GWh,71.9,boletin,17,2026-08-06
2026-06,planta_cargas_buques,MUGARDOS,mes,0.0,GWh,-100.0,boletin,17,2026-08-06
2026-06,planta_cargas_buques,MUSEL,mes,0.0,GWh,,boletin,17,2026-08-06
2026-06,planta_cargas_buques,SAGUNTO,mes,0.0,GWh,-100.0,boletin,17,2026-08-06
2026-06,planta_descargas_buques,BARCELONA,mes,1559.0,GWh,-60.5,boletin,17,2026-08-06
2026-06,planta_descargas_buques,BILBAO,mes,3299.0,GWh,,boletin,17,2026-08-06
2026-06,planta_descargas_buques,CARTAGENA,mes,1882.0,GWh,-54.1,boletin,17,2026-08-06
2026-06,planta_descargas_buques,HUELVA,mes,2173.0,GWh,-3.0,boletin,17,2026-08-06
2026-06,planta_descargas_buques,MUGARDOS,mes,2132.0,GWh,-1.8,boletin,17,2026-08-06
2026-06,planta_descargas_buques,MUSEL,mes,0.0,GWh,,boletin,17,2026-08-06
2026-06,planta_descargas_buques,SAGUNTO,mes,1065.0,GWh,-76.6,boletin,17,2026-08-06
2026-06,planta_n_buques_descargados,BARCELONA,mes,2.0,nº,-50.0,boletin,17,2026-08-06
2026-06,planta_n_buques_descargados,BILBAO,mes,3.0,nº,50.0,boletin,17,2026-08-06
2026-06,planta_n_buques_descargados,CARTAGENA,mes,2.0,nº,-50.0,boletin,17,2026-08-06
2026-06,planta_n_buques_descargados,HUELVA,mes,2.0,nº,0.0,boletin,17,2026-08-06
2026-06,planta_n_buques_descargados,MUGARDOS,mes,2.0,nº,0.0,boletin,17,2026-08-06
2026-06,planta_n_buques_descargados,MUSEL,mes,0.0,nº,,boletin,17,2026-08-06
2026-06,planta_n_buques_descargados,SAGUNTO,mes,1.0,nº,-80.0,boletin,17,2026-08-06
2026-06,salidas_conexiones_internacionales,,acumulado_anual,15114.0,GWh,-15.9,boletin,3,2026-08-06
2026-06,salidas_conexiones_internacionales,,mes,1372.0,GWh,9.0,boletin,3,2026-08-06
2026-06,salidas_conexiones_internacionales,,tam,25863.0,GWh,-10.0,boletin,3,2026-08-06
2026-06,total_salidas,,acumulado_anual,186002.0,GWh,0.1,boletin,3,2026-08-06
2026-06,total_salidas,,mes,26231.0,GWh,-6.0,boletin,3,2026-08-06
2026-06,total_salidas,,tam,372077.0,GWh,0.0,boletin,3,2026-08-06
2026-06,tvb_capacidad_regasificacion_contratada,,mes,14252.0,GWh/mes,,boletin,15,2026-08-06
2026-06,tvb_capacidad_regasificacion_disponible,,mes,44098.0,GWh/mes,,boletin,15,2026-08-06
2026-06,tvb_capacidad_regasificacion_total,,mes,58350.0,GWh/mes,,boletin,15,2026-08-06
2026-06,tvb_regasificacion_comercial,,mes,13505.0,GWh,,boletin,15,2026-08-06
